record_id,source,source_row,row_hash,treat,age,education,black,hispanic,married,nodegree,re74,re75,re78
NSW_TREATED_DW:00001,NSW_TREATED_DW,1,9d2d7c433df357c605b9cff4e7540c263ad4a9974b9cb40ad522daaf457fa68f,1,37,11,1,0,1,1,0,0,9930.0460000000003
NSW_TREATED_DW:00002,NSW_TREATED_DW,2,7100a9ef8b435ef65add98da7817e6f93bb653924f0602855da3ff24a3320112,1,22,9,0,1,0,1,0,0,3595.8939999999998
NSW_TREATED_DW:00003,NSW_TREATED_DW,3,a61c19f7f1e67810cb95d145dc3384bf49d09e4373b29f14509b8ae2664b4902,1,30,12,1,0,0,0,0,0,24909.450000000001
NSW_TREATED_DW:00004,NSW_TREATED_DW,4,62082757917cbe5feeb6964eb0a10dde62856985467dc1aecc75504fefefb8a7,1,27,11,1,0,0,1,0,0,7506.1459999999997
NSW_TREATED_DW:00005,NSW_TREATED_DW,5,a3ee69eea25728f41e543b0593a39739e5dcb95cf202a2323c8ac33632290bbe,1,33,8,1,0,0,1,0,0,289.78989999999999
NSW_TREATED_DW:00006,NSW_TREATED_DW,6,ccc4e32d6012c3a2c5b6394c358c9fb480cfc6b9957280ea1a6c2bafc0b69e94,1,22,9,1,0,0,1,0,0,4056.4940000000001
NSW_TREATED_DW:00007,NSW_TREATED_DW,7,bef65b03614e8919c982169560f4e61ddd48ee6a9c7bb996181505e4733b85e6,1,23,12,1,0,0,0,0,0,0
NSW_TREATED_DW:00008,NSW_TREATED_DW,8,9b0a6823421d9374fef97c62839fbc2d08ffa702bcb711a0a62884efc9ae7901,1,32,11,1,0,0,1,0,0,8472.1579999999994
NSW_TREATED_DW:00009,NSW_TREATED_DW,9,b9d2af8592af97e72fce91b1ef3474e16c8c774a5be14d22c35cc4b67816ac10,1,22,16,1,0,0,0,0,0,2164.0219999999999
NSW_TREATED_DW:00010,NSW_TREATED_DW,10,03562da8d01ec3c588cf55bc270981639a6ccc907e67a41eebceca32aa1ed42b,1,33,12,0,0,1,0,0,0,12418.07
NSW_TREATED_DW:00011,NSW_TREATED_DW,11,43e7b138cf056526fb92050fe9448894a369702b3184e477b7556278df17d81c,1,19,9,1,0,0,1,0,0,8173.9080000000004
NSW_TREATED_DW:00012,NSW_TREATED_DW,12,6c38e0fe636865fb02813f091b61285d2cacae5a518c177917dc58f347a52b37,1,21,13,1,0,0,0,0,0,17094.639999999999
NSW_TREATED_DW:00013,NSW_TREATED_DW,13,104c946bcba186082c508a23b67cabd479bd5c11b5d57102d81138df0db3de63,1,18,8,1,0,0,1,0,0,0
NSW_TREATED_DW:00014,NSW_TREATED_DW,14,46a273cf2b78613f31161987c21e1c26e204929d6aef232ee6f184215b9bd77b,1,27,10,1,0,1,1,0,0,18739.93
NSW_TREATED_DW:00015,NSW_TREATED_DW,15,e4675a241524afefc19f9902a7ba1530d4e845abe295bdb212c129f495f591f2,1,17,7,1,0,0,1,0,0,3023.8789999999999
NSW_TREATED_DW:00016,NSW_TREATED_DW,16,c95b4ed3c1a927d77e99dde8a25d2b55582b5a5ad1de632b4e4111145a402120,1,19,10,1,0,0,1,0,0,3228.5030000000002
NSW_TREATED_DW:00017,NSW_TREATED_DW,17,d55026c2cf594ed30f0ee7943d7c41586bc315231eba76fe3b4737594c8e6913,1,27,13,1,0,0,0,0,0,14581.860000000001
NSW_TREATED_DW:00018,NSW_TREATED_DW,18,277f1de782fea6568949f5a7c27688a0932a474b8682eebe488b293f8945387d,1,23,10,1,0,0,1,0,0,7693.3999999999996
NSW_TREATED_DW:00019,NSW_TREATED_DW,19,3d405634bfacb1f56deccf2fff47c0a3c868cc88318bcb3343892ff38a8693e6,1,40,12,1,0,0,0,0,0,10804.32
NSW_TREATED_DW:00020,NSW_TREATED_DW,20,debaafb09ba4aee81dfd6c6c26d82023d5e7f17b0a0bc427f755b7eb478561bc,1,26,12,1,0,0,0,0,0,10747.35
NSW_TREATED_DW:00021,NSW_TREATED_DW,21,15267d3f056dc6c4ec800a0b19a794cbec9b2fe64b70aff7e9742d11cfd97790,1,23,11,1,0,0,1,0,0,0
NSW_TREATED_DW:00022,NSW_TREATED_DW,22,c8142cd8fefd90c361746d1fcf9215f1c5badd58395c197203062cc0abcfb6a2,1,41,14,0,0,0,0,0,0,5149.5010000000002
NSW_TREATED_DW:00023,NSW_TREATED_DW,23,4a6c29c7dc62bd9d6aa7c50f85064469a74b4e341aeb0efe32cef4f7c79c3ff1,1,38,9,0,0,0,1,0,0,6408.9499999999998
NSW_TREATED_DW:00024,NSW_TREATED_DW,24,08d9949305809a6530cb8efc7f7f52cbff168fda357a5cbaa3f64110315858a0,1,24,11,1,0,0,1,0,0,1991.4000000000001
NSW_TREATED_DW:00025,NSW_TREATED_DW,25,fee5be9ab36239a3fc00217e9b576c8c0232bd90345bed5dbd8207478702e965,1,18,10,1,0,0,1,0,0,11163.17
NSW_TREATED_DW:00026,NSW_TREATED_DW,26,777239aa3e412df4bc0e10d8c1790219de03420818ecf566a6be7dd176cee57a,1,29,11,1,0,1,1,0,0,9642.9989999999998
NSW_TREATED_DW:00027,NSW_TREATED_DW,27,e4245630d8adc401d5e2cc2bbb5663f82c11fc8c237b245bde45a960cef6becb,1,25,11,1,0,0,1,0,0,9897.0490000000009
NSW_TREATED_DW:00028,NSW_TREATED_DW,28,97dd3c917265b1345bc2f8c526339079bcc4fe4b646abb0451efc13103f818f1,1,27,10,0,1,0,1,0,0,11142.870000000001
NSW_TREATED_DW:00029,NSW_TREATED_DW,29,2870eb20b8ff7a73ee653a6d514c1106f71de7a093039f68b84fb53b471f1442,1,17,10,1,0,0,1,0,0,16218.040000000001
NSW_TREATED_DW:00030,NSW_TREATED_DW,30,8cb27bcb77d6168c45d892b06b8266a3570b2c13fea1a4db3784356485a492a6,1,24,11,1,0,0,1,0,0,995.7002
NSW_TREATED_DW:00031,NSW_TREATED_DW,31,1a649d5ee18f664818e78330f1de4cd05923643816a9586275801ed8b7149cc8,1,17,10,1,0,0,1,0,0,0
NSW_TREATED_DW:00032,NSW_TREATED_DW,32,a3e27f107a5c4140eae2ce9f019a223fd1256652334058b3359ded0ddbeb6044,1,48,4,1,0,0,1,0,0,6551.5919999999996
NSW_TREATED_DW:00033,NSW_TREATED_DW,33,164d9a64001ad6ef5d1a043cb12efacdd3460322fd6a006a05a5d6dbf3a74dec,1,25,11,1,0,1,1,0,0,1574.424
NSW_TREATED_DW:00034,NSW_TREATED_DW,34,118487b7c0c2fc4abdf06de59e0a47d6921b5e240d24516010c370476d4d74b5,1,20,12,1,0,0,0,0,0,0
NSW_TREATED_DW:00035,NSW_TREATED_DW,35,04445faa5307604c056c1ce2971ea898d93836c70320bf5c22be74ae18a41b3b,1,25,12,1,0,0,0,0,0,3191.7530000000002
NSW_TREATED_DW:00036,NSW_TREATED_DW,36,369506768666d66ba45412a57e8c65572bfc26f8fd2a4be29630c63c40be1855,1,42,14,1,0,0,0,0,0,20505.93
NSW_TREATED_DW:00037,NSW_TREATED_DW,37,a4cca93d75266dd5ea3fc57e22f63041a499b338238940189e8814194f3c4bea,1,25,5,1,0,0,1,0,0,6181.8800000000001
NSW_TREATED_DW:00038,NSW_TREATED_DW,38,2744f201beced5dbac0d033398217799395bf3cf51b9df9fc8b253af44352a17,1,23,12,1,0,1,0,0,0,5911.5510000000004
NSW_TREATED_DW:00039,NSW_TREATED_DW,39,470f47343d9d8805eb6cc5b6c200084e570c7d5d30930cbae9ede11f5bc1aef5,1,46,8,1,0,1,1,0,0,3094.1559999999999
NSW_TREATED_DW:00040,NSW_TREATED_DW,40,53815cc60b50ed72b02bdd95ce391402475593e3f5ea6c7a422575c68a895003,1,24,10,1,0,0,1,0,0,0
NSW_TREATED_DW:00041,NSW_TREATED_DW,41,d6ecebab1f08201cb5aeb4225a2d63c6a0b7a5b321d91ad5a2734943d8a7bd7b,1,21,12,1,0,0,0,0,0,1254.5820000000001
NSW_TREATED_DW:00042,NSW_TREATED_DW,42,73750147e22f4b1c2e53939c8fde9492e3e0390ada8277826b7a7d15f1b09748,1,19,9,0,0,0,1,0,0,13188.83
NSW_TREATED_DW:00043,NSW_TREATED_DW,43,ba2492d69e7e8b3555a7d8d80e0f8962d67d38e86e120f1216e9ad4d3421074c,1,17,8,1,0,0,1,0,0,8061.4849999999997
NSW_TREATED_DW:00044,NSW_TREATED_DW,44,4dc87f1c06814df300087cc410516c531e5aeba21b28ea0a5ab5ea8246f34eb0,1,18,8,0,1,1,1,0,0,2787.96
NSW_TREATED_DW:00045,NSW_TREATED_DW,45,1a1ea184a674a69e64f0be187bfc1a0650ce69456ee36997f345eb0a20c613eb,1,20,11,1,0,0,1,0,0,3972.54
NSW_TREATED_DW:00046,NSW_TREATED_DW,46,26ac3479b4c21c172cd19978501145414d99becf00e801676acf0d11d200a1df,1,25,11,1,0,1,1,0,0,0
NSW_TREATED_DW:00047,NSW_TREATED_DW,47,a35d79754ae00bb5b61f719f6a32afbe55c74c4ad62dd322fae2f1526f258510,1,17,8,1,0,0,1,0,0,0
NSW_TREATED_DW:00048,NSW_TREATED_DW,48,92a55f6733ff0288c50beeb66077b1a699ff32a2db3bc165a4ab27f31f301f5c,1,17,9,1,0,0,1,0,0,0
NSW_TREATED_DW:00049,NSW_TREATED_DW,49,4d409e1c4160efd3176ade8f23d48b2f93761e65b384cc278648a4e1292f1f5e,1,25,5,1,0,0,1,0,0,12187.41
NSW_TREATED_DW:00050,NSW_TREATED_DW,50,2f10467a27c5bf90d696a5c66b6f5c6fa4fc9d64c9df71102554e8d4449aac8e,1,23,12,1,0,0,0,0,0,4843.1760000000004
NSW_TREATED_DW:00051,NSW_TREATED_DW,51,a4ca424353ab717cc615a066e3af628632681ee6f0f950d51bf9debe2fe4dd0f,1,28,8,1,0,0,1,0,0,0
NSW_TREATED_DW:00052,NSW_TREATED_DW,52,4f27932787c7d826f8836da7b994f3e72c427c068477dad7c510f03fb7063f47,1,31,11,1,0,1,1,0,0,8087.4870000000001
NSW_TREATED_DW:00053,NSW_TREATED_DW,53,3d5494c2133bc5e68051fbf60a138b656504d6c17273f631e864e5dd913d4df8,1,18,11,1,0,0,1,0,0,0
NSW_TREATED_DW:00054,NSW_TREATED_DW,54,93259b5aee3195fbf5bb832897196081249be45aa7f8c4ecc5101a54e5fedfb2,1,25,12,1,0,0,0,0,0,2348.973
NSW_TREATED_DW:00055,NSW_TREATED_DW,55,a675aabeacfb193429777910609cfe4c4ae08e85ce2cab96fbc4dc858ef7e6e4,1,30,11,1,0,1,1,0,0,590.78179999999998
NSW_TREATED_DW:00056,NSW_TREATED_DW,56,1a649d5ee18f664818e78330f1de4cd05923643816a9586275801ed8b7149cc8,1,17,10,1,0,0,1,0,0,0
NSW_TREATED_DW:00057,NSW_TREATED_DW,57,098326ceeb0d3ad63d0821d5e80f540801b87d4dc933d2c1afc66c1dfee62431,1,37,9,1,0,0,1,0,0,1067.5060000000001
NSW_TREATED_DW:00058,NSW_TREATED_DW,58,4b0b78bfc716c8ce625779cf11b8054045dd2ed9aa966a29dc909834e6c599d9,1,41,4,1,0,1,1,0,0,7284.9859999999999
NSW_TREATED_DW:00059,NSW_TREATED_DW,59,7e371157a9f9af3d601ecdcca9273e8683debfc7c9093f732138b37f457ee67b,1,42,14,1,0,1,0,0,0,13167.52
NSW_TREATED_DW:00060,NSW_TREATED_DW,60,3e6b434138d18901ebe788dd1f9d0d596a9c67b27dc1351e4044b246d24b15ef,1,22,11,0,0,0,1,0,0,1048.432
NSW_TREATED_DW:00061,NSW_TREATED_DW,61,a35d79754ae00bb5b61f719f6a32afbe55c74c4ad62dd322fae2f1526f258510,1,17,8,1,0,0,1,0,0,0
NSW_TREATED_DW:00062,NSW_TREATED_DW,62,125ff987c70d0b6e94ee0ba354f812ee37558f5d54fd9de8238f6737abd7db89,1,29,8,1,0,0,1,0,0,1923.9380000000001
NSW_TREATED_DW:00063,NSW_TREATED_DW,63,873ebdfb9457387b2f6b6e03809dfe19b452f4caa12ede26956ffd368023ba59,1,35,10,1,0,0,1,0,0,4666.2359999999999
NSW_TREATED_DW:00064,NSW_TREATED_DW,64,7ffc353ef3e04e4174cdb6e4c98bffb9dd7d69a3f90df6235dec0f68f26817b1,1,27,11,1,0,0,1,0,0,549.29840000000002
NSW_TREATED_DW:00065,NSW_TREATED_DW,65,a8501be3067411e18b85a5dc1eda5aeb93c48065d46f20d18ad071b13fa459c9,1,29,4,1,0,0,1,0,0,762.91459999999995
NSW_TREATED_DW:00066,NSW_TREATED_DW,66,d91077cb103d576c0f8c15b6a20286c94dea97bf539fbccb99b3e38fd017f96e,1,28,9,1,0,0,1,0,0,10694.290000000001
NSW_TREATED_DW:00067,NSW_TREATED_DW,67,dfb3bcdc7af36172305e8187f54d75851c76a964094f0bbe4e06cc8b7210b9fb,1,27,11,1,0,0,1,0,0,0
NSW_TREATED_DW:00068,NSW_TREATED_DW,68,2b462bb6d9c2ceb0a7b459d32eccb439baaa32630b9396eabb0e7a5a09c924f2,1,23,7,0,0,0,1,0,0,0
NSW_TREATED_DW:00069,NSW_TREATED_DW,69,033fdeff7321d9bc05f5474a3bee50392785892b98388949d68e7331d5df6930,1,45,5,1,0,1,1,0,0,8546.7150000000001
NSW_TREATED_DW:00070,NSW_TREATED_DW,70,68510130a2eec4124a4098fb5cd1313131aab34d8e10fdcfcb94ec562c29c8ea,1,29,13,1,0,0,0,0,0,7479.6559999999999
NSW_TREATED_DW:00071,NSW_TREATED_DW,71,0109f1ed5d3b3b6110830dac2a7c14afd4f3430ac5e38d5128b6e1f984e71b9c,1,27,9,1,0,0,1,0,0,0
NSW_TREATED_DW:00072,NSW_TREATED_DW,72,5cad64521b80d1177452f0508fa44ed6c106f2460c8e831e769129371f4e0a12,1,46,13,1,0,0,0,0,0,647.20460000000003
NSW_TREATED_DW:00073,NSW_TREATED_DW,73,c88235f5830496823c6c874056d84a99d1a6eb1586f1c3c26f860510e2fd3f20,1,18,6,1,0,0,1,0,0,0
NSW_TREATED_DW:00074,NSW_TREATED_DW,74,213e621c07dbc6c0633f77f3f233367a90027b2a11adfe640652988894f9e8b9,1,25,12,1,0,0,0,0,0,11965.809999999999
NSW_TREATED_DW:00075,NSW_TREATED_DW,75,638a3bbd3ab32666256b30a4dbefb13ffcc38a4ed329858c9d370869404b95f1,1,28,15,1,0,0,0,0,0,9598.5409999999993
NSW_TREATED_DW:00076,NSW_TREATED_DW,76,cc8a61082c978bf1b1ab496c846c0eb7eb509b7fe3239eef84d4dd9c0068e41a,1,25,11,0,0,0,1,0,0,18783.349999999999
NSW_TREATED_DW:00077,NSW_TREATED_DW,77,c14cd8e3a9622d5f4b14c73c6abf18a2c0e49559b23718b6dde99e2c6f6ceabc,1,22,12,1,0,0,0,0,0,18678.080000000002
NSW_TREATED_DW:00078,NSW_TREATED_DW,78,e58c322e4524395c21cde85df07954fa92b874b8bafc9765c825fdfa761c98cc,1,21,9,1,0,0,1,0,0,0
NSW_TREATED_DW:00079,NSW_TREATED_DW,79,2112da50d8fd447497a1448ebef23a25d4bea45d8ec7fd12136304fac753c139,1,40,11,1,0,0,1,0,0,23005.599999999999
NSW_TREATED_DW:00080,NSW_TREATED_DW,80,31732914b10e15b1e645faada0dde03c56bbe0a81c6d51ef955680645937c5ed,1,22,11,1,0,0,1,0,0,6456.6970000000001
NSW_TREATED_DW:00081,NSW_TREATED_DW,81,e3ceee86046076f8d8d6faea85f61cf5011fa3bbaa34b03334b64de1dd7235f5,1,25,12,1,0,0,0,0,0,0
NSW_TREATED_DW:00082,NSW_TREATED_DW,82,aa2dff61286c21ccf362c6f83304cb82cb77209b05168d190a25c920705e4b8a,1,18,12,1,0,0,0,0,0,2321.107
NSW_TREATED_DW:00083,NSW_TREATED_DW,83,18d591452b3066877cad90a406bc2bfcad856dfcea41c1deec5e796906b72078,1,38,12,0,0,0,0,0,0,4941.8490000000002
NSW_TREATED_DW:00084,NSW_TREATED_DW,84,a7ee946c2a77b482f24fbb49cda7cc395844ca0c9f4868572300df5452ada732,1,27,13,1,0,0,0,0,0,0
NSW_TREATED_DW:00085,NSW_TREATED_DW,85,5c08b56683e6f7d3180f3fb5feda29d933b2bdf82e43a48e26ba6c1a50b7fa11,1,27,8,1,0,0,1,0,0,0
NSW_TREATED_DW:00086,NSW_TREATED_DW,86,d53de2704b5f79b84621068c77c7757c5dd465ec88395fe2e3be63dfc0cda865,1,38,11,1,0,0,1,0,0,0
NSW_TREATED_DW:00087,NSW_TREATED_DW,87,224cea9b4cc1748ee573135cc16178ce8b19f56ec6ffb5f5195205f530d2cbd3,1,23,8,0,1,0,1,0,0,3881.2840000000001
NSW_TREATED_DW:00088,NSW_TREATED_DW,88,f55b210eb508244709e3c2bd9b662e1aaa44a47c424caadc2e42147e2de4c097,1,26,11,1,0,0,1,0,0,17230.959999999999
NSW_TREATED_DW:00089,NSW_TREATED_DW,89,02efa66808f38a7359442608d9172495586d6b6e47857fd2d3c3e961d2672e64,1,21,12,0,0,0,0,0,0,8048.6030000000001
NSW_TREATED_DW:00090,NSW_TREATED_DW,90,69d9f849ff43330db179423d0ecb7ca40c4235c444281e8c924d407897d1cf21,1,25,8,1,0,0,1,0,0,0
NSW_TREATED_DW:00091,NSW_TREATED_DW,91,13b12cabbfbc20a2583ebeff2add5aed357bd5ad7272e00c9408e91836ec2b9a,1,31,11,1,0,1,1,0,0,14509.93
NSW_TREATED_DW:00092,NSW_TREATED_DW,92,1a649d5ee18f664818e78330f1de4cd05923643816a9586275801ed8b7149cc8,1,17,10,1,0,0,1,0,0,0
NSW_TREATED_DW:00093,NSW_TREATED_DW,93,8fa567cc4427bdfb6bb6cf18a0d4c49cf3f3d018564b1e39bfd0d6eb0f7b612e,1,25,11,1,0,0,1,0,0,0
NSW_TREATED_DW:00094,NSW_TREATED_DW,94,76f225fc82893e8d1a16a3ff454153511198e5642f8f035410c113d0cb8a5a12,1,21,12,1,0,0,0,0,0,9983.7839999999997
NSW_TREATED_DW:00095,NSW_TREATED_DW,95,761609fcda564a3cafff170a7493edc2334ed2d045e7db659b445d6138b63bc8,1,44,11,1,0,0,1,0,0,0
NSW_TREATED_DW:00096,NSW_TREATED_DW,96,39b61145d25a66d3e359ec6047be008c82e62c524b88318213ca22eb891ffc87,1,25,12,0,0,0,0,0,0,5587.5029999999997
NSW_TREATED_DW:00097,NSW_TREATED_DW,97,cd4710074ce721d35464b7a44d353b97887c9f76e3d63c2f2a6587eafad485b8,1,18,9,1,0,0,1,0,0,4482.8450000000003
NSW_TREATED_DW:00098,NSW_TREATED_DW,98,5eec89536c610d5116cca81c39529b04504b51b129473bc6320aefeb71c063a5,1,42,12,1,0,0,0,0,0,2456.1529999999998
NSW_TREATED_DW:00099,NSW_TREATED_DW,99,8eaac82987a89737b7b1af8f113443607c6c3c9dbcba480a835fba9066fdaf69,1,25,10,1,0,0,1,0,0,0
NSW_TREATED_DW:00100,NSW_TREATED_DW,100,ff6e495bb2b5b3adc4a28516734d1e56f13308a36db16c1c1abe9a711c12ffca,1,31,9,0,1,0,1,0,0,26817.599999999999
NSW_TREATED_DW:00101,NSW_TREATED_DW,101,53815cc60b50ed72b02bdd95ce391402475593e3f5ea6c7a422575c68a895003,1,24,10,1,0,0,1,0,0,0
NSW_TREATED_DW:00102,NSW_TREATED_DW,102,26fef57a2afbc9757f41159e32177682695cfa9bd7a305beabd9d3db5baf8d16,1,26,10,1,0,0,1,0,0,9265.7880000000005
NSW_TREATED_DW:00103,NSW_TREATED_DW,103,39dd7b44e227b94332a79cc49fcca01e3d967e22a97ce57014f2ebfa11a57bbd,1,25,11,1,0,0,1,0,0,485.22980000000001
NSW_TREATED_DW:00104,NSW_TREATED_DW,104,eec5d012667d911404d4f98e7b14a67f28d47e874cc39ecd3038c4d0c9871e5c,1,18,11,1,0,0,1,0,0,4814.6270000000004
NSW_TREATED_DW:00105,NSW_TREATED_DW,105,479a21bb673779768a310fa039e6fbb788d8575712c786d20711c183b26e083d,1,19,11,1,0,0,1,0,0,7458.1049999999996
NSW_TREATED_DW:00106,NSW_TREATED_DW,106,f8067a185415c7b940c7bb2c5161ee03251154a13a237ae977703924d4c17135,1,43,9,1,0,0,1,0,0,0
NSW_TREATED_DW:00107,NSW_TREATED_DW,107,2225d813830617f6cbff811ce31596d01599f67ca8a7dfd650a333a9c157bc33,1,27,13,1,0,0,0,0,0,34099.279999999999
NSW_TREATED_DW:00108,NSW_TREATED_DW,108,3ad2342bedf3d211d47ce19d52e55bac51ae93af81f4a40fe7772c245cead5e6,1,17,9,1,0,0,1,0,0,1953.268
NSW_TREATED_DW:00109,NSW_TREATED_DW,109,7e36e2efdd453f6d1b4d66fdd3d934500026e7b25ca55bf3041e92f405855aef,1,30,11,1,0,0,1,0,0,0
NSW_TREATED_DW:00110,NSW_TREATED_DW,110,adc247c79158d3f53a7778191bad338c759e77139acc2649dbfa5774ad6abc80,1,26,10,1,0,1,1,2027.999,0,0
NSW_TREATED_DW:00111,NSW_TREATED_DW,111,34133a58c5409461ea732e5e8989efb01c5753ef98c3329b128d6d13cc3b3ea9,1,20,9,1,0,0,1,6083.9939999999997,0,8881.6650000000009
NSW_TREATED_DW:00112,NSW_TREATED_DW,112,b94abbb38bfab03048c99971a602dfa393bf8b06cbe18c57ec68ddec80475ee7,1,17,9,0,1,0,1,445.17039999999997,74.343450000000004,6210.6700000000001
NSW_TREATED_DW:00113,NSW_TREATED_DW,113,4f212324be4448a5d1db90e13bf1bffe64249fda9682b69a84a4127b32e9f052,1,20,12,1,0,0,0,989.26779999999997,165.20769999999999,0
NSW_TREATED_DW:00114,NSW_TREATED_DW,114,e0b4f398466e6b315def61afef12e9b13dbbc9a559a74c8e78e6aa97e8db333d,1,18,11,1,0,0,1,858.25429999999994,214.56360000000001,929.88390000000004
NSW_TREATED_DW:00115,NSW_TREATED_DW,115,1c37400ed706db42e1028b3234b0aabc0397575b491a0748e9ccc45a695ec9f0,1,27,12,1,0,1,0,3670.8719999999998,334.04930000000002,0
NSW_TREATED_DW:00116,NSW_TREATED_DW,116,ac7cd00d7233558c30e612af2bc0a1adf42eb3ced2651fd8facbb664d3516cd0,1,21,12,0,0,0,0,3670.8719999999998,334.04939999999999,12558.02
NSW_TREATED_DW:00117,NSW_TREATED_DW,117,a03b6bebee3eac2bf0290660d232f6f291b58dd6f370dc48f29e8d01e983eca5,1,27,12,1,0,0,0,2143.413,357.94990000000001,22163.25
NSW_TREATED_DW:00118,NSW_TREATED_DW,118,3fe0bb29086a51d396bb8daa2cde5284506390dbd4808ef4fcf1afecd674ad89,1,20,12,1,0,0,0,0,377.5686,1652.6369999999999
NSW_TREATED_DW:00119,NSW_TREATED_DW,119,fc60d8b135e70d4c119825d0f1a6d0a475f762773ac8321ff713fc0d3f1161f5,1,19,10,1,0,0,1,0,385.27409999999998,8124.7150000000001
NSW_TREATED_DW:00120,NSW_TREATED_DW,120,f4676b39f6e3a78b87efa4093224f770220ab20405d3ce98fcb856c4456a9df3,1,23,12,1,0,0,0,5506.308,501.07409999999999,671.33180000000004
NSW_TREATED_DW:00121,NSW_TREATED_DW,121,2778a87c6d6d167fc7c2352e049f61a4f5cd0d6cdc3f8f0c539bf88c9184f098,1,29,14,1,0,0,0,0,679.67340000000002,17814.98
NSW_TREATED_DW:00122,NSW_TREATED_DW,122,229e034d5c880588bf72736cdb1466ad0c7612166d483b928c938209e6a6af41,1,18,10,1,0,0,1,0,798.90790000000004,9737.1540000000005
NSW_TREATED_DW:00123,NSW_TREATED_DW,123,53eb01d708a948baf96ca15b6bf4f618bea74faed315d9cd284908b8d8460458,1,19,9,1,0,0,1,0,798.90790000000004,17685.18
NSW_TREATED_DW:00124,NSW_TREATED_DW,124,6bb93e94872ac588bfab398242b8921006622098020ec59b7c25bbc6b0de9d61,1,27,13,0,0,1,0,9381.5660000000007,853.72249999999997,0
NSW_TREATED_DW:00125,NSW_TREATED_DW,125,db158bfe7a46945d3f3650d63729ea30b4ca042dabe6a81763d1e974b3e7b7d1,1,18,11,0,0,0,1,3678.2310000000002,919.55790000000002,4321.7049999999999
NSW_TREATED_DW:00126,NSW_TREATED_DW,126,8b5f23f8f96b8ae33c7b26be7214b0270332fdb93bb47134fb04df0f87bd3eda,1,27,9,1,0,1,1,0,934.44539999999995,1773.423
NSW_TREATED_DW:00127,NSW_TREATED_DW,127,ca19fdddfc6e0021c82fbdf55994dde5b555778fa698e5fec17c8dcd5dead5eb,1,22,12,1,0,0,0,5605.8519999999999,936.17729999999995,0
NSW_TREATED_DW:00128,NSW_TREATED_DW,128,a203b2eb16363ff6c640babeac7fe36d11b10515b1174d30fe7543dee58a2f0d,1,23,10,1,0,1,1,0,936.43859999999995,11233.26
NSW_TREATED_DW:00129,NSW_TREATED_DW,129,ca1efa879d460cda698f65c38d0042b0f9f184aeb65e7bc8b325e2e74fc65e6d,1,23,12,0,1,0,0,9385.7399999999998,1117.4390000000001,559.44320000000005
NSW_TREATED_DW:00130,NSW_TREATED_DW,130,ad4fe8f3d287ffe6278e5895cf7a65db0af1024153a4d5d8212aeab7eda904bf,1,20,11,1,0,0,1,3637.498,1220.836,1085.4400000000001
NSW_TREATED_DW:00131,NSW_TREATED_DW,131,37389840e5225bfc1f2f20253552909316ab958d41abfa39b8efdc1e6b513eb8,1,17,9,1,0,0,1,1716.509,1253.4390000000001,5445.1999999999998
NSW_TREATED_DW:00132,NSW_TREATED_DW,132,03daa29d503b780083246fd5dfe51081fc2075863021fcb5ddad33af9950e376,1,28,11,1,0,0,1,0,1284.079,60307.93
NSW_TREATED_DW:00133,NSW_TREATED_DW,133,94ef2c8d3391459c643dbc6f8ab0581747bfe8daf0b7a305fe6db4b1f6ecdc7e,1,26,11,1,0,1,1,0,1392.8530000000001,1460.3599999999999
NSW_TREATED_DW:00134,NSW_TREATED_DW,134,eb1444e15764e65ab61981e3ca7cd0145e1bc7b5b06b2bf52775e3755b7492d1,1,20,11,1,0,0,1,16318.620000000001,1484.9939999999999,6943.3419999999996
NSW_TREATED_DW:00135,NSW_TREATED_DW,135,56edfca21d0502b289dfba7b830c67192d20df9cb748728baa1719237896872a,1,24,11,1,0,1,1,824.3886,1666.1130000000001,4032.7080000000001
NSW_TREATED_DW:00136,NSW_TREATED_DW,136,ed991babb134f46d3c3c59ae423e02633a3bafcb2a97f7adcef048cc53921d78,1,31,9,1,0,0,1,0,1698.607,10363.27
NSW_TREATED_DW:00137,NSW_TREATED_DW,137,15099ac7bf5c83ee238a9baa799b5b4430f3a3d64cfa91a77338d0131c846276,1,23,8,0,0,1,1,0,1713.1500000000001,4232.3090000000002
NSW_TREATED_DW:00138,NSW_TREATED_DW,138,fb5d3c5959d9b34f761359b04298841b216a046ff2f8a310684c2b2f611a81a0,1,18,10,1,0,0,1,2143.4110000000001,1784.2739999999999,11141.389999999999
NSW_TREATED_DW:00139,NSW_TREATED_DW,139,f6141c47ff3916a358690c8028e5ec11e76a6d1ced496fe7300a73b992137f79,1,29,12,1,0,0,0,10881.940000000001,1817.2840000000001,0
NSW_TREATED_DW:00140,NSW_TREATED_DW,140,41ddb4ebd969c6d27bfc02d5a02d7a43cf88d3c77f4d1efcb5feaaf7ee6bb7cf,1,26,11,0,0,0,1,0,2226.2660000000001,13385.860000000001
NSW_TREATED_DW:00141,NSW_TREATED_DW,141,bc1e06d28ef2545e8cc277d9aaa8c3b9a562f9c15f3a1c030c2b4c3fb1d552dc,1,24,9,1,0,0,1,9154.7000000000007,2288.6750000000002,4849.5590000000002
NSW_TREATED_DW:00142,NSW_TREATED_DW,142,a780bc681dd98773fda01c533db9b07c0ef741dae175c2f7579452cbde71efea,1,25,12,1,0,0,0,14426.790000000001,2409.2739999999999,0
NSW_TREATED_DW:00143,NSW_TREATED_DW,143,e644eafa5039216daa1487a79b2c3a53fc60398b1d8ba0c0bd96cde459f96f40,1,24,10,1,0,0,1,4250.402,2421.9470000000001,1660.508
NSW_TREATED_DW:00144,NSW_TREATED_DW,144,d8739f7cf50d4704e2f9f1bf21748e90fede0da1d69bac791c9f3363d01295ee,1,46,8,1,0,0,1,3165.6579999999999,2594.723,0
NSW_TREATED_DW:00145,NSW_TREATED_DW,145,d40b3b62d76b65d6d852f166b2aae1e6ff192b788ada68b8008d22612c9162ae,1,31,12,0,0,0,0,0,2611.2179999999998,2484.549
NSW_TREATED_DW:00146,NSW_TREATED_DW,146,f31f69856c3008853111f1cae48a5f29d57bbab4e523e614eaa1ab4b77552044,1,19,11,1,0,0,1,2305.0259999999998,2615.2759999999998,4146.6030000000001
NSW_TREATED_DW:00147,NSW_TREATED_DW,147,2f76cc52b01ae5bc3bbfeafba159f25f47ebb14c338760a4e533035d005426f0,1,19,8,1,0,0,1,0,2657.0569999999998,9970.6810000000005
NSW_TREATED_DW:00148,NSW_TREATED_DW,148,ea36702f006f0350a404e46872759245412f2d3d961d08f41ed51cfe0ea49525,1,27,11,1,0,0,1,2206.9400000000001,2666.2739999999999,0
NSW_TREATED_DW:00149,NSW_TREATED_DW,149,a6536e7006c442bb1abc92d2d87ca373d605e5eab4f20dfc77358047d554f22e,1,26,11,1,0,1,1,0,2754.6460000000002,26372.279999999999
NSW_TREATED_DW:00150,NSW_TREATED_DW,150,4209c976db871b96e115b539545fe1c1c5e78baa13959b14b7e286b9b57d8a1c,1,20,10,1,0,0,1,5005.7309999999998,2777.355,5615.1890000000003
NSW_TREATED_DW:00151,NSW_TREATED_DW,151,b31d1e72a66d31f972f86a01368bb71981e904e66123aaee84c61c32df41c40a,1,28,10,1,0,0,1,0,2836.5059999999999,3196.5709999999999
NSW_TREATED_DW:00152,NSW_TREATED_DW,152,98f8e1054f5857f78e225b007a2ad5b5fe7ac0ae0f8b76237e72d36946150638,1,24,12,1,0,0,0,13765.75,2842.7640000000001,6167.6809999999996
NSW_TREATED_DW:00153,NSW_TREATED_DW,153,07374bea3e956bde461ecad7aae3b13153f9b907fd2dc30f2cf0ff0f12a56107,1,19,8,1,0,0,1,2636.3530000000001,2937.2640000000001,7535.942
NSW_TREATED_DW:00154,NSW_TREATED_DW,154,cd2d58b5e26df21f950c4728b2d1c71a3e99aa535cc0651fb60d48c3d6e75cb1,1,23,12,1,0,0,0,6269.3410000000003,3039.96,8484.2389999999996
NSW_TREATED_DW:00155,NSW_TREATED_DW,155,3845d917cfbf56aa98f5a0ddb2fd24f9ebcb7be35a19f21fb9488870f7e6904a,1,42,9,1,0,1,1,0,3058.5309999999999,1294.4090000000001
NSW_TREATED_DW:00156,NSW_TREATED_DW,156,96fbf4cf9e597019a5094ace75b9048882c024174dcf35dd59ced7cb5f72f2a7,1,25,13,1,0,0,0,12362.93,3090.732,0
NSW_TREATED_DW:00157,NSW_TREATED_DW,157,f12e584fa2517c9c5201d2d330949602b8ceaee584ea70dfc2c63af5147b3363,1,18,9,1,0,0,1,0,3287.375,5010.3419999999996
NSW_TREATED_DW:00158,NSW_TREATED_DW,158,d71949402389f4f5d5518d644fb174212e708101f3265e4bb2f7f947fee168bd,1,21,12,1,0,0,0,6473.683,3332.4090000000001,9371.0370000000003
NSW_TREATED_DW:00159,NSW_TREATED_DW,159,32feea27c46871178b518d1e0dee66bce8fc991073ad5f167ca8526b6f75c7a3,1,27,10,1,0,0,1,1001.146,3550.0749999999998,0
NSW_TREATED_DW:00160,NSW_TREATED_DW,160,0d3fcadb7323e9660950dfd46c962060c989ab107f6df0bc8c58961e4a491fb5,1,21,8,1,0,0,1,989.26779999999997,3695.8969999999999,4279.6130000000003
NSW_TREATED_DW:00161,NSW_TREATED_DW,161,1365a5e99d1835a78efd1accb5b13bbe6108c2d38d52baf0ec6a89b0480b1ac4,1,22,9,1,0,0,1,2192.877,3836.9859999999999,3462.5639999999999
NSW_TREATED_DW:00162,NSW_TREATED_DW,162,e5cb357d26660c29c7dd397da8364d959634881681058830b3c16903e93cebc0,1,31,4,1,0,0,1,8517.5889999999999,4023.2109999999998,7382.549
NSW_TREATED_DW:00163,NSW_TREATED_DW,163,4a3338ed06bb7da54f20ea11421b235f7a1ca31ac312d4410fd446d9045b1bb0,1,24,10,1,0,1,1,11703.200000000001,4078.152,0
NSW_TREATED_DW:00164,NSW_TREATED_DW,164,40674c725372c7b59cff08f2a554bc74d872c4f4de17782a694499b71ad9fe9f,1,29,10,1,0,0,1,0,4398.9499999999998,0
NSW_TREATED_DW:00165,NSW_TREATED_DW,165,2bbba4df15515a2f503a50ff373f0e43dbdcc41357f6c4ff1302d81acdcee3e1,1,29,12,1,0,0,0,9748.3870000000006,4878.9369999999999,10976.51
NSW_TREATED_DW:00166,NSW_TREATED_DW,166,49506c664c81f744cdd506ba6cf5d9b2a4b0cf22207757f1582fa313d590f0bb,1,19,10,0,0,0,1,0,5324.1090000000004,13829.620000000001
NSW_TREATED_DW:00167,NSW_TREATED_DW,167,e6c56fc3da34e4cc342814f7615d54b49f5c08f12d11a6115eadb7f648d9d5df,1,19,11,0,1,1,1,5424.4849999999997,5463.8029999999999,6788.4629999999997
NSW_TREATED_DW:00168,NSW_TREATED_DW,168,c01345dbbba14ee6f77e5e8c65c5a93c6a3dc6fc27ab5678ace66aa05cadfda9,1,31,9,1,0,0,1,10717.030000000001,5517.8410000000003,9558.5010000000002
NSW_TREATED_DW:00169,NSW_TREATED_DW,169,e5f1af07196a87a4854939a94181f69bcfe527bb75e58205b6e2301a9c1d2668,1,22,10,1,0,1,1,1468.348,5588.6639999999998,13228.280000000001
NSW_TREATED_DW:00170,NSW_TREATED_DW,170,2cbbeeb8e605dd5f0f821adcd212e00bd17bad66d6e6b3fe5649b1042531a8ee,1,21,9,1,0,0,1,6416.4700000000003,5749.3310000000001,743.66660000000002
NSW_TREATED_DW:00171,NSW_TREATED_DW,171,ceea3cc4e1fb6240e89fa577a3a56a2e07f9ed7b8b1d7a96d5181fd2d3627673,1,17,10,1,0,0,1,1291.4680000000001,5793.8519999999999,5522.7879999999996
NSW_TREATED_DW:00172,NSW_TREATED_DW,172,8013198b65107ee247b5251eaf2f5284733005a6e5ed8b873facd4bfcb88acbf,1,26,12,1,0,1,0,8408.7620000000006,5794.8310000000001,1424.944
NSW_TREATED_DW:00173,NSW_TREATED_DW,173,fa75d6c9fb45f3d39abfb7592e4663de7965d7c2da84cee6c8292dccd26d36ea,1,20,9,0,1,0,1,12260.780000000001,5875.049,1358.643
NSW_TREATED_DW:00174,NSW_TREATED_DW,174,bf04535889668f1b706790121a55835dd66b73e67e773163a521640a52ef08e7,1,19,10,1,0,0,1,4121.9489999999996,6056.7539999999999,0
NSW_TREATED_DW:00175,NSW_TREATED_DW,175,1aa70495fad05e6833ba5b338204bd4edea6ee48e0eb5b1b2dbf1d12ac027fa7,1,26,10,1,0,0,1,25929.68,6788.9579999999996,672.87729999999999
NSW_TREATED_DW:00176,NSW_TREATED_DW,176,4db18d29ef359b786c3144df1bafb730cbca4247722c0da0dd3e6c4dcee40f55,1,28,11,1,0,0,1,1929.029,6871.8559999999998,0
NSW_TREATED_DW:00177,NSW_TREATED_DW,177,f434f072378bc745fff830ce7b144f841e74c5d19e7fb1a52b2a4ecde8da98b3,1,22,12,0,1,1,0,492.23050000000001,7055.7020000000002,10092.83
NSW_TREATED_DW:00178,NSW_TREATED_DW,178,38ff54f20e0628a5f6a88b6804f688d9849c9195ca04694ce21c7b1122a4b220,1,33,11,1,0,0,1,0,7867.9160000000002,6281.433
NSW_TREATED_DW:00179,NSW_TREATED_DW,179,b64dac40fc6993c0e44dda70a5925255749dbde708e5f0f301d2384dc51c35c7,1,22,12,0,0,0,0,6759.9939999999997,8455.5040000000008,12590.709999999999
NSW_TREATED_DW:00180,NSW_TREATED_DW,180,24c041b753a5cdf8b9074f4a2c0c7839bc8be135772fa1bcc3fd4e4de68e630e,1,29,10,0,1,0,1,0,8853.6740000000009,5112.0140000000001
NSW_TREATED_DW:00181,NSW_TREATED_DW,181,c4ae4f1615cbfb417613fd68baea92330cb27ddafaa793c46743cc839dcb584c,1,33,12,1,0,1,0,20279.950000000001,10941.35,15952.6
NSW_TREATED_DW:00182,NSW_TREATED_DW,182,c1f5021dfa9c77dc7468b348cb5ed9d07acd2f293d69a36187183d8fc216b3b4,1,25,14,1,0,1,0,35040.07,11536.57,36646.949999999997
NSW_TREATED_DW:00183,NSW_TREATED_DW,183,9e9196b4927f0de03bf2c599bbcdfcc5dd1abe0d3bb55727874da589a3dc042d,1,35,9,1,0,1,1,13602.43,13830.639999999999,12803.969999999999
NSW_TREATED_DW:00184,NSW_TREATED_DW,184,4250a8ea781d01b5e5c7812ea4b227813c794ba96763c2061624e732c3b2975b,1,35,8,1,0,1,1,13732.07,17976.150000000001,3786.6280000000002
NSW_TREATED_DW:00185,NSW_TREATED_DW,185,72d24b4e74ee0685d73fbb6c8b65168ecfc2847154f05812f012bff89a79f212,1,33,11,1,0,1,1,14660.709999999999,25142.240000000002,4181.942
PSID_FULL:00001,PSID_FULL,1,d653601deaeeb8afe640b21de4d35e8aec3d860244f80711d473a7b4c6b5ead6,0,47,12,0,0,0,0,0,0,0
PSID_FULL:00002,PSID_FULL,2,a7871850ddbe7f77a5d5001faac867bcdd8de9578c40dfbab3c1ada32abaccb2,0,50,12,1,0,1,0,0,0,0
PSID_FULL:00003,PSID_FULL,3,8a4595de096efa873855c9789c1c163cbbef334056350758af5a548b022a3401,0,44,12,0,0,0,0,0,0,0
PSID_FULL:00004,PSID_FULL,4,cd4f3eeb0f863dea6a941b26a901ba92d9ba366a4a3e18f40b1949a439e3b4ac,0,28,12,1,0,1,0,0,0,0
PSID_FULL:00005,PSID_FULL,5,6f6e7cde1f58caaa26097b8b7070de24e9b72f8ad8cc42ac1dea153dfc20902a,0,54,12,0,0,1,0,0,0,0
PSID_FULL:00006,PSID_FULL,6,b1d4e75328c5418bf3494fd3f99fc08e9a345fafd4ad26c0bb4fa76680523c59,0,55,12,0,1,1,0,0,0,0
PSID_FULL:00007,PSID_FULL,7,4acee68c54451381da983aba5d02d59a7bd877f53ad03dd336dc8ff5f61080c2,0,47,12,0,0,1,0,0,0,0
PSID_FULL:00008,PSID_FULL,8,db32b51456e0940efea353eacfc6b036e57f9083004b51768df5dd070a359bf3,0,25,12,1,0,0,0,0,0,0
PSID_FULL:00009,PSID_FULL,9,da6fbb21fd5af40a5bd7be70a1fb12a269c622158f98d84c06ed1c649ee7d3a3,0,44,12,0,0,1,0,0,0,0
PSID_FULL:00010,PSID_FULL,10,a7871850ddbe7f77a5d5001faac867bcdd8de9578c40dfbab3c1ada32abaccb2,0,50,12,1,0,1,0,0,0,0
PSID_FULL:00011,PSID_FULL,11,e4573abb4c4ac4f2fe1ad9b71d5c521ea874138719f7b31c7f9d3364eb881cc6,0,23,12,1,0,0,0,0,0,4728.7250000000004
PSID_FULL:00012,PSID_FULL,12,056985913830df491697d1b1a08acd9ac2ab5a83fc699a693e027f1cf7f64764,0,49,14,0,0,1,0,0,0,0
PSID_FULL:00013,PSID_FULL,13,a0387e1cbfb483e108b85b906cda17b9d8ebadf896bb789c0891713a2e4d2af6,0,55,14,0,0,1,0,0,0,0
PSID_FULL:00014,PSID_FULL,14,dfcd8a287fad4ec2f9e296ea20aaff64e01ad28e2fa2b024d5f97b037b8223dd,0,34,14,1,0,1,0,0,0,0
PSID_FULL:00015,PSID_FULL,15,4ac80cd94bc44f7b9fd79afe7bf2f08025fec9bb38a56f9373032b8f6f4c5620,0,34,16,0,0,1,0,0,0,11821.813
PSID_FULL:00016,PSID_FULL,16,c73f641454d2e66bed4779f808a669ce193a0dda7c08fe8afc052fc5abc3953a,0,55,13,0,1,1,0,0,0,0
PSID_FULL:00017,PSID_FULL,17,718ddc0759ffd87cd37e97c75ade54babd9e42851ddc686e0185ce0c8270848f,0,52,12,0,0,1,0,0,0,0
PSID_FULL:00018,PSID_FULL,18,6e11d63a51618a0291e4334b2db4704489dd9c92b8e46a4af5890e42dc32cc22,0,52,15,0,0,1,0,0,0,0
PSID_FULL:00019,PSID_FULL,19,6e9ab8c3eaa9d2802cc4499b1f8f836ae67dc724e7a6b41e6d01ddc843f24d2c,0,30,16,0,0,1,0,0,0,0
PSID_FULL:00020,PSID_FULL,20,d4c7355e112d974b523177d8a22edef0a61108e687ce264a0f33d3124df24e06,0,21,12,0,0,0,0,0,0,0
PSID_FULL:00021,PSID_FULL,21,255638ecb112b2fccaf4cb706a14a69e5b2edbf7c0e3b1e4a35d8950db3dfaa6,0,30,17,0,0,0,0,0,0,0
PSID_FULL:00022,PSID_FULL,22,da6fbb21fd5af40a5bd7be70a1fb12a269c622158f98d84c06ed1c649ee7d3a3,0,44,12,0,0,1,0,0,0,0
PSID_FULL:00023,PSID_FULL,23,68bb40102cf8d8d34d6785024b42a2ba3d69c8db5907dc34720f84fc5fb07fa5,0,46,12,0,0,0,0,0,0,0
PSID_FULL:00024,PSID_FULL,24,f89c3fc8b73cdb3207965839e9d7eff93d74f6e580915ce93c45a4ed80488324,0,53,17,0,0,1,0,0,0,0
PSID_FULL:00025,PSID_FULL,25,6cafde437753c289d14e85d866e525b3a3fc1eff845ae9348280d6c6b376760d,0,26,16,0,0,0,0,0,0,9014.1321000000007
PSID_FULL:00026,PSID_FULL,26,264b9c6a7eb174febea20937a935a4c9ba8038dd6b89d7df92307343e1ac23c4,0,49,12,0,0,1,0,0,0,13299.539000000001
PSID_FULL:00027,PSID_FULL,27,95a2bbdd8e04bbd1e57287fad87f95ac374983eff12babd4d34512b63e7dcdc4,0,39,15,0,0,1,0,0,0,1921.0445
PSID_FULL:00028,PSID_FULL,28,b3290b10a4ae7a2dedf01c3e89a7e254a0aa5ab9e56edb1e63a8991211cabee0,0,26,17,0,0,1,0,0,0,11821.813
PSID_FULL:00029,PSID_FULL,29,6c795d0d7f76b54f477a2d67feacee07dd30853fdad5fa0ec224a9ef1b4af010,0,32,16,0,0,1,0,0,0,0
PSID_FULL:00030,PSID_FULL,30,371cebe8eefabdc640dd91875378af7db5e60b716c3bdebe5256f64c2e698331,0,34,12,0,0,1,0,0,0,0
PSID_FULL:00031,PSID_FULL,31,26c60491f80a9dc8dd9251bb68b3713809caf5b12173e79b661a4a5a2b317f5c,0,31,14,0,0,1,0,0,0,0
PSID_FULL:00032,PSID_FULL,32,a3adfe84664692f2f2a9c2c2404ea65bab8f31a5312b2aac75ae73f90962fa44,0,39,17,0,1,1,0,0,0,8866.3593999999994
PSID_FULL:00033,PSID_FULL,33,70499802d7e04d4c5678a391fe7b3a5b9e290c145f2cf5e4e7b2fc9d40b116cf,0,40,17,0,0,1,0,0,0,0
PSID_FULL:00034,PSID_FULL,34,a7f53173e8aa5510c498d01e37859a194632e56439c68774d2fbe529689ad5e7,0,31,12,0,0,1,0,0,0,0
PSID_FULL:00035,PSID_FULL,35,3c2f3b051094589ce93820061a41d27fa7365c51171a87840debeaa2d1a4d2fc,0,27,13,0,0,1,0,0,0,28076.805
PSID_FULL:00036,PSID_FULL,36,5babd5982fbf14f43465f78a8215a64a4787ffb3decfe14e6c26a348f9800ccb,0,48,12,0,0,1,0,0,0,0
PSID_FULL:00037,PSID_FULL,37,b0637c5cd6c8208e4adb39450033da90799757bf9f04e626801cbc3e1e4e06c5,0,41,13,0,0,1,0,0,0,0
PSID_FULL:00038,PSID_FULL,38,2798c018c768af64758c42deabac0dfd88e94f6baf221d4fa5f21ac3606dacbe,0,26,14,0,0,0,0,0,0,0
PSID_FULL:00039,PSID_FULL,39,c9c4fa91d2bfd4b8ba8503d2b6c4091bd945b768ffb1b6a7a4e996750a4ebcf0,0,50,17,0,0,0,0,0,0,0
PSID_FULL:00040,PSID_FULL,40,961e68352b68c4c935102e0c65613bd3cb6a6d1fd0377cfb02f42f8cc6ab020d,0,48,12,0,0,1,0,0,0,12930.108
PSID_FULL:00041,PSID_FULL,41,9aba04ec8b627fa586dcaae54d41e7ce6112debb73efa5a10fc582ff2984c605,0,45,16,0,0,1,0,0,0,0
PSID_FULL:00042,PSID_FULL,42,12ce8730daef3eca0d6c09cdc7da9b694940c22a949fe92c00575e88810fd78e,0,37,13,0,0,1,0,0,0,0
PSID_FULL:00043,PSID_FULL,43,e38bd7af975081f5607f9625e40944ab00dbf53196eb6d6bd1d5df86c192517c,0,33,12,0,0,1,0,0,0,0
PSID_FULL:00044,PSID_FULL,44,a7f53173e8aa5510c498d01e37859a194632e56439c68774d2fbe529689ad5e7,0,31,12,0,0,1,0,0,0,0
PSID_FULL:00045,PSID_FULL,45,aae51a5182242e06c2690e39f206f43cb5dd1250a11fda0c07b1eb589783f22c,0,36,12,1,0,1,0,0,0,17732.719000000001
PSID_FULL:00046,PSID_FULL,46,d9c4d18e7433d9245b580f5783c72dbf4a26e7ec9f19531ef7681f6496b940c7,0,44,13,0,0,1,0,0,0,0
PSID_FULL:00047,PSID_FULL,47,b646bc0bad44d5e4b8175553e58d19e22e08ca0ab270c4de04b3938db743e98d,0,28,17,0,0,1,0,0,0,0
PSID_FULL:00048,PSID_FULL,48,cefa0ddfa3d6b5acd378fd092ae30a3cec6344ab68ae1ec979aa644c8cd795a8,0,30,17,0,0,1,0,0,0,0
PSID_FULL:00049,PSID_FULL,49,8418adec5927c5fcdc9cf27feaf3ca148a2fd0ce39bec0ae975d4d5aec8bce84,0,42,16,0,0,1,0,0,0,0
PSID_FULL:00050,PSID_FULL,50,36d269d807b59c0180ad2e1e207b61bb56313c15a19c8c1db839115aead1d063,0,30,12,0,0,1,0,0,0,0
PSID_FULL:00051,PSID_FULL,51,b5014c337bf98cdd7e77b70c5fe2cc104ef450e21dc7b4ccd22370749581e423,0,27,16,0,0,1,0,0,0,0
PSID_FULL:00052,PSID_FULL,52,d78b88465574f1dbd3ddb3b85c914e82d1666bafd77a15b7869e5e5ede959f74,0,37,12,0,0,1,0,0,0,0
PSID_FULL:00053,PSID_FULL,53,d78b88465574f1dbd3ddb3b85c914e82d1666bafd77a15b7869e5e5ede959f74,0,37,12,0,0,1,0,0,0,0
PSID_FULL:00054,PSID_FULL,54,6694f5c4a5ebd6b8531da09b18dc42cdea86460aede52ad15a9129067d7ef6a1,0,45,12,0,0,1,0,0,0,22165.899000000001
PSID_FULL:00055,PSID_FULL,55,e7f1671ac77a82a8b922f438135d7314013db7b3567347039169ab4180bc0b1c,0,35,16,0,0,1,0,0,0,0
PSID_FULL:00056,PSID_FULL,56,994d86fcf0cfe37f4ff92a71584cf38067ef99bbb192ea9b380b605bcb1a048a,0,37,17,0,0,1,0,0,0,66497.695999999996
PSID_FULL:00057,PSID_FULL,57,c81196e3f6b196ae7eedc26e31a2494242f4ae4bc96a7153b124b069630de3a3,0,27,17,0,0,1,0,0,0,0
PSID_FULL:00058,PSID_FULL,58,0cc65b3470cda903849cd14b4429bbf156b28ea8fd258f5486e37283cbc37da8,0,47,14,0,0,1,0,0,0,0
PSID_FULL:00059,PSID_FULL,59,5babd5982fbf14f43465f78a8215a64a4787ffb3decfe14e6c26a348f9800ccb,0,48,12,0,0,1,0,0,0,0
PSID_FULL:00060,PSID_FULL,60,3c699bf90375bcbbfd3f6b5fdf9c9ca48de3bbd0a6416f5d3ae86664825e37a0,0,42,12,0,0,1,0,0,0,0
PSID_FULL:00061,PSID_FULL,61,e47c2745615285d38a089639a9b7d0a2353ebe72f7110897d731b221787876f3,0,43,12,0,0,1,0,0,0,0
PSID_FULL:00062,PSID_FULL,62,3e385e06bd751c5bbe56acdca104fce0847758726f8b5bdd425ab39c04f7ef4d,0,46,12,0,0,1,0,0,0,0
PSID_FULL:00063,PSID_FULL,63,3e385e06bd751c5bbe56acdca104fce0847758726f8b5bdd425ab39c04f7ef4d,0,46,12,0,0,1,0,0,0,0
PSID_FULL:00064,PSID_FULL,64,3e385e06bd751c5bbe56acdca104fce0847758726f8b5bdd425ab39c04f7ef4d,0,46,12,0,0,1,0,0,0,0
PSID_FULL:00065,PSID_FULL,65,4e1cc0df5ef27bda19b3425e421d547279b757e46629c273cc897b4e8f19caee,0,29,16,0,0,1,0,0,0,8396.4423999999999
PSID_FULL:00066,PSID_FULL,66,0e098fa6bb242392d5f7fc6f972a18e5b1f5a56db3d55bbac3c0e89b2908520e,0,39,13,0,0,1,0,0,0,0
PSID_FULL:00067,PSID_FULL,67,263ce6d10aa42a18d1c3a710ba0b36abf4ff9735598a627b4b2cc4aedcc21ebc,0,32,12,0,0,1,0,0,0,0
PSID_FULL:00068,PSID_FULL,68,9c8c2d44230bb4b2a4e2135b440b3f9064ce388e1bb958732a8d89e4e26e3ee1,0,48,16,0,0,1,0,0,0,0
PSID_FULL:00069,PSID_FULL,69,9c8c2d44230bb4b2a4e2135b440b3f9064ce388e1bb958732a8d89e4e26e3ee1,0,48,16,0,0,1,0,0,0,0
PSID_FULL:00070,PSID_FULL,70,b0637c5cd6c8208e4adb39450033da90799757bf9f04e626801cbc3e1e4e06c5,0,41,13,0,0,1,0,0,0,0
PSID_FULL:00071,PSID_FULL,71,2684e9b9bd474dba5cc744a394cfdc07b8a16b91f56356b74a5e9d1b0d8644cb,0,42,13,0,0,1,0,0,0,0
PSID_FULL:00072,PSID_FULL,72,2684e9b9bd474dba5cc744a394cfdc07b8a16b91f56356b74a5e9d1b0d8644cb,0,42,13,0,0,1,0,0,0,0
PSID_FULL:00073,PSID_FULL,73,2684e9b9bd474dba5cc744a394cfdc07b8a16b91f56356b74a5e9d1b0d8644cb,0,42,13,0,0,1,0,0,0,0
PSID_FULL:00074,PSID_FULL,74,7ad81883e1155ab5e5e327b5828be7ee3f61437db5c4923841b69c3f13ffa750,0,54,13,0,0,1,0,0,0,0
PSID_FULL:00075,PSID_FULL,75,4e1a043e1228904509494e34e2bec30713ea9558c562599fefd92548e7ce47a7,0,29,14,0,0,1,0,0,0,0
PSID_FULL:00076,PSID_FULL,76,6f6e7cde1f58caaa26097b8b7070de24e9b72f8ad8cc42ac1dea153dfc20902a,0,54,12,0,0,1,0,0,0,0
PSID_FULL:00077,PSID_FULL,77,6f6e7cde1f58caaa26097b8b7070de24e9b72f8ad8cc42ac1dea153dfc20902a,0,54,12,0,0,1,0,0,0,0
PSID_FULL:00078,PSID_FULL,78,a0cf471161cc5f53738bb748016a361d8c96326b27dd32eab11f5a162b4f7d85,0,26,14,0,0,1,0,0,0,0
PSID_FULL:00079,PSID_FULL,79,d8342e072a6318429e3b80dd84aa685f7f61ba9456db7fccd6a3802e0da6579a,0,43,17,0,0,1,0,0,0,36943.163999999997
PSID_FULL:00080,PSID_FULL,80,6f6e7cde1f58caaa26097b8b7070de24e9b72f8ad8cc42ac1dea153dfc20902a,0,54,12,0,0,1,0,0,0,0
PSID_FULL:00081,PSID_FULL,81,d78b88465574f1dbd3ddb3b85c914e82d1666bafd77a15b7869e5e5ede959f74,0,37,12,0,0,1,0,0,0,0
PSID_FULL:00082,PSID_FULL,82,396bf8070f347b184180cb65924f7e6e63ea5c214a347b049303de8bd6fcce63,0,54,16,0,0,1,0,0,0,0
PSID_FULL:00083,PSID_FULL,83,2e1510f0c7c964458a4f0a775c489b7cb1d0ffcbd336101b18ae64e0bff9cd9d,0,48,17,0,0,1,0,0,0,0
PSID_FULL:00084,PSID_FULL,84,da6fbb21fd5af40a5bd7be70a1fb12a269c622158f98d84c06ed1c649ee7d3a3,0,44,12,0,0,1,0,0,0,0
PSID_FULL:00085,PSID_FULL,85,6f6e7cde1f58caaa26097b8b7070de24e9b72f8ad8cc42ac1dea153dfc20902a,0,54,12,0,0,1,0,0,0,0
PSID_FULL:00086,PSID_FULL,86,e37ab06ace1703e6b503a3c436483d682407b54ba0906a0ad5d649febca3a00e,0,38,12,0,0,1,0,0,0,0
PSID_FULL:00087,PSID_FULL,87,12ce8730daef3eca0d6c09cdc7da9b694940c22a949fe92c00575e88810fd78e,0,37,13,0,0,1,0,0,0,0
PSID_FULL:00088,PSID_FULL,88,c81196e3f6b196ae7eedc26e31a2494242f4ae4bc96a7153b124b069630de3a3,0,27,17,0,0,1,0,0,0,0
PSID_FULL:00089,PSID_FULL,89,6cae36095c2bd7b7a095aeee0a0b222fd3746eddd076a9d58e5f9809c5868604,0,51,12,0,0,1,0,0,0,0
PSID_FULL:00090,PSID_FULL,90,3a6dbaba92e676b13c1e38a8a28b759ca2fbd25ab8d670a745303ee77ef034b8,0,39,12,0,0,1,0,0,0,0
PSID_FULL:00091,PSID_FULL,91,a0387e1cbfb483e108b85b906cda17b9d8ebadf896bb789c0891713a2e4d2af6,0,55,14,0,0,1,0,0,0,0
PSID_FULL:00092,PSID_FULL,92,7ad81883e1155ab5e5e327b5828be7ee3f61437db5c4923841b69c3f13ffa750,0,54,13,0,0,1,0,0,0,0
PSID_FULL:00093,PSID_FULL,93,7ad81883e1155ab5e5e327b5828be7ee3f61437db5c4923841b69c3f13ffa750,0,54,13,0,0,1,0,0,0,0
PSID_FULL:00094,PSID_FULL,94,371cebe8eefabdc640dd91875378af7db5e60b716c3bdebe5256f64c2e698331,0,34,12,0,0,1,0,0,0,0
PSID_FULL:00095,PSID_FULL,95,b832f5618da9ac7e51de2b7f297c628333f52d6c01af930db5f17599fc163bc4,0,50,14,0,0,1,0,0,0,0
PSID_FULL:00096,PSID_FULL,96,e71aaeb8f26314e25d5f876451523d6f47cdeab591eec11916565305d0e59e28,0,50,12,0,0,1,0,0,0,0
PSID_FULL:00097,PSID_FULL,97,e653587ec7a9b09129e384852c4f6d56236e413dfd5ec203fa4dc3459fe66342,0,21,14,0,1,0,0,0,71.612903000000003,3657.3733000000002
PSID_FULL:00098,PSID_FULL,98,f3892af277e9e27d6bdcc47ed43360afd4e7f3bd47093c721d03b6b0b720bf92,0,26,12,0,0,1,0,0,71.612903000000003,0
PSID_FULL:00099,PSID_FULL,99,e7ae008dbd8761cfb3e08f33dd16586fb1e5e3743bf33a091feedc3ea85bc5cb,0,21,13,0,0,0,0,0,692.85483999999997,2659.9078
PSID_FULL:00100,PSID_FULL,100,a08eef5130b8aba899b2767c16e38d5e1fb7f456c7dc75f14e8a958255c1f8d8,0,23,16,0,0,1,0,0,1521.7742000000001,0
PSID_FULL:00101,PSID_FULL,101,f613630ea5d21f37d69ca8b259d12dee6d905152977418e0fc010dc3782c47b6,0,21,15,0,0,0,0,0,3222.5805999999998,14777.266
PSID_FULL:00102,PSID_FULL,102,9c2a730855358a9446fa906e4ae073f65f5e2867a0fb50424e1e6df06bdd1017,0,23,14,0,0,0,0,0,3401.6129000000001,5319.8157000000001
PSID_FULL:00103,PSID_FULL,103,61d8136dc3c92b31f5b0c01c87e938250a9b819bc281c68355bc487b3795deb4,0,27,16,0,0,1,0,0,4833.8710000000001,0
PSID_FULL:00104,PSID_FULL,104,2948eda0040015de3132243f95b8bb8a7941480e98ae945871f14c43bed58918,0,25,12,0,0,1,0,0,5729.0322999999999,26599.078000000001
PSID_FULL:00105,PSID_FULL,105,358ee00de96081ebb04d09b2cee787c6530ebc5a45d3a6f9dd27cfed5448187d,0,27,17,0,0,0,0,0,6087.0968000000003,7388.6328999999996
PSID_FULL:00106,PSID_FULL,106,9edc2cb6c3846585777304c2a52b8be964e962356dbf21bbe4bf03d3edb94a3b,0,55,12,0,0,1,0,0,6266.1289999999999,10344.085999999999
PSID_FULL:00107,PSID_FULL,107,c0b98072664b80aa3023da7e1353c6ec26a3a2763b050d51df01bef08b5341c1,0,20,12,0,0,1,0,0,7161.2902999999997,0
PSID_FULL:00108,PSID_FULL,108,849eca64804b2ceeaa8aa41db10a69d1b28bfaa4eb3d30ab72ead3e9ac0717c5,0,18,12,0,0,1,0,0,8056.4516000000003,19210.445
PSID_FULL:00109,PSID_FULL,109,419508e7bcbeec44141f9ee7e3d79582e60fc65a5856bbc4a2d4c6e588e81505,0,27,12,0,0,1,0,0,8235.4838999999993,20688.171999999999
PSID_FULL:00110,PSID_FULL,110,dee6eba364bc367e12a5df6ac1bdc5d667a1bdb68a4728d84e7446491fa92463,0,28,16,0,0,1,0,0,8951.6129000000001,36943.163999999997
PSID_FULL:00111,PSID_FULL,111,dc432c5713af61f07cc46eb15fc7f87c398004700abae91cb0dccf9e9d4bb06b,0,36,12,1,0,1,0,0,8951.6129000000001,11821.813
PSID_FULL:00112,PSID_FULL,112,2b2345f5db63f33795c5107c95a5e8bc29f9ed5f6a5ae71e833ac36d74a6e15c,0,33,13,1,0,1,0,0,10741.934999999999,20688.171999999999
PSID_FULL:00113,PSID_FULL,113,76cf2ca4dc084a51a11ba72db94d773e33cf06f6e7e69d9d10d982de96186db6,0,36,12,0,0,1,0,0,10741.934999999999,0
PSID_FULL:00114,PSID_FULL,114,bea3bb165dd71e35f0219d46f65bef9136546e52bf9636b2915af8bd08201ca8,0,27,13,0,0,1,0,0,16112.903,29554.530999999999
PSID_FULL:00115,PSID_FULL,115,9b2a2f58de374c99f06e626c63ccb06a215200bdb8249ea1e7adc81e09ffba10,0,45,17,0,0,1,0,0,16112.903,17732.719000000001
PSID_FULL:00116,PSID_FULL,116,9b2a2f58de374c99f06e626c63ccb06a215200bdb8249ea1e7adc81e09ffba10,0,45,17,0,0,1,0,0,16112.903,17732.719000000001
PSID_FULL:00117,PSID_FULL,117,9b2a2f58de374c99f06e626c63ccb06a215200bdb8249ea1e7adc81e09ffba10,0,45,17,0,0,1,0,0,16112.903,17732.719000000001
PSID_FULL:00118,PSID_FULL,118,6f56f0f988f8db31fafa816cd4c38ad38d0b9d8bc37e2b72ecb751039fddbb15,0,31,12,0,0,1,0,0,17903.225999999999,0
PSID_FULL:00119,PSID_FULL,119,5e35adb03241bb07c6302e4a774a4b7ec66ca2ac2d21c6979ac9ba908998a815,0,34,12,0,0,1,0,0,17903.225999999999,63542.243000000002
PSID_FULL:00120,PSID_FULL,120,5e35adb03241bb07c6302e4a774a4b7ec66ca2ac2d21c6979ac9ba908998a815,0,34,12,0,0,1,0,0,17903.225999999999,63542.243000000002
PSID_FULL:00121,PSID_FULL,121,795ac1e9d4b3d5abaa2098383034ce17524c48c79ab7289cfb9c57eac1cfaf20,0,47,14,0,0,1,0,0,17903.225999999999,22165.899000000001
PSID_FULL:00122,PSID_FULL,122,774f0e7cef24e610a87ef8e4139ef0e268d80b24de3927d77ab7db96dff066ec,0,35,16,0,0,1,0,0,19693.547999999999,17732.719000000001
PSID_FULL:00123,PSID_FULL,123,56b84707b032a9ffa3e27c71b71e4b880feb26aa8424d8593c9413b4b093fb29,0,43,17,0,0,1,0,0,21161.613000000001,29554.530999999999
PSID_FULL:00124,PSID_FULL,124,fceafbf3c786079f1a3d939593682ecb5252e36c9f78d2305ff78ebfb3ce6c2a,0,25,12,1,0,1,0,0,21483.870999999999,1220.6022
PSID_FULL:00125,PSID_FULL,125,35616579721461e903a200e10464b550f406ccf8b2ee53356e12d00a79ba01a0,0,29,15,0,0,0,0,0,21483.870999999999,22313.670999999998
PSID_FULL:00126,PSID_FULL,126,c0859c9c10ad225a931d4cfc13f8d9407dbc8d6a12606009c97b6ec4cc9a1397,0,31,12,0,0,1,0,0,21483.870999999999,20688.171999999999
PSID_FULL:00127,PSID_FULL,127,7fafa8cdeab2bc9ad0000353548cafabe47e135030f14268fe2effd355cb4d73,0,52,12,0,0,1,0,0,21483.870999999999,22165.899000000001
PSID_FULL:00128,PSID_FULL,128,e3cdcb562f2b18a2baae932267c59a3527e3b3c47d651c21e95e280bf8fb158d,0,22,16,0,0,0,0,0,22558.064999999999,32509.985000000001
PSID_FULL:00129,PSID_FULL,129,dc42422492a3190118d63ea204778b992ff83b885b82c714e00885d9abc03a2c,0,53,15,0,0,1,0,0,24169.355,28076.805
PSID_FULL:00130,PSID_FULL,130,cdc63f9e99c7bb43cf748f662ba336db136e54bfc794a8174615a75c8e6e2e8e,0,29,17,0,0,1,0,0,25959.677,36898.832999999999
PSID_FULL:00131,PSID_FULL,131,39f93991d7db02429a97faa1cdca2e5076bc9d68be328dda886c4f3949443ff8,0,31,13,0,0,1,0,0,25959.677,39898.618000000002
PSID_FULL:00132,PSID_FULL,132,c9c65af8f07decfe3a25ea5e2272719f9d7aed5c3360e8560f5d8acdd1aa1960,0,35,12,0,0,1,0,0,26138.709999999999,29554.530999999999
PSID_FULL:00133,PSID_FULL,133,9df92191d521ab9ab68267549b73c3622793449928946568c9e01bbf771399f8,0,29,16,0,0,1,0,0,26854.839,23643.625
PSID_FULL:00134,PSID_FULL,134,b4c44952eb5b32ec55a1d2c1303339e914116146da8243f0e84da3a5c9a08fb3,0,39,12,0,0,1,0,0,28645.161,31032.258000000002
PSID_FULL:00135,PSID_FULL,135,25a3f5e1d29a11e3c84c685b0b729bcaee003fec755ef09f4d58a5e616a272e2,0,37,14,0,0,1,0,0,32225.806,0
PSID_FULL:00136,PSID_FULL,136,505b84928edc9e751f4c2a81f4b3f985baf7448f4b20fa41ec191d8facc7c455,0,30,14,0,0,1,0,0,32225.806,22165.899000000001
PSID_FULL:00137,PSID_FULL,137,5e914d073b90331aa02ccbd00dc51b1296c6962f941d97bb169f0291a7b18522,0,43,17,0,0,1,0,0,42251.612999999998,41376.343999999997
PSID_FULL:00138,PSID_FULL,138,f51689e99bf67c5c3529a4307c0877e9998d73836a03ea2871bc484805e24201,0,32,17,0,0,1,0,0,46548.387000000002,39898.618000000002
PSID_FULL:00139,PSID_FULL,139,7499d2686a8fb247180137acff7b1ffe622ad079ad20f8a334fc985ba557d635,0,44,12,0,0,1,0,0,71612.903000000006,81274.962
PSID_FULL:00140,PSID_FULL,140,8e25155cc53fcb3aca10c3c6d6e034045409020216cff9a22ebe6ab133b111cc,0,32,16,0,0,1,0,577.98370999999997,6910.6451999999999,18609.010999999999
PSID_FULL:00141,PSID_FULL,141,2115ef0df91c67920ecf582fda6435a43cf2b243a5c29596b5859ec3c70ee5ba,0,43,12,1,0,1,0,715.13238000000001,1879.8387,5910.9062999999996
PSID_FULL:00142,PSID_FULL,142,e574f2c3f25f43d9dd1daea6e3e2342655a75491703083cb3e6830af5cd4b158,0,24,12,1,0,0,0,783.70672000000002,0,10344.085999999999
PSID_FULL:00143,PSID_FULL,143,85a5159f2ed570fdfd707a19779480827f7f7fdb198ad574620213cd9f0b0930,0,22,13,0,0,0,0,783.70672000000002,0,2305.2534999999998
PSID_FULL:00144,PSID_FULL,144,c4b7f28e38acff68e41a5f8eb510e2154c0bb5533d538a527e7d70f7e5a19e6f,0,35,15,0,0,1,0,979.63340000000005,537.09676999999999,0
PSID_FULL:00145,PSID_FULL,145,08ca5ed0fa81145d1908cf8f831eb41aee1fbdadbc56d976a402bc393312a556,0,26,15,0,0,0,0,979.63340000000005,1879.8387,3250.9985000000001
PSID_FULL:00146,PSID_FULL,146,55c0efe10ead9e954389e6bf03445da8cae03538a596af7c21f33ac3d6e3af4d,0,29,17,0,0,1,0,979.63340000000005,8951.6129000000001,0
PSID_FULL:00147,PSID_FULL,147,039f0b527afc26235e6bbdd03b95683e7c98fbd2f4d033a0c42319767d9dfb3a,0,23,12,1,0,0,0,1077.5967000000001,3222.5805999999998,5910.9062999999996
PSID_FULL:00148,PSID_FULL,148,e3e9bb6b1c61d739768562b39c3efe9b632fcea20fc47d6dcf9e0e13b8c1c2c2,0,19,12,0,0,1,0,1154.0081,8593.5483999999997,26599.078000000001
PSID_FULL:00149,PSID_FULL,149,18717fceea20a14185a01204e7a3f1e3e6835907377bdec109079be5a2f34553,0,48,16,0,0,1,0,1240.2158999999999,1466.2742000000001,1152.6267
PSID_FULL:00150,PSID_FULL,150,18717fceea20a14185a01204e7a3f1e3e6835907377bdec109079be5a2f34553,0,48,16,0,0,1,0,1240.2158999999999,1466.2742000000001,1152.6267
PSID_FULL:00151,PSID_FULL,151,e40df6520db77538a3c78f944b04307555defb4fef1969fc5d921ac680ea9740,0,22,12,1,0,1,0,1269.6049,0,0
PSID_FULL:00152,PSID_FULL,152,5f1bb00e335421f03545610fd12a6652d59fd10e6e85521cba189e22022bd1e2,0,20,12,1,0,0,0,1367.5681999999999,12532.258,2955.4531000000002
PSID_FULL:00153,PSID_FULL,153,9c635db34715c6cbc821ebe76b81326464a0be348b9741fd425c91eff67aaf53,0,24,17,0,0,1,0,1371.4867999999999,0,24825.806
PSID_FULL:00154,PSID_FULL,154,1e930d59f9a6122da59645adb8925ef3abf022ecf4a1d375c52d558db2fe4b61,0,27,16,0,0,1,0,1469.4501,1253.2257999999999,4363.7266
PSID_FULL:00155,PSID_FULL,155,85c5cde35251d812dbfcc48fc7ab8dfe1e8deef74a3a518354cbd8d666204f74,0,21,14,0,0,0,0,1506.6762000000001,2685.4839000000002,11082.949000000001
PSID_FULL:00156,PSID_FULL,156,14778937c4a3320a16612748efea81c75973e709b7371b3985f135457b62a7d0,0,53,13,0,0,1,0,1567.4133999999999,3938.7096999999999,4728.7250000000004
PSID_FULL:00157,PSID_FULL,157,14778937c4a3320a16612748efea81c75973e709b7371b3985f135457b62a7d0,0,53,13,0,0,1,0,1567.4133999999999,3938.7096999999999,4728.7250000000004
PSID_FULL:00158,PSID_FULL,158,d88091491f13d2d85bc96a69151cd59a02824f499e52ecbc38ead9983594e5f1,0,53,16,0,0,1,0,1665.3768,0,2955.4531000000002
PSID_FULL:00159,PSID_FULL,159,733de47a74dd7045ebcbe2aef2f4015290cf5cfa8454cca4ade0d6500322a259,0,22,15,0,0,1,0,1763.3400999999999,5370.9677000000001,22165.899000000001
PSID_FULL:00160,PSID_FULL,160,01bc34351debe78323ac5c811b755ae07d9e306193c5d4ea05a90d6e473fb680,0,21,15,0,0,0,0,1763.3400999999999,9667.7419000000009,4137.6343999999999
PSID_FULL:00161,PSID_FULL,161,fbcbafe59891d8baf0b423337de040d6ef16025e37bbab97b67999c0ee632b7d,0,30,12,0,0,1,0,1959.2668000000001,1790.3226,1477.7266
PSID_FULL:00162,PSID_FULL,162,1dc506cf2ea4949821f4f5b3f318abdeede9f6c5974511a0d6b336b9543f391b,0,21,12,1,0,0,0,1959.2668000000001,5460.4839000000002,1152.6267
PSID_FULL:00163,PSID_FULL,163,f0b3d1b6f895cb2eceb80e90cd1aae0bcb0925bde3b8b36bd58a39be0c8705c8,0,27,16,0,0,1,0,1959.2668000000001,17545.161,21427.035
PSID_FULL:00164,PSID_FULL,164,10f6e6d500088c961cd6c2fc0dc6eba3bf9d3a69f6254d94eddc35806d66b4de,0,22,15,0,0,0,0,1967.1039000000001,2864.5160999999998,5024.2704000000003
PSID_FULL:00165,PSID_FULL,165,aa8c2dc61ac606465397e714a86c3ac027d7f08e5842dd355442faf03e9cd2a2,0,22,12,1,0,1,0,2006.2891999999999,2470.6451999999999,0
PSID_FULL:00166,PSID_FULL,166,9f715147d8864f5d3a5d102918bca8e4230677b2634627adecc469c11677e40f,0,23,13,0,0,1,0,2155.1934999999999,5370.9677000000001,11378.495000000001
PSID_FULL:00167,PSID_FULL,167,84318bfda5eccf425f9202de206e3309b499b81bb930c4fd227652f28596833f,0,33,12,0,0,1,0,2351.1201999999998,0,2770.7372999999998
PSID_FULL:00168,PSID_FULL,168,4dcb0fdea62249f4080de1b444c2fad0ae35189300841e45dc2fc802357ac989,0,24,13,0,0,0,0,2351.1201999999998,3127.6934999999999,14777.266
PSID_FULL:00169,PSID_FULL,169,21eff9d2b8c2a554ba9e8cfe9a0930d3d5e454e9ef7679d746d9f0b791ba67ba,0,20,12,1,0,0,0,2351.1201999999998,4475.8064999999997,17732.719000000001
PSID_FULL:00170,PSID_FULL,170,15cbc840695886163deccc80dac05a205142c3bb56643d53fbfe30344b209d69,0,22,16,0,0,0,0,2351.1201999999998,23274.194,25860.215
PSID_FULL:00171,PSID_FULL,171,c9e836f97acf6f266f001b12c6be6985bdffd2c58118f2d5b355d7335691246e,0,19,12,0,0,1,0,2547.0468000000001,10741.934999999999,0
PSID_FULL:00172,PSID_FULL,172,466953cf3f580d98d03888f4ff63bfac55df69b2b5da37bb2de54e7296cb5a7c,0,22,15,0,0,1,0,2547.0468000000001,17187.097000000002,25860.215
PSID_FULL:00173,PSID_FULL,173,f39057fb96b8b9ac51f07a0d4ded707ad3030858b8f93968f676545e54e0c391,0,43,14,0,0,1,0,2645.0102000000002,0,6992.6022000000003
PSID_FULL:00174,PSID_FULL,174,1ff73d118bc0843343a8502ef1e6b603d09287cea90350f5f883bc82968b9f25,0,39,12,0,0,1,0,2742.9735000000001,7161.2902999999997,11821.813
PSID_FULL:00175,PSID_FULL,175,57de1291d534d68c83a5c37dceb1df5d31d89e35e58bafba327fe86664fedc42,0,28,12,1,0,0,0,2938.9002,2864.5160999999998,0
PSID_FULL:00176,PSID_FULL,176,990a9d77ad747fd1e7d5eff40133bf04a87551a8c4528998582ac9ec02510040,0,19,14,0,0,0,0,2938.9002,3222.5805999999998,0
PSID_FULL:00177,PSID_FULL,177,d50ae6fe6dd53d2534a35585a3d8a2eccf4d71cb26a2d96166b574ea38fe275a,0,26,17,0,0,1,0,2938.9002,12532.258,23643.625
PSID_FULL:00178,PSID_FULL,178,9e707d1279346ddba5bc7e0e5596824d0cacd6c5bb2cd6ca0b873bdfafaede1c,0,18,12,0,0,1,0,3134.8269,11100,20688.171999999999
PSID_FULL:00179,PSID_FULL,179,4808d69b59a917a71317b6592962cf0073e628f2edbd9ad3259d867e5970d245,0,23,15,0,0,1,0,3320.9571999999998,2506.4515999999999,9974.6543999999994
PSID_FULL:00180,PSID_FULL,180,2d5fac4590836021846952df7812e1bb2bda57af938b3641153a631504264afd,0,24,12,1,0,0,0,3330.7536,4654.8387000000002,11821.813
PSID_FULL:00181,PSID_FULL,181,a2cbc0fad621946977e68b698b7605febcce7a235de0189a66528fb37fd6e000,0,27,12,0,0,1,0,3526.6801999999998,0,5910.9062999999996
PSID_FULL:00182,PSID_FULL,182,fed0b8ec2b3c50c232a99c1d6f4c116bf22fdfd000de032968ad7c0e12a41fc4,0,29,17,0,0,1,0,3526.6801999999998,15217.742,24382.488000000001
PSID_FULL:00183,PSID_FULL,183,a687314afdc8bcc752d2a340f007c4270402e73ff33c94328c668c0c710ed5e4,0,22,12,1,0,0,0,3579.5803999999998,17133.386999999999,11821.813
PSID_FULL:00184,PSID_FULL,184,2de175aa22995bac00240aa223c41c78119827bb5c9ba88e74f8040030b040f3,0,27,12,0,0,1,0,3722.6069000000002,254.22581,1090.5622000000001
PSID_FULL:00185,PSID_FULL,185,5b3578a8514cc4f1e05951e2786216a9a81139c62a092e2addebac4715f9bb57,0,27,15,0,0,1,0,3722.6069000000002,4654.8387000000002,19210.445
PSID_FULL:00186,PSID_FULL,186,df3da47d297c406569570f7d8c634e28b4e931c7579db073244c58a9f4f2701b,0,20,12,1,0,0,0,3730.444,8951.6129000000001,13299.539000000001
PSID_FULL:00187,PSID_FULL,187,faec908b43d9b9d49a61d7ed52df1540ce29abc034847e667d05a84aa4c732b8,0,27,12,1,0,1,0,3918.5336000000002,1994.4194,17732.719000000001
PSID_FULL:00188,PSID_FULL,188,d981202081996486d41053ffd079513f408ba09b6bcaf7fd175f25eddea6dcdf,0,23,12,1,0,1,0,3918.5336000000002,2864.5160999999998,8866.3593999999994
PSID_FULL:00189,PSID_FULL,189,d04a0b5587f2b88dbf9b1101054414f2c388c36b00ef0850cdff5fdd928a6d8a,0,23,12,1,0,1,0,3918.5336000000002,11637.097,9752.9953999999998
PSID_FULL:00190,PSID_FULL,190,fe6ab468f476c0701cdb343921306b8c1344a301ce6df21d56c723dd86f1f955,0,22,12,0,0,1,0,3918.5336000000002,15396.773999999999,39898.618000000002
PSID_FULL:00191,PSID_FULL,191,d4a3599a1a79e74cde4d08afc31faf518b6027cfaf5ad18ed05a3e1cab1b2ca4,0,31,12,1,0,1,0,3918.5336000000002,18440.323,24973.579000000002
PSID_FULL:00192,PSID_FULL,192,485b8fa4d964468e3da29d447f027f09aebd375a8b5f95fb3cb14d0856744835,0,26,17,0,0,0,0,4173.2383,11637.097,9457.4501
PSID_FULL:00193,PSID_FULL,193,522b562d14c33df8669b23467d894641d35ae32fa2779a6505bac752e72fa52d,0,20,12,0,0,1,0,4310.3869999999997,0,4433.1796999999997
PSID_FULL:00194,PSID_FULL,194,7ec7460c23f46b859abe2b9a8d129c505ffa388ade1437d2bcd81095008e2f24,0,30,17,0,0,1,0,4310.3869999999997,4296.7741999999998,22476.221000000001
PSID_FULL:00195,PSID_FULL,195,26ee812b4a56b63a74b25e6ec6b51fbf937d42ce34fffe888c4aeb17bbc0a2ca,0,42,16,0,0,0,0,4398.5540000000001,17903.225999999999,16254.992
PSID_FULL:00196,PSID_FULL,196,0616bd910fa493d582d9ac432c18be133b0b2e7af76b97a9c32e0d89b89205e1,0,21,14,0,0,1,0,4506.3136000000004,9309.6774000000005,23052.535
PSID_FULL:00197,PSID_FULL,197,dbd4c03f2cf1ef49cd32f83df06fccb82506d2cf790f39f86127653411089643,0,25,16,0,0,1,0,4604.277,2954.0322999999999,0
PSID_FULL:00198,PSID_FULL,198,e2616153b10000392707a50de1eb565b5a33804af14882381c7f4e59bf9fd835,0,27,15,0,0,1,0,4702.2403000000004,0,0
PSID_FULL:00199,PSID_FULL,199,e97ef48c446ba531911a9cd6116ac1b7598a6c4a959b32f91f692eb56a69a4c5,0,26,17,0,0,1,0,4702.2403000000004,19693.547999999999,26599.078000000001
PSID_FULL:00200,PSID_FULL,200,d494234eb3558c40ed1bc944f5986eaf7fe2d4699b4621a2e80af73346955e10,0,29,16,0,0,1,0,4800.2037,17187.097000000002,23643.625
PSID_FULL:00201,PSID_FULL,201,03337a0d954dd9d6577efbae9c296773f6e87b52280ec34ec51fc985dd50e12d,0,20,12,0,0,0,0,4811.9593000000004,716.12902999999994,0
PSID_FULL:00202,PSID_FULL,202,dc824ec48bc58ec88ca59b43c972678d0b1d086cc66a5bc8873566fcc8c2682d,0,52,12,0,0,1,0,4898.1670000000004,0,0
PSID_FULL:00203,PSID_FULL,203,6feac87d3fdd6ce4825fdbe0321b313a424e634edd06033585c87ab11b8f25d1,0,23,17,0,0,0,0,4898.1670000000004,2148.3870999999999,33987.711000000003
PSID_FULL:00204,PSID_FULL,204,5497122f000d3fbd86337d60f653a5d47ee359ce44d80551f891423cb2dab76c,0,21,14,0,0,1,0,4898.1670000000004,7161.2902999999997,17141.628000000001
PSID_FULL:00205,PSID_FULL,205,1c73b5152b1e987a0d298bc2cdfc34b2e4c0d98bcd160931a1664ba49f9f1588,0,24,16,0,0,0,0,4898.1670000000004,8951.6129000000001,17732.719000000001
PSID_FULL:00206,PSID_FULL,206,99aa4c8e413aefc0a8631cb796d2c9d80ecc3924c1f869a8086761ce3ba330b7,0,30,17,0,0,1,0,4898.1670000000004,12084.677,5172.0429999999997
PSID_FULL:00207,PSID_FULL,207,f5d779bc4aa5fe144495ed6739bd9b7f43701e6a5acc8f07bd2631133c96ba5e,0,25,17,0,0,0,0,4996.1302999999998,17414.468000000001,5030.1813000000002
PSID_FULL:00208,PSID_FULL,208,dff078188989e73bd94b2f8e61ef43ced6754b97dea9fa8c6b16fa08c939d735,0,21,12,0,0,1,0,5094.0937000000004,6803.2258000000002,7388.6328999999996
PSID_FULL:00209,PSID_FULL,209,77fe5626b855dd719871e04a62cde95a294cbced034c21d4e48edff3f42bbc82,0,28,12,0,0,1,0,5094.0937000000004,10741.934999999999,9014.1321000000007
PSID_FULL:00210,PSID_FULL,210,c9a5bc032c624e59846226eabb93cdfce8f5b417dbcec973eed4743bcb39c686,0,20,12,0,0,1,0,5182.2606999999998,6266.1289999999999,15244.227000000001
PSID_FULL:00211,PSID_FULL,211,af0fe956aab006d7ee30fcad4fde0d8be60bfe0a28ad7659e8e2f9b2ec25449c,0,36,16,0,0,0,0,5290.0204000000003,4833.8710000000001,5319.8157000000001
PSID_FULL:00212,PSID_FULL,212,eefc48017c9ca40cc53992ede2c4831f4f1cd1cb24b987627ebd53f061eacf57,0,19,12,1,0,0,0,5387.9836999999998,8056.4516000000003,12117.358
PSID_FULL:00213,PSID_FULL,213,1a656550034dd9f488c0ed91f0a590aa2031e151e6aa6efca0dc1b0ce2548d96,0,21,12,1,0,1,0,5868.0041000000001,3043.5484000000001,10048.540999999999
PSID_FULL:00214,PSID_FULL,214,26b0f18219d5248e8f6c2685b2a13dde028a3ca679b3d5e4a6a6b061f96e8551,0,47,12,0,0,1,0,5868.0041000000001,9513.7741999999998,5319.8157000000001
PSID_FULL:00215,PSID_FULL,215,75e5c53fffea5626cca9baee4d1b465b6a6c44d066f23557345d3d236d92fa02,0,24,16,0,0,1,0,5877.8004000000001,4833.8710000000001,33987.711000000003
PSID_FULL:00216,PSID_FULL,216,79bb4df97a346206c1bfe60f24ab5f4252ce272810cece1240ebc2851a2da556,0,24,12,1,0,1,0,5877.8004000000001,8951.6129000000001,17732.719000000001
PSID_FULL:00217,PSID_FULL,217,4f969af3f8edcb4ac44b4c47c7ef846bb1a938ce33e1ff2146d89c7454b028d6,0,25,17,0,0,1,0,5877.8004000000001,10562.903,30101.290000000001
PSID_FULL:00218,PSID_FULL,218,77762d9d45ec188ecd5ff078abc3054b0382aae3bb5eb9d60a9b45c248a2324a,0,21,16,0,0,1,0,5877.8004000000001,10562.903,16993.856
PSID_FULL:00219,PSID_FULL,219,81ac0fcf02c55d1ea6c8344cd3145002b161d6b1bd81b250dc0ecc5adfc73a24,0,31,12,1,0,1,0,5877.8004000000001,11064.194,15959.447
PSID_FULL:00220,PSID_FULL,220,0141c67f1657005a088913cba80f9b11529accecc817171be521f368fb00293e,0,26,14,0,0,1,0,5877.8004000000001,13427.419,31032.258000000002
PSID_FULL:00221,PSID_FULL,221,bbade88833be3326f9ceab0334e1fc6c134c3d90788f6ebe72fd9977e95397e7,0,22,12,1,0,0,0,5891.5153,10367.758,5763.1336000000001
PSID_FULL:00222,PSID_FULL,222,b336e114956455ae21825f58b9623c8dbba20bd3fbce8e367fc0022a582e5713,0,20,13,1,0,0,0,5897.3931000000002,12532.258,14777.266
PSID_FULL:00223,PSID_FULL,223,b62fe279d16b56d4012881e3da48eeb30b3337b0db9e53bed4bc5f575237d229,0,20,13,0,1,1,0,6073.7271000000001,10025.806,27337.941999999999
PSID_FULL:00224,PSID_FULL,224,f4fbe031c77f6ec16adb5dd95963568656ec38febe61f90ec994187cdffdab7e,0,27,14,0,0,1,0,6269.6538,0,26007.988000000001
PSID_FULL:00225,PSID_FULL,225,2e468103a1e2edf2cf959be6df74fa139aa48fdacc42c66f35a8c10a0d83c94c,0,26,12,0,0,0,0,6269.6538,11637.097,10344.085999999999
PSID_FULL:00226,PSID_FULL,226,3d1e684d4a5dbbe82e4f9754876ac2b688817e238b3dcb6ba4507ad9a4d7393a,0,23,17,0,0,1,0,6367.6171000000004,5370.9677000000001,0
PSID_FULL:00227,PSID_FULL,227,a85efaf347528501f43fbed9030c8b86f0ad5a191c04e192296dbf0945575e2b,0,23,12,1,0,0,0,6494.9694,12532.258,14186.174999999999
PSID_FULL:00228,PSID_FULL,228,f8641e1f919a8adb7d6dea31efafcefe863b9bf2e7acad5935fafd486f1bb219,0,22,12,1,0,0,0,6583.1364999999996,4475.8064999999997,0
PSID_FULL:00229,PSID_FULL,229,e7f3f2e15c0fcb3da604d551692fe1b070226196291f810a14b51eb95c1ea7ae,0,21,12,1,0,0,0,6661.5070999999998,11458.065000000001,11208.556
PSID_FULL:00230,PSID_FULL,230,bf7753ad8d8df2e4073f74fc107b6fca4fe719d50e1a9165fa5185653f54b606,0,21,12,0,0,1,0,6661.5070999999998,12532.258,25121.351999999999
PSID_FULL:00231,PSID_FULL,231,1f6a85e78b09913e476f6a44f88d8d9a695e07620ee5a0bb3adff5e7da5d29b1,0,28,14,0,0,1,0,6739.8778000000002,7877.4193999999998,13742.857
PSID_FULL:00232,PSID_FULL,232,6e5cb092b69de6735cbd378f16bfb9ea0cb1879f83ed5cca9b52c6a626596a9d,0,27,12,1,0,1,0,6855.4745000000003,0,8275.2687999999998
PSID_FULL:00233,PSID_FULL,233,7b0a1300f5229ab0eabd9ea83abed2ac39caebc61a078599a25d02fd747c8066,0,25,14,0,0,0,0,6857.4337999999998,1790.3226,0
PSID_FULL:00234,PSID_FULL,234,bef0b977708a0ff01d6bba5195579a1eef96f07f016579d42b859da88cbc2c7b,0,30,12,0,0,1,0,6857.4337999999998,3222.5805999999998,3250.9985000000001
PSID_FULL:00235,PSID_FULL,235,2e9cc7fbd19e8f265c25298be4f4e436020a6b0e63cfaf3da386201883d500bb,0,27,13,1,0,1,0,6857.4337999999998,4096.2581,24514.006000000001
PSID_FULL:00236,PSID_FULL,236,94ff551fdad412596b1e2c94b5f44c80f8c6acf3f2149ff2c798eb7e534c0de3,0,22,13,0,0,0,0,6857.4337999999998,6266.1289999999999,17363.287
PSID_FULL:00237,PSID_FULL,237,17e71a52e006c628f16930bcee74497dde5f91639aede7d31757e788ab38581b,0,23,16,0,0,1,0,6857.4337999999998,14143.548000000001,22165.899000000001
PSID_FULL:00238,PSID_FULL,238,0d2caea3b90860a52cc30802aed98d11bd2113abfab337ac72cb637ba6f7dabe,0,24,12,1,0,1,0,6857.4337999999998,14322.581,26599.078000000001
PSID_FULL:00239,PSID_FULL,239,5cd6afc4598dd34a4ff960f4936d6e38405c83e38ec5680e572bb16804cdd5fd,0,19,13,0,0,0,0,6857.4337999999998,15217.742,17732.719000000001
PSID_FULL:00240,PSID_FULL,240,e8b9a00914048254da3a03cec9fda6732dab289d35c509041e654ce945d26e1d,0,21,14,0,0,1,0,6974.9898000000003,11407.934999999999,17141.628000000001
PSID_FULL:00241,PSID_FULL,241,14f288382c9738efe71c97bfd4873ff23ce668ec90cea35ef4dc360e4468620a,0,29,17,0,0,1,0,7053.3604999999998,7161.2902999999997,8866.3593999999994
PSID_FULL:00242,PSID_FULL,242,00599dc041d9621315bf99b4782659895a559d05405f1026815d54ed30e2953f,0,27,16,0,0,1,0,7053.3604999999998,11637.097,25121.351999999999
PSID_FULL:00243,PSID_FULL,243,4ea24a386d7b433b8fb8396e4bb7c9154f5cb8fb9429b31f58a581bc5f53251e,0,28,15,0,0,1,0,7249.2871999999998,15217.742,9161.9048000000003
PSID_FULL:00244,PSID_FULL,244,b4769da6b772efc2651479ab6a31a40c46017ae1e9e33665e67b3233c0214424,0,26,12,0,0,1,0,7406.0285000000003,0,2955.4531000000002
PSID_FULL:00245,PSID_FULL,245,62df1338472ab1418e110b0461f976e98f0338d7af65166de7317d5ecc5c87da,0,54,12,0,0,1,0,7445.2138000000004,0,0
PSID_FULL:00246,PSID_FULL,246,40d21e7389b791c03c3c32747abf9fa4ecc30555a2039405b408622808068565,0,28,15,1,0,0,0,7445.2138000000004,0,12708.449000000001
PSID_FULL:00247,PSID_FULL,247,f8710d16b69b45f9218ea0687132caf906aaf4e931c98e01fa60206721e60c9f,0,27,15,0,0,1,0,7445.2138000000004,10741.934999999999,18471.581999999999
PSID_FULL:00248,PSID_FULL,248,a2b815f18f0bf9325d7f55ccfd81eb5be736ef1139ee855d4d32676b924e3414,0,26,13,0,0,0,0,7449.1324000000004,5729.0322999999999,9605.2227000000003
PSID_FULL:00249,PSID_FULL,249,f70d1b4805582d16c28acf6b0c0ac2f24a55ad7d17cc08ca6b680a888e25b994,0,21,12,0,0,1,0,7523.5844999999999,7934.7097000000003,0
PSID_FULL:00250,PSID_FULL,250,28b0f4e438313f38eaec6d4b912452fb71dedbda476729bb66716c9a1c6c0a30,0,53,14,1,0,1,0,7641.1405000000004,8421.6774000000005,8127.4961999999996
PSID_FULL:00251,PSID_FULL,251,0006e694138959cbf80ed206deca3d38b3fb9de6480cfd08a6b81324a40061d3,0,21,13,0,0,1,0,7688.1629000000003,12743.516,11082.949000000001
PSID_FULL:00252,PSID_FULL,252,de364e4483a0275312e934673f27a577a60fef22366b2ab43c17ed8ac3b6a1d2,0,22,13,0,0,0,0,7739.1039000000001,3759.6774,16254.992
PSID_FULL:00253,PSID_FULL,253,3cd937e3bab35991cdfb103b106aceceb988b0dbc1591255a212b5de24b0c742,0,27,16,0,0,0,0,7837.0672000000004,0,0
PSID_FULL:00254,PSID_FULL,254,6bdf32bf04d85000397b4962a22fa7b6221b521648dadaeef283e7d6006e1f88,0,37,15,0,1,1,0,7837.0672000000004,179.03226000000001,11821.813
PSID_FULL:00255,PSID_FULL,255,1f7853f258e7cc8f02f4d60981d968484dd30174c28d399fb864f72785e263aa,0,33,13,0,0,0,0,7837.0672000000004,3580.6451999999999,16254.992
PSID_FULL:00256,PSID_FULL,256,58c7df7f72ef9d1884ed06b67b0c826b6cabcae2e886919ba9abf290e3dc9af7,0,19,12,1,0,0,0,7837.0672000000004,3759.6774,3694.3164000000002
PSID_FULL:00257,PSID_FULL,257,2739886b4e9c812724867055ff9f073aa2aadef3205d55cf369775f6851e65f9,0,28,12,0,0,1,0,7837.0672000000004,4475.8064999999997,15663.902
PSID_FULL:00258,PSID_FULL,258,381756267e955de9626351f1b8675868cb018a905fe64a736c129621a3e6354a,0,32,12,1,0,1,0,7837.0672000000004,5370.9677000000001,8866.3593999999994
PSID_FULL:00259,PSID_FULL,259,c6b7882415ca4faea928e09bb358a7746e7c22a68a9963c208b037bd2669234d,0,24,12,0,0,0,0,7837.0672000000004,5370.9677000000001,5910.9062999999996
PSID_FULL:00260,PSID_FULL,260,9c41e3acfd28d5fecf28759811882f880223a743c245ba53cf73e98ae8cd3670,0,22,12,0,0,0,0,7837.0672000000004,7497.8710000000001,17732.719000000001
PSID_FULL:00261,PSID_FULL,261,8e592295585042ad39cfe9bfbc5ef652860b6682c2a4c047f43fb7022d0d70f0,0,20,12,1,0,1,0,7837.0672000000004,8951.6129000000001,20688.171999999999
PSID_FULL:00262,PSID_FULL,262,ee4fac28e72842af4c18bdea29376b2b42e61457ed3f6ed720445f4464417fc2,0,23,12,0,0,1,0,7837.0672000000004,8951.6129000000001,12058.249
PSID_FULL:00263,PSID_FULL,263,60563f084d84a8f27bdd533de7ad93a61e9eb53829a680141156ceebe67a18f7,0,27,12,1,0,1,0,7837.0672000000004,8951.6129000000001,2210.6790000000001
PSID_FULL:00264,PSID_FULL,264,58b9d878e1620020ffb2a96e58c1bf0d10689474aa1000375218a6fccdadc23c,0,23,12,1,0,1,0,7837.0672000000004,12532.258,21870.352999999999
PSID_FULL:00265,PSID_FULL,265,c31d1fe2a670929cd4d05922e925b69a2542324c3e98e1a62c92e94b86e977d2,0,19,12,0,1,1,0,7837.0672000000004,12532.258,13299.539000000001
PSID_FULL:00266,PSID_FULL,266,6afb3d35a5788196dc7f1fda4e9c389d2b778c6ff6e600c5238eb601819998b8,0,27,14,0,0,0,0,7837.0672000000004,14322.581,16254.992
PSID_FULL:00267,PSID_FULL,267,ad4daf7dddd186d42f9f95b20538879b75885ffe826aafa238d0935fb6fa166d,0,22,16,0,0,1,0,7837.0672000000004,16112.903,16254.992
PSID_FULL:00268,PSID_FULL,268,945dc00bb732aeb50f9e39758c065159b544c3738864aad4a2c908b26cb33e4e,0,42,12,0,0,1,0,7837.0672000000004,16112.903,15516.129000000001
PSID_FULL:00269,PSID_FULL,269,4ba493fbc14cf6c78826a3114c3fb9b15fe40de441a2ee64832280ddcc56cd47,0,20,13,0,0,0,0,7837.0672000000004,17491.452000000001,2216.5898999999999
PSID_FULL:00270,PSID_FULL,270,37db8201d6300289e702b3f15b24c2f4da0e2e3dfa8ed3039c295b2ac9e5aff0,0,29,13,0,0,0,0,7958.5418,0,0
PSID_FULL:00271,PSID_FULL,271,cc79109066d47e190825ce3267395c63c6ecff5939303d3c345b59856a0c92db,0,23,12,1,0,1,0,7993.8086000000003,13427.419,4433.1796999999997
PSID_FULL:00272,PSID_FULL,272,f2638553eb49e03436f9c2aff0e0a243dee5423b9eca400767a17a68a1acdf74,0,19,12,0,0,1,0,8054.5457999999999,9309.6774000000005,11963.674000000001
PSID_FULL:00273,PSID_FULL,273,be0b93486aa19462100fbd2eda1d9a4d61ef8db01fe1e7bee8a891b41d059985,0,21,12,1,0,1,0,8150.5499,13092.629000000001,10583.477999999999
PSID_FULL:00274,PSID_FULL,274,193626a49baf169546ea24d094fb65a320f90e4132d3b0353a6939e297a63d20,0,26,12,0,0,1,0,8228.9205999999995,13606.451999999999,11969.584999999999
PSID_FULL:00275,PSID_FULL,275,f625a18ab63d179270f8d8864b9ac18373e6a80f4f4fe063914f004856a47232,0,21,16,0,0,0,0,8228.9205999999995,22379.031999999999,27337.941999999999
PSID_FULL:00276,PSID_FULL,276,350edbe6d9edc0b648dd8786cbf353349e006bd160460c732bd9143635934976,0,24,12,1,0,1,0,8275.9429999999993,15416.468000000001,8335.8556000000008
PSID_FULL:00277,PSID_FULL,277,5935fb0e3da0de41e0133d97afe785247720aea5eb825077516439acd9b19a26,0,29,12,0,0,1,0,8389.5804000000007,5908.0645000000004,14481.719999999999
PSID_FULL:00278,PSID_FULL,278,06cce334fcd25480625af90d049480c1326e12819d8f38a6673238fadda4ad8d,0,26,12,1,0,1,0,8616.8554000000004,8593.5483999999997,10344.085999999999
PSID_FULL:00279,PSID_FULL,279,d32cc69208033c27c1af261fa42be7812be321f5061a55113159704937be13ab,0,23,14,1,0,1,0,8675.6334000000006,10398.194,13003.994000000001
PSID_FULL:00280,PSID_FULL,280,4a15baef91d6db701f61e268472cfb9a377a8dfe2b8c89c8ff33b8ce4008d703,0,25,12,0,0,0,0,8683.4704999999994,9130.6452000000008,15811.674000000001
PSID_FULL:00281,PSID_FULL,281,0186d9aa56974d605471ceecd3f51affc9030fc1a217cfc8d3cedf716fb25849,0,21,12,0,0,1,0,8816.7006000000001,5729.0322999999999,18096.240000000002
PSID_FULL:00282,PSID_FULL,282,1f9b2027357584ab61da22cc8cdd901a71cb21b3ea7f52191833654203414473,0,25,12,1,0,0,0,8816.7006000000001,6266.1289999999999,10344.085999999999
PSID_FULL:00283,PSID_FULL,283,7c1a3c42c66160cd2fb189db36ec3820334796ea66eddfc124e7956b127508b3,0,22,12,0,0,1,0,8816.7006000000001,9939.8709999999992,15486.575000000001
PSID_FULL:00284,PSID_FULL,284,13eab595756eb7907715ba21e96320ac4a19ab55653eee38695c62a971cd19d8,0,22,12,0,0,1,0,8816.7006000000001,10741.934999999999,19653.762999999999
PSID_FULL:00285,PSID_FULL,285,2828fe52d0dc3e21421ea0d9860de30a858fd29353780ddb4d9c0501ceef1c38,0,23,12,1,0,1,0,8816.7006000000001,12174.194,18471.581999999999
PSID_FULL:00286,PSID_FULL,286,5598e1225a9cdd14c03d5aa69d7cd3beee16cb99d519ead18745f620f7438639,0,18,12,0,0,0,0,8816.7006000000001,14322.581,22165.899000000001
PSID_FULL:00287,PSID_FULL,287,99a873ffe02cab5621478518a736ffdfb8d5150214a1e951085a5a160f72527b,0,27,12,1,0,0,0,8816.7006000000001,14322.581,19210.445
PSID_FULL:00288,PSID_FULL,288,dae0be290e254aa62787c9b95c9ff77f45c2fce245f89ea13f752415ba6c70aa,0,21,12,1,0,0,0,8816.7006000000001,14859.677,5578.4178000000002
PSID_FULL:00289,PSID_FULL,289,03cd90dbc5271a19ee7c8a20bd3f49717cbcb9f371dd1739047a0bb230040b14,0,25,12,0,0,1,0,8816.7006000000001,16112.903,26599.078000000001
PSID_FULL:00290,PSID_FULL,290,2174d03a3c6b3dba2b252df8e4c55876009c6ee62b2241a60cb4bf8ed7d42ddc,0,21,13,0,0,1,0,8816.7006000000001,17903.225999999999,28224.578000000001
PSID_FULL:00291,PSID_FULL,291,a9c0f35ae4b02a05a18c3dc5cfc8e2a388137d5ed1d31855513ad6ebcb47115d,0,27,12,0,0,1,0,8816.7006000000001,44758.065000000002,0
PSID_FULL:00292,PSID_FULL,292,43b3945e423150ad4baf7182e4e8d7189f2136e4265a173986b89b1c7d18f72b,0,23,12,0,0,1,0,8840.2117999999991,7161.2902999999997,10416.495000000001
PSID_FULL:00293,PSID_FULL,293,7e9f016fd6b9cf6a824f66d996c507a97fd7ce4b4f5b4c9275ea2ae48856cfa6,0,21,12,0,0,1,0,8867.6414999999997,14995.742,17732.719000000001
PSID_FULL:00294,PSID_FULL,294,a503706b3d39cd8f9c280f5f72664e862e4446f41a871fbb19854eeac9c799c6,0,23,14,1,0,1,0,8934.2566000000006,12532.258,8866.3593999999994
PSID_FULL:00295,PSID_FULL,295,0899bb12903fbf7daa7eca8d5abb71a5946f4e70dad05c0367260a3a3dcd14e3,0,23,16,1,0,0,0,9012.6273000000001,16490.661,19210.445
PSID_FULL:00296,PSID_FULL,296,3e767d673904e9919a58b6cc1aa32c0adc6a8411d1906243c787b74891181065,0,31,17,0,0,1,0,9012.6273000000001,29465.129000000001,39817.343000000001
PSID_FULL:00297,PSID_FULL,297,d7329cfaed99f064213ed252fc5fe1920e71112511d3737e3b2e94478b011fbb,0,27,12,1,0,1,0,9067.4868000000006,5370.9677000000001,6649.7695999999996
PSID_FULL:00298,PSID_FULL,298,04f8b1ba177b7ac2028c4516e6c874d5c7206b5695d9c9e541eeb9e86b4b8e7d,0,21,12,1,0,1,0,9169.3685999999998,7161.2902999999997,7388.6328999999996
PSID_FULL:00299,PSID_FULL,299,f115c592428d92f6b70611a3e335362a75a7f27b1c7b91fc39b923463f38361f,0,23,12,1,0,1,0,9169.3685999999998,8271.2903000000006,10403.195
PSID_FULL:00300,PSID_FULL,300,60327fbc2dc01011b9f354b4c59270efa7aade208793574d325b8d297877e400,0,19,12,0,0,1,0,9208.5540000000001,5550,11526.267
PSID_FULL:00301,PSID_FULL,301,42239ffa9d21eaf062cc5db9de8a968844bc8113630823014ce88ee2651cfcb1,0,46,12,0,0,1,0,9284.9653999999991,8504.0323000000008,10376.596
PSID_FULL:00302,PSID_FULL,302,92b774fe7594f5411455f4cdd658bc562b6e0a35b8ae840ded722aa96d59e2a4,0,24,12,0,0,1,0,9371.1731,2864.5160999999998,2216.5898999999999
PSID_FULL:00303,PSID_FULL,303,5e9de17765f1cf80a24605a8cc35be43fdbcf2505893bdddbba6a60294648979,0,20,13,0,1,0,0,9404.4807000000001,0,8275.2687999999998
PSID_FULL:00304,PSID_FULL,304,884b54b4023ae4fc049658695da9abc526d00206980c6deb195e54099a75fedb,0,24,17,0,0,1,0,9404.4807000000001,5370.9677000000001,22904.761999999999
PSID_FULL:00305,PSID_FULL,305,9f65a2f374778a1d10d95ca137e49c808c30f8acde74a898e4fb2eb7fd36e151,0,23,12,0,0,1,0,9404.4807000000001,9130.6452000000008,11821.813
PSID_FULL:00306,PSID_FULL,306,8dcb04817574bc09d4e46167d91233840abe0642fa161a0ae315c43d23074549,0,34,12,0,0,1,0,9404.4807000000001,9166.4516000000003,23475.164000000001
PSID_FULL:00307,PSID_FULL,307,a1ee88124a17963c31bca15ae32986ee46a25b167871e4cfaaf37e9d54d8585a,0,35,12,0,0,1,0,9404.4807000000001,9313.2580999999991,11821.813
PSID_FULL:00308,PSID_FULL,308,747d6fe9a90aa338452ab2013ba77d62d42493eeaf9c88abc1c316ad6e38031a,0,23,12,0,0,0,0,9404.4807000000001,11834.031999999999,16846.082999999999
PSID_FULL:00309,PSID_FULL,309,1ddcb654775abd9818fa4d5e8ba1072a048fe217367f0f95d468f95cdd7dac60,0,21,14,1,0,0,0,9420.1548000000003,5370.9677000000001,9900.768
PSID_FULL:00310,PSID_FULL,310,e85e61fbba453a60814c1df430f2c4abfe8dc4c2ce9073a7043c82f80a50c596,0,21,12,0,1,1,0,9496.5661999999993,8772.5805999999993,10512.547
PSID_FULL:00311,PSID_FULL,311,80d71a0e4f6f34559d7f072c8f952f643fed7c1bd691a439d89dc0764169b6f9,0,26,12,0,0,1,0,9561.2219999999998,0,13299.539000000001
PSID_FULL:00312,PSID_FULL,312,0b51eaaf6143e8f6f97e4347a41429ebc1ae2687eba13221fffe47b364720466,0,23,13,0,0,1,0,9698.3706999999995,8593.5483999999997,23643.625
PSID_FULL:00313,PSID_FULL,313,0235327e3e62a0878f8e966a16dca4a576dfb07f192a61c3f1eaf602287c6832,0,27,12,0,1,1,0,9698.3706999999995,11279.031999999999,14038.402
PSID_FULL:00314,PSID_FULL,314,ab90709f92028fbb837a9fa2663ad85f3c981debaba0fc33b04cbf14116067e1,0,50,12,0,1,1,0,9788.4969000000001,9846.7741999999998,13299.539000000001
PSID_FULL:00315,PSID_FULL,315,e7cf590d497c52ffcc31bc13c669018c8d0ef77a64f219f0b97b1cfd0a21730f,0,27,12,1,0,1,0,9796.3340000000007,0,11821.813
PSID_FULL:00316,PSID_FULL,316,3398564020f5e86c3a7da98636c1c24e7c31183a0ee58c38543286a87d7ef24b,0,25,12,0,0,1,0,9796.3340000000007,2685.4839000000002,25121.351999999999
PSID_FULL:00317,PSID_FULL,317,6771e7f94d61f32792aaabc34825a3e17f53431bbc47fdfdba9a57bb5f9ed9e1,0,21,12,1,0,1,0,9796.3340000000007,4296.7741999999998,14777.266
PSID_FULL:00318,PSID_FULL,318,f3e20ca6c767ca12e04858669285e0b17093cbdb8b921c3c729fb0f9f5ea0eb5,0,21,13,0,0,1,0,9796.3340000000007,8593.5483999999997,28787.591
PSID_FULL:00319,PSID_FULL,319,71d9c3fab38ad47737453422c6ac6f814448735c0c726c944349c1725aef9794,0,33,12,1,0,0,0,9796.3340000000007,8951.6129000000001,0
PSID_FULL:00320,PSID_FULL,320,3bb9cd6f1bf35c8dfc82a526507e32df4c41dd3142cbf301dbb7675dda2d005a,0,19,12,0,0,1,0,9796.3340000000007,9846.7741999999998,20688.171999999999
PSID_FULL:00321,PSID_FULL,321,de98f5714fea52570f46ba77087d21ba1ab469b2549531821ec0b676d149c51c,0,20,12,0,0,1,0,9796.3340000000007,10204.839,29258.986000000001
PSID_FULL:00322,PSID_FULL,322,0e7a8cca6ad179d44bb104930df0af3613e8bd38dcfe5a157e85e926b79c73db,0,22,12,1,0,1,0,9796.3340000000007,10741.934999999999,11162.746999999999
PSID_FULL:00323,PSID_FULL,323,24746b9171ad65deb46518319ba0114d3cadaf0848fd72baf744b8429303df4b,0,32,12,0,0,1,0,9796.3340000000007,11458.065000000001,11821.813
PSID_FULL:00324,PSID_FULL,324,eabeecd9f5aa93b231e96dc289519e19964fa75cfbac9290a7489d60d15115ba,0,24,13,0,0,1,0,9796.3340000000007,11458.065000000001,11526.267
PSID_FULL:00325,PSID_FULL,325,aab5f63421deef7789215ee5c8f457f6424fff13b88fb89e73e9df895c8f6bc3,0,29,12,1,0,1,0,9796.3340000000007,12532.258,19210.445
PSID_FULL:00326,PSID_FULL,326,17175755d7fd2ae4ddeb6bacc503cc2101c07c1d5ef72cc155153f35dcac2079,0,23,12,1,0,1,0,9796.3340000000007,12532.258,11821.813
PSID_FULL:00327,PSID_FULL,327,06fb37e3d34a5581c4d1b0cf11c714029e933322a7ccf8bf59fc06c816151ce1,0,26,14,0,0,1,0,9796.3340000000007,13427.419,20688.171999999999
PSID_FULL:00328,PSID_FULL,328,b15ee0df5db1c0d677c7fdf28de4e2d36bd0c56d2e93b14f78ffb7189dd71bef,0,20,12,0,0,1,0,9796.3340000000007,13427.419,10713.518
PSID_FULL:00329,PSID_FULL,329,3d2626bd56b7324ccd327d4b6719b6812764e04081457c3440b5e4027eca08a8,0,27,12,1,0,1,0,9796.3340000000007,14322.581,11821.813
PSID_FULL:00330,PSID_FULL,330,ad1ecf78a4899e992f3d5a2db3ab33346326c5a544aadc293a788735441b2be9,0,24,12,1,0,1,0,9796.3340000000007,14322.581,33987.711000000003
PSID_FULL:00331,PSID_FULL,331,eb8bb00f5ca2b044fc8a0ba93799f71400a730998103d48d1fb2521f87dd8aa3,0,24,17,0,0,0,0,9796.3340000000007,16112.903,36943.163999999997
PSID_FULL:00332,PSID_FULL,332,786b2e47e56a15d87d5434062cbb35fcc572b15d2f5154d214a9e9b5a2fbbe73,0,21,13,0,0,0,0,9796.3340000000007,16112.903,20688.171999999999
PSID_FULL:00333,PSID_FULL,333,ed05faa2ffbd9248f0ea2589524e629f9ce7c32acc6d630ab2c857a69e9e6fd0,0,25,12,1,0,1,0,9796.3340000000007,21483.870999999999,6649.7695999999996
PSID_FULL:00334,PSID_FULL,334,cab3c02582fd63f45abe9e6cecfc3ff8435be365aed82f0b9ed7edd4aec512ef,0,30,12,1,0,1,0,9796.3340000000007,25064.516,29554.530999999999
PSID_FULL:00335,PSID_FULL,335,ed0ae58d4945fb06c269e5001a21533fb94b0d4cc9585efdc630c658ed38ad64,0,26,12,1,0,0,0,9913.8899999999994,10741.934999999999,15619.57
PSID_FULL:00336,PSID_FULL,336,522e4a9a66f05a06ad51b6aed25022f19dcff8c7c6a73d0360908983dff9b161,0,22,12,0,0,0,0,9951.1160999999993,14322.581,14777.266
PSID_FULL:00337,PSID_FULL,337,4e7b1a4ed1fd3a6effb24e6c5018b8f12800b6387f42b4580f7508e431f6c425,0,47,12,0,0,1,0,9968.7494999999999,10523.516,11283.92
PSID_FULL:00338,PSID_FULL,338,16152f6ecc20cc2c82b4e176cc14423e2c4b0321637d9eb80d7d54c8d4b11126,0,22,12,0,0,0,0,9992.2607000000007,15754.839,19949.309000000001
PSID_FULL:00339,PSID_FULL,339,ab5112b32150b9199dbbe37ff13f7573989aac969260f7cc32b3b4da728f889a,0,31,12,1,0,1,0,10188.187,8951.6129000000001,9605.2227000000003
PSID_FULL:00340,PSID_FULL,340,c17bdddea96995299277a46ca332b5fe3946d0246e9aaf42487174dbd621d60c,0,35,12,0,0,1,0,10188.187,9309.6774000000005,11821.813
PSID_FULL:00341,PSID_FULL,341,5ad2452d4f3d5d24833ec3e478a76d593fe38884d4ad962e320957ae0b76979f,0,49,12,0,0,1,0,10231.290999999999,11082.097,6537.4624000000003
PSID_FULL:00342,PSID_FULL,342,1cf3758268dadcb48d8c8ea833347882c9957ddb4e68d25378450779d98f4ca9,0,25,13,1,0,0,0,10246.965,15396.773999999999,12486.790000000001
PSID_FULL:00343,PSID_FULL,343,b11adc5258b911fb9222d26a70443e9077e6a00908ab813e5fc43b07a54fa60b,0,23,12,0,0,1,0,10290.069,10562.903,9221.0138000000006
PSID_FULL:00344,PSID_FULL,344,82bb5b8e9a69bb2150193094a12450fe430712076b6e6bdeda9b9c3d689cf398,0,25,17,0,0,1,0,10384.114,22004.855,49429.953999999998
PSID_FULL:00345,PSID_FULL,345,79896fda779dd2f40f00c5037eced4c9ec056a1d8801e852103377404738e5ce,0,23,16,0,0,1,0,10384.114,26854.839,11821.813
PSID_FULL:00346,PSID_FULL,346,14b4412f00b03d8cb15b1c84f41fd7eded12e83bca00b03c9a717e07b401a04f,0,34,17,0,0,0,0,10580.040999999999,7161.2902999999997,5910.9062999999996
PSID_FULL:00347,PSID_FULL,347,64eb44d18932a0cc04f275cdd5bd4d088247a0e0fbff0ccacd362915dc51c1e2,0,21,12,0,0,1,0,10580.040999999999,8056.4516000000003,12117.358
PSID_FULL:00348,PSID_FULL,348,0df0b47aaaa1bb576f5797d13fea0d092251ca7b7d97d62130cc07e686137a43,0,27,12,1,0,0,0,10623.145,3222.5805999999998,8866.3593999999994
PSID_FULL:00349,PSID_FULL,349,21be0887431bf674937cc46ff930d5a8da4c44752b28aee00317ba7cdb7b3ab3,0,23,12,0,0,1,0,10775.967000000001,5370.9677000000001,11821.813
PSID_FULL:00350,PSID_FULL,350,4105ade7e8cd16f3177e159657dfa368bf52b5a843d6b2c7d6fe1a8aecabf70a,0,23,12,0,0,1,0,10775.967000000001,7161.2902999999997,16993.856
PSID_FULL:00351,PSID_FULL,351,65da7fc563217a3bb2479c5ae001c7cca392bced8709ce5e81728a05db70bf05,0,32,17,0,0,0,0,10775.967000000001,7161.2902999999997,0
PSID_FULL:00352,PSID_FULL,352,a69c0080835a8af6e7c2da73e3e36c112eaad1a591e1cc2915674803cf4ec1cd,0,27,12,1,0,1,0,10775.967000000001,8951.6129000000001,7536.4054999999998
PSID_FULL:00353,PSID_FULL,353,58da4cb902de2370ca8e9ea18176e5e0da294fdfd0fccd2440eef3238ad1f892,0,24,12,1,0,0,0,10775.967000000001,9309.6774000000005,8275.2687999999998
PSID_FULL:00354,PSID_FULL,354,4f4f425ba4a2f8d26a5666dee3914f73aa1c0b458ec04e02bcf781c7ab9825e2,0,34,12,0,0,1,0,10775.967000000001,11637.097,14186.174999999999
PSID_FULL:00355,PSID_FULL,355,60a7c40dc4b83504628d1c1f7c6768e12dc45c67b6653836b785f6ab3451356c,0,29,12,0,0,1,0,10775.967000000001,12532.258,25860.215
PSID_FULL:00356,PSID_FULL,356,2474dd0063832da670d4c505ddbbbb7d01055de91d02fc206d93e3f30d58b33a,0,28,14,0,0,1,0,10775.967000000001,13427.419,0
PSID_FULL:00357,PSID_FULL,357,536ec91563669a508fd808a4f8b7f7cda98dd2b0fc4ddd17f8c12ae086212580,0,18,12,0,0,0,0,10775.967000000001,14322.581,21427.035
PSID_FULL:00358,PSID_FULL,358,d781e56544bef7683f3c9777da09a87de487b57a05681996d11f7afee58a2045,0,20,12,1,0,0,0,10775.967000000001,16372.5,29554.530999999999
PSID_FULL:00359,PSID_FULL,359,3dbccf5bd2ee17e0b3cd642879391f92f4f2942b5bd5908f3fa2756b6f6a4af3,0,25,13,0,0,1,0,10775.967000000001,16739.516,18966.620999999999
PSID_FULL:00360,PSID_FULL,360,e1027aee2ad3a2893ecdaf6d8021920b6b9258b040bd1cf95371e616f4359245,0,23,12,1,0,1,0,10775.967000000001,20481.290000000001,29391.982
PSID_FULL:00361,PSID_FULL,361,e42206333c5f2bba1f523cdd1509cb6aef7cc2c0260c41424aa75e6c0c096d57,0,26,17,0,0,1,0,10775.967000000001,29182.258000000002,35465.438000000002
PSID_FULL:00362,PSID_FULL,362,ba6604bfc652092738f70bb3da63d08bfc7dfaa6efb82e106322134d54e11e84,0,24,12,0,0,0,0,10873.931,15754.839,20132.546999999999
PSID_FULL:00363,PSID_FULL,363,0376be3581046dc4e46856e21bb0545b89b49ac38d1dab317591063237feefb6,0,23,12,0,0,1,0,10971.894,10204.839,31032.258000000002
PSID_FULL:00364,PSID_FULL,364,c1a5efc3cb27236c9a92eef2ff2447cc74e1e1123516d1fd0cbc0b49839dd4d2,0,23,16,0,0,0,0,10971.894,18798.386999999999,20924.608
PSID_FULL:00365,PSID_FULL,365,6efa89518177a5b6e4ee031adff3e3b695688905a2286908edc4cc2633acb55c,0,26,12,1,0,1,0,11167.821,1074.1935000000001,8866.3593999999994
PSID_FULL:00366,PSID_FULL,366,25e64ae4015e4124d50ada8637d86a090c0039678e05981669e924dd34c1b0ae,0,46,12,0,0,1,0,11167.821,7161.2902999999997,17732.719000000001
PSID_FULL:00367,PSID_FULL,367,14e9b3a0c4859742a0947a30cd864b086f666688afd5504252f6bdc7b0480595,0,23,12,1,0,1,0,11167.821,7812.9677000000001,14777.266
PSID_FULL:00368,PSID_FULL,368,5f9d2715abcbc04e092c1b11d1c4a0b269ef9e4964fdbd42e1a969986aad2ffd,0,41,12,0,0,1,0,11167.821,10741.934999999999,12412.903
PSID_FULL:00369,PSID_FULL,369,5bf01e8cee637a6d252d46e995f7d7a7e5f47ecc9f2db7a150bbd0e15f545fc4,0,19,12,0,0,1,0,11201.128000000001,14143.548000000001,24338.156999999999
PSID_FULL:00370,PSID_FULL,370,068d8cfba93d49672e1361913fa96db711db82b8e90e01a4bf649a20dbc0fa52,0,29,12,0,0,1,0,11259.906000000001,9041.1290000000008,26599.078000000001
PSID_FULL:00371,PSID_FULL,371,7865e64922ed83ca4626c23a71f565a6df2761f08f076cf8b630ace13f376817,0,24,12,1,0,0,0,11285.377,13069.355,10344.085999999999
PSID_FULL:00372,PSID_FULL,372,2ffbb50cb679095a9528879de75b71dd7cd60c63c566118d1b0606fd2d111dbf,0,23,12,1,0,0,0,11328.481,2685.4839000000002,29216.132000000001
PSID_FULL:00373,PSID_FULL,373,33677e8a0b42d475c8a3d0595c481c5954c08079f9f1d198045e93d815105ad6,0,22,12,0,0,1,0,11363.746999999999,4654.8387000000002,13299.539000000001
PSID_FULL:00374,PSID_FULL,374,783ff3b2d1a626072ee818cccb178819a0efdb709e0c21ecd2ce246f333b3ced,0,21,12,0,0,0,0,11363.746999999999,9667.7419000000009,13299.539000000001
PSID_FULL:00375,PSID_FULL,375,f31e53a4c615b522669bee471ebc0c579eabd2189b78070dbe31e4667ea24ca6,0,27,12,0,0,1,0,11363.746999999999,12532.258,4137.6343999999999
PSID_FULL:00376,PSID_FULL,376,5145264c9d4165160d77b0a36033ca8285330d21bca3e8f4deb7b890a4f54723,0,37,12,0,0,1,0,11430.362999999999,11372.129000000001,8866.3593999999994
PSID_FULL:00377,PSID_FULL,377,8a7b4823897e39ac92ba2a1e42f54c33e43f7661f22613041f3d26545e171802,0,44,12,0,0,1,0,11559.674000000001,7340.3226000000004,27781.259999999998
PSID_FULL:00378,PSID_FULL,378,d9edd6950746de0de8abb55dd35670724e696fc04a40cc1f57313069b2aef023,0,38,16,0,0,1,0,11559.674000000001,7877.4193999999998,17732.719000000001
PSID_FULL:00379,PSID_FULL,379,95aa6df4a3f2e059c24d04edbf80e2cc2e70a03b295e2d3f59b997b8a3823409,0,34,12,0,0,1,0,11755.601000000001,0,11821.813
PSID_FULL:00380,PSID_FULL,380,1fa3adef5a14ff69b583f2ed1b9693763fa2705c75098625869d7a81fd2cfdea,0,49,12,0,0,0,0,11755.601000000001,0,0
PSID_FULL:00381,PSID_FULL,381,15f2659421c11418d64990e881fe2fff3a479856c4d3f8d8a926463ebf6180b7,0,23,12,0,0,1,0,11755.601000000001,0,17732.719000000001
PSID_FULL:00382,PSID_FULL,382,7aa500ebb86c9053fde29df94d682fba2c076d3f37dea1145826063e6854257e,0,28,14,1,0,1,0,11755.601000000001,0,25874.991999999998
PSID_FULL:00383,PSID_FULL,383,ee887769224ea2e46203456ef57a57e80fae39426c6acd7ab14272ab03abacd9,0,43,12,0,0,1,0,11755.601000000001,0,295.54530999999997
PSID_FULL:00384,PSID_FULL,384,877c7b71c4081808a46188992fb075d3d1a41a195b25f4f54babb37ade28095d,0,28,16,0,0,0,0,11755.601000000001,6445.1612999999998,0
PSID_FULL:00385,PSID_FULL,385,688e2a61e28e890da3ad11ef2db751647406f1a8db71a2e79201b0fc78fe36d7,0,29,12,1,0,1,0,11755.601000000001,9846.7741999999998,20688.171999999999
PSID_FULL:00386,PSID_FULL,386,363f8a3a759701ddacbd529ec51678e6d0390ee5d9a294c193cb824063123061,0,53,12,0,0,1,0,11755.601000000001,9893.3225999999995,5172.0429999999997
PSID_FULL:00387,PSID_FULL,387,e5965cf9bc3f0885d71250cad53e9934705240f81894dc8c6a30f9fb0e2f495f,0,21,12,0,0,1,0,11755.601000000001,10204.839,12560.675999999999
PSID_FULL:00388,PSID_FULL,388,9a82b3382b6d40d95494b4e0b6deedd21167db49523cb197ed96a399c3a21331,0,24,13,1,0,1,0,11755.601000000001,10741.934999999999,31097.277999999998
PSID_FULL:00389,PSID_FULL,389,fd9bedc065b6fe12e018395b3848020323d1571038ecb41cbc748d874082f37b,0,21,12,0,0,1,0,11755.601000000001,10741.934999999999,6649.7695999999996
PSID_FULL:00390,PSID_FULL,390,1b74dd14fce86dba88981c1f27d12fa3f1999f703b6eb22c63d845f0c249f2a6,0,24,12,0,0,1,0,11755.601000000001,11074.934999999999,13742.857
PSID_FULL:00391,PSID_FULL,391,e741d64bf54be25beea6821649f30718460a7a665f5429fdc9aae6ad796f75ae,0,21,12,0,0,0,0,11755.601000000001,11637.097,10048.540999999999
PSID_FULL:00392,PSID_FULL,392,f9e510ce8867aecc08a213234e6932d562872fe0c94af1bfc950167a38b71578,0,23,14,0,0,1,0,11755.601000000001,11637.097,25121.351999999999
PSID_FULL:00393,PSID_FULL,393,bd3e3f02b01d1d63e668eec4df8ee9d1e899bddd40c630a327191040457e6792,0,28,12,0,0,1,0,11755.601000000001,12532.258,0
PSID_FULL:00394,PSID_FULL,394,bd3e3f02b01d1d63e668eec4df8ee9d1e899bddd40c630a327191040457e6792,0,28,12,0,0,1,0,11755.601000000001,12532.258,0
PSID_FULL:00395,PSID_FULL,395,4102d8045ee688b5e942b6ff77e282ece3051f39b03430111edd8ab7d6a27161,0,25,17,0,0,1,0,11755.601000000001,12621.773999999999,28963.440999999999
PSID_FULL:00396,PSID_FULL,396,97bf43effdb49c30046dbca40026fe51b4caf3f554af97b3b9fdb7d18773af71,0,23,13,0,0,1,0,11755.601000000001,13427.419,16254.992
PSID_FULL:00397,PSID_FULL,397,f58c0d98c7a3a2de97c4551797b1a543af4ee77af96e382292f7c16a3d6089b0,0,30,12,0,0,1,0,11755.601000000001,13635.097,26599.078000000001
PSID_FULL:00398,PSID_FULL,398,0c1eef37880a32877c09c919e67773180fefcd49540b12d6f6df9083fdfba655,0,23,12,0,0,1,0,11755.601000000001,13785.484,14186.174999999999
PSID_FULL:00399,PSID_FULL,399,b8127fbfac7e52118cd7b0d1e7619a4548a49e18e387881fd1e6e08ec290f647,0,26,12,0,0,1,0,11755.601000000001,14322.581,20688.171999999999
PSID_FULL:00400,PSID_FULL,400,9347c1d197623a81b0c4213a2b08d093bec56238fc34f4692b34bdbc1d0f69db,0,21,12,1,0,1,0,11755.601000000001,14322.581,16254.992
PSID_FULL:00401,PSID_FULL,401,188c1533acdfbedceed64de4497b5f7e3bac4c8c8921dfc4626b6b2f5cfbfbd1,0,26,12,0,0,1,0,11755.601000000001,14322.581,17732.719000000001
PSID_FULL:00402,PSID_FULL,402,7d64826f03a72396b4b8ac4e5725df63082dc29271012f9906cd60084c9fcbe5,0,25,12,1,0,1,0,11755.601000000001,14322.581,21427.035
PSID_FULL:00403,PSID_FULL,403,cf63cb1c98e573af7b59a057fec6f2aade7e8a9d61ad1decac797da7d80cb1ae,0,22,12,0,0,1,0,11755.601000000001,14465.806,18102.151000000002
PSID_FULL:00404,PSID_FULL,404,e49e61336e09fae535766000ed36b8fcbe6633337e56313252eaa772adc642db,0,28,16,0,0,1,0,11755.601000000001,15217.742,20688.171999999999
PSID_FULL:00405,PSID_FULL,405,42b74aa5bebe04eb11d898c6420359fc37ddbbdf2f024475c52ffc4ff479cb76,0,22,13,1,0,1,0,11755.601000000001,15217.742,0
PSID_FULL:00406,PSID_FULL,406,49ff062455e4b60461e747e32b6cb7df365dc156f64296883b87113f6cf0f76b,0,24,16,0,0,1,0,11755.601000000001,16112.903,31032.258000000002
PSID_FULL:00407,PSID_FULL,407,1c5ac6bdd1f73f5f8af586d30c3556460ee1c5ed2a0ad883a0d91c82c581b058,0,27,15,1,0,0,0,11755.601000000001,16744.886999999999,18442.027999999998
PSID_FULL:00408,PSID_FULL,408,32971cf1db547908351e840526a3be181e865176eec8ccb57f03ac81d61f86f2,0,19,12,0,0,0,0,11755.601000000001,19335.484,16254.992
PSID_FULL:00409,PSID_FULL,409,19f74a23c880027cd67eb0c8f986fc8434e0651e7ece1f38a2567ad1fb48430f,0,38,14,0,0,1,0,11755.601000000001,19693.547999999999,0
PSID_FULL:00410,PSID_FULL,410,8c3aa8b1aa37cbf9afeb523d2e6240f8a504e474883a49608992a288b69f2d62,0,38,14,0,0,0,0,11755.601000000001,21483.870999999999,7388.6328999999996
PSID_FULL:00411,PSID_FULL,411,23e4d5bc36195ea11b834defa7fd1a3ec5c4bf90198805d6ee9f23f6eef17115,0,45,12,0,0,1,0,11771.275,11270.081,16822.438999999998
PSID_FULL:00412,PSID_FULL,412,16c337fe0bfc9a548a17ca41054128a85e00381e7781756d201f4701e95bb2f8,0,26,12,1,0,1,0,11775.192999999999,14150.709999999999,16342.178
PSID_FULL:00413,PSID_FULL,413,00f7be5c646af73eeaa5c12a8ad630bbcd7bc5150eebb6688192eb60158dfb57,0,31,16,0,0,1,0,11784.99,9846.7741999999998,5390.7465000000002
PSID_FULL:00414,PSID_FULL,414,8444cda17a35709cc7a2a2c42d9ec2351498a00dcf8e35d0f926d32e5291b188,0,25,13,1,0,1,0,11931.934999999999,13824.870999999999,12656.727999999999
PSID_FULL:00415,PSID_FULL,415,1d4e9c04974d8e36600e50bcf90d6f8d125cff2a1191250274a116e9d26facc1,0,25,14,0,0,1,0,11973.079,14322.581,14777.266
PSID_FULL:00416,PSID_FULL,416,89714c8c56606592c304a9046afe6ee023c36309934b8d7315f8d7e29ca315ee,0,22,12,0,0,1,0,12051.450000000001,16025.177,13151.767
PSID_FULL:00417,PSID_FULL,417,7486363a3fe33a0eaf8fb23666503818a460768358da1fc953018a448abdc8a4,0,36,12,0,0,1,0,12147.454,13964.516,13299.539000000001
PSID_FULL:00418,PSID_FULL,418,93e77cbf342ca0bb1a4ab4d64cb6622db9cc0d97eaae52a145db73765b402c63,0,27,12,0,0,1,0,12147.454,14322.581,20142.891
PSID_FULL:00419,PSID_FULL,419,47e0519553c0b1f8e83d0e349a9df77bc6c16fb582780ea8b559041f94f12e4f,0,33,12,0,0,1,0,12147.454,16112.903,24382.488000000001
PSID_FULL:00420,PSID_FULL,420,e6fddfbf0980af43e1bbc1231b6b46980136c152469f59731404728bb5cbbd60,0,27,12,0,0,1,0,12147.454,23274.194,26599.078000000001
PSID_FULL:00421,PSID_FULL,421,cd5bf0cd4819334aad18ff6e30a3c85c68f5717ef4471e04aa7d5edd6d91a4d1,0,30,12,1,0,1,0,12225.825000000001,10741.934999999999,18962.187000000002
PSID_FULL:00422,PSID_FULL,422,4cbfb28dec556ab6be306720c8ba494772b9c560bdabfb6e5657ce2445bdc382,0,46,12,0,0,1,0,12343.380999999999,11637.097,11230.722
PSID_FULL:00423,PSID_FULL,423,3b1b1eb2f4966301a8a52de944aa71f71424bb8e8148f8d086d4ee074aeb8113,0,23,14,0,0,1,0,12343.380999999999,12532.258,14186.174999999999
PSID_FULL:00424,PSID_FULL,424,fe4c0bdf6da8b49192ee8d2ba00cc874f8f5d9a8e2e26344706053b6972895a2,0,25,16,0,0,1,0,12343.380999999999,13606.451999999999,21427.035
PSID_FULL:00425,PSID_FULL,425,06833cd35d2997e5f77af6c0c96f40d446f6762cdab329f01b73008df0e04b63,0,27,14,0,0,1,0,12419.791999999999,16829.031999999999,25178.983
PSID_FULL:00426,PSID_FULL,426,9af1d46f8d5b61d4d0a4098d9cb9be5b19bbe305f75f001ae4a19ffef2f17fc6,0,49,16,0,0,1,0,12504.040999999999,12353.226000000001,12560.675999999999
PSID_FULL:00427,PSID_FULL,427,6f69c5d9abb9d28c59e7d32fd54205bf9e9b40f82ba0d9d6ce0dd3d52788ee06,0,22,12,0,0,1,0,12539.308000000001,12532.258,14369.413
PSID_FULL:00428,PSID_FULL,428,3013e8b658587e173101982a54f1308a842d3b3bd843754dba55734faa4d461b,0,28,16,0,0,1,0,12572.615,21483.870999999999,23495.852999999999
PSID_FULL:00429,PSID_FULL,429,2c0873fc3059739b935b961eecdaa3311336117d9d3473182e4c7b69d4c63583,0,24,12,1,0,1,0,12658.823,19693.547999999999,19210.445
PSID_FULL:00430,PSID_FULL,430,9880e16981a23ba8fa039efe94e6b3616ff76290c1f4a4d68eb18f4c93d07fc6,0,37,17,1,0,1,0,12735.234,1306.9355,4236.6421
PSID_FULL:00431,PSID_FULL,431,f9289758b4b429b36261d32e34dfe86bbfba58c74b4260cdd51cd3fe13ba224b,0,22,13,0,0,0,0,12735.234,12532.258,17732.719000000001
PSID_FULL:00432,PSID_FULL,432,a3285d2517244cb3a073ec323e185054f1fe4c3b0cd0b3999761f87f0e05d035,0,23,17,0,0,0,0,12735.234,14322.581,28076.805
PSID_FULL:00433,PSID_FULL,433,53fcb0a77e2ab8ab24abfcabc2f282b101376c40df7660d689180d9bf7be354d,0,23,12,1,0,0,0,12735.234,14322.581,20688.171999999999
PSID_FULL:00434,PSID_FULL,434,a1a098201c1b62003731f2777cfbc06aebadd908ef2911ca10ef9acc073c24b1,0,26,12,0,0,1,0,12735.234,14322.581,14925.038
PSID_FULL:00435,PSID_FULL,435,8bc423b34db7cb619be20abb63e4bd34c10eec31e9b3e70cd11cbdc2cff0dabb,0,22,12,0,0,0,0,12735.234,16112.903,21131.490000000002
PSID_FULL:00436,PSID_FULL,436,79efca0425c7217453d82f6d6b707f19d819d69a4843e0cc01e317015e8f3222,0,31,14,0,0,1,0,12735.234,17724.194,29850.077000000001
PSID_FULL:00437,PSID_FULL,437,79efca0425c7217453d82f6d6b707f19d819d69a4843e0cc01e317015e8f3222,0,31,14,0,0,1,0,12735.234,17724.194,29850.077000000001
PSID_FULL:00438,PSID_FULL,438,43f4ac0d7f2c0b2bbf0eda112fe90f70640033fbc130adc8dbe52de9e21a7837,0,54,12,0,0,1,0,12735.234,17894.274000000001,19343.440999999999
PSID_FULL:00439,PSID_FULL,439,9c53c051e85c79650df9eadeed72c6c49fcbc13af6a05637c062c03d224543db,0,25,16,1,0,1,0,12735.234,18261.290000000001,10521.413
PSID_FULL:00440,PSID_FULL,440,7eb976809a9e0f3bdf8cc3e26fba305ae6eb3b7ca2f32d210e66f8f85e199f4d,0,28,12,1,0,1,0,12735.234,19693.547999999999,17732.719000000001
PSID_FULL:00441,PSID_FULL,441,12e9549459fdbd8f8409d9419846ba73d3d47179b8bc4ffb91e003ed486498cc,0,19,13,0,0,1,0,12735.234,19693.547999999999,28815.668000000001
PSID_FULL:00442,PSID_FULL,442,ca34f9d9b6e3cdffe9f3266fab717abcc3c4d1ed6c23e3367e00247128f81c3a,0,26,17,0,0,1,0,12735.234,25064.516,26599.078000000001
PSID_FULL:00443,PSID_FULL,443,53b32c12dbce7ae8ee9b9a8e77f91fbb83923598d8b66b4365c36f9676ae1559,0,28,12,0,0,1,0,12813.605,7161.2902999999997,16254.992
PSID_FULL:00444,PSID_FULL,444,30bc80fd54467abac5822829fc5ac0b7ad8ba177e2f7abdfc6f4e3bf4c570daa,0,20,12,0,0,1,0,12931.161,2363.2258000000002,14777.266
PSID_FULL:00445,PSID_FULL,445,259091df0450cd214c2655b9caf91d5916cbab717270f8c1cd51794c06de5915,0,26,12,0,0,1,0,12931.161,11100,22165.899000000001
PSID_FULL:00446,PSID_FULL,446,70076687b01ada25b798c3ebc4e50d1766d53d762a9dfe782c3268c891f44bca,0,25,17,0,0,1,0,12935.079,22379.031999999999,36943.163999999997
PSID_FULL:00447,PSID_FULL,447,5ed250717c30e300f90d1fcd1c071ff82d70648ec41dfe5c0edad16a27416a34,0,24,12,0,0,1,0,13029.124,13964.516,41571.404000000002
PSID_FULL:00448,PSID_FULL,448,3df9a958654ec30efeb229c23ace819a66687f2f045665b982caccfe7663c5fb,0,22,12,0,0,1,0,13127.088,8951.6129000000001,13595.084000000001
PSID_FULL:00449,PSID_FULL,449,3216f8ea00f62baf058bc76178bbf08414449eb5b5d614bbcc1153236bc2e539,0,27,17,0,0,1,0,13127.088,10741.934999999999,29554.530999999999
PSID_FULL:00450,PSID_FULL,450,e8a7901f4f29d7e49c883c3f3e42885d958da69c0905c5bdfcde9cd86f03e5c4,0,26,12,0,0,1,0,13127.088,12174.194,12687.76
PSID_FULL:00451,PSID_FULL,451,1a7f3948a574b29c3dd2d9fb9d7ec6667a7430bb3307953daf60c0e60e2c1a4e,0,27,12,1,0,1,0,13127.088,12353.226000000001,11526.267
PSID_FULL:00452,PSID_FULL,452,05351a069b880e8aef84175c27fa7bec638cb1a8b34635914570ecb280eeb5ec,0,19,12,0,0,1,0,13127.088,12532.258,24382.488000000001
PSID_FULL:00453,PSID_FULL,453,8350f0f51881d475307c50c7ddce14c41b3265c2326f52bf1f34ddb3fc35ac77,0,29,17,0,0,1,0,13127.088,19693.547999999999,0
PSID_FULL:00454,PSID_FULL,454,1114efa1b3e621bfe7d54bccfcee6a0bcfa8f338ab1248ba3d9b4dd7b3bad291,0,20,12,0,0,1,0,13244.644,8772.5805999999993,17289.401000000002
PSID_FULL:00455,PSID_FULL,455,4ab5a4fd1f6ccd48492e4182ed51082914f6e6928bf465449fe27e2f5b45c3ee,0,25,12,0,0,1,0,13291.665999999999,14202.629000000001,14777.266
PSID_FULL:00456,PSID_FULL,456,340c8815452b16adb41450dd8da0e91e02f660e9aa06cf6039d864405d3009f0,0,29,16,0,0,1,0,13323.013999999999,5370.9677000000001,17732.719000000001
PSID_FULL:00457,PSID_FULL,457,9265b943ae8c56a44fc64a162c68ab03f23e34d6014034c53f6ed575d10bcfd5,0,23,14,0,0,0,0,13323.013999999999,12174.194,14777.266
PSID_FULL:00458,PSID_FULL,458,28fe37968740457231d301390f7170ca3ebd6a2f0876a8b8e6ff8c4ef8d980e9,0,28,12,0,0,1,0,13323.013999999999,12532.258,10935.177
PSID_FULL:00459,PSID_FULL,459,37fd9cc1630a220cfef72a1eb227aea3ef29895d44a3d456bb618115a25e5965,0,30,14,0,0,1,0,13323.013999999999,14322.581,14777.266
PSID_FULL:00460,PSID_FULL,460,f3d0cde814d4d2f8c67b47c4133b4038d339233bb7be6b6cfecc6dd857a470c3,0,26,16,1,0,1,0,13323.013999999999,19693.547999999999,19934.530999999999
PSID_FULL:00461,PSID_FULL,461,fcbb834321ab714ca345cfc46b42f65760dd1ea8ab0dbd74467c2536f949d790,0,24,12,0,1,1,0,13493.469999999999,16470.968000000001,21035.437999999998
PSID_FULL:00462,PSID_FULL,462,1729947dc867f146809342d64ad4ded69327b425c38657d77c23cd6fa667606a,0,22,12,1,0,1,0,13518.941000000001,13427.419,12560.675999999999
PSID_FULL:00463,PSID_FULL,463,5b72be83b10aa241ba945cc3d6ffa710afe70d118b7aaf5474ceb033688076ec,0,27,12,0,0,1,0,13597.312,15833.612999999999,13246.341
PSID_FULL:00464,PSID_FULL,464,552103151bf56a525d1982f3cebbe93994aae37c53a446999c4158c6a21fe5a1,0,22,12,1,0,1,0,13665.886,17903.225999999999,13299.539000000001
PSID_FULL:00465,PSID_FULL,465,5e8e6b011c220ca3748a6a1f2010e5b948ac1e1ddc331e9538b1d4192712d81c,0,42,13,0,0,1,0,13701.153,0,33987.711000000003
PSID_FULL:00466,PSID_FULL,466,b6e85873cda73c7b883b45267fe1df4c820d93b94b86633b2e9a5afd62e08adb,0,22,12,1,0,1,0,13714.868,0,664.97695999999996
PSID_FULL:00467,PSID_FULL,467,1ace522621888a7f60c7e63dbc2fb32b1560d1248f0227d20a8e208bf864c936,0,47,12,0,0,1,0,13714.868,0,12560.675999999999
PSID_FULL:00468,PSID_FULL,468,aefb91a33558e9bf1bc5d5914a0cdb4b2ceb581fe8490c0bf105bf76d02f59fa,0,26,12,0,0,1,0,13714.868,716.12902999999994,22904.761999999999
PSID_FULL:00469,PSID_FULL,469,e26e1cf9cc7984fb162a386fca05d0899d8c610bd5f6ee713ec60d33626d6a28,0,21,12,0,0,1,0,13714.868,3222.5805999999998,14038.402
PSID_FULL:00470,PSID_FULL,470,d9ab68c05660148f68ca3d8139284c24d06487fadec0b3d348bc832476e598a5,0,25,16,0,0,0,0,13714.868,6042.3387000000002,0
PSID_FULL:00471,PSID_FULL,471,bc5085691535107f5d25de152aa256cd3325d76884ddb0dc89a9768b4ed69a36,0,25,12,1,0,1,0,13714.868,8235.4838999999993,17732.719000000001
PSID_FULL:00472,PSID_FULL,472,b084f041dfb3c0b6111249262cc3767a306f0efe801602d4263eca479a083240,0,23,12,0,0,0,0,13714.868,10741.934999999999,15959.447
PSID_FULL:00473,PSID_FULL,473,8eedba1b7b100024a6ebd65db3483902b15b75c3c25b87df063d26dfabf645a9,0,33,12,1,0,0,0,13714.868,11100,9605.2227000000003
PSID_FULL:00474,PSID_FULL,474,7284232b093309e6e1f76d50dd19e2ba9d2205c4f4ebcebc246d01ab4ad479cd,0,55,16,1,0,1,0,13714.868,11995.161,23531.317999999999
PSID_FULL:00475,PSID_FULL,475,db869ee689ce29b5b48876ce5683517459f9f99f62b73c437753304f4b9c5921,0,47,12,1,0,1,0,13714.868,12433.790000000001,14777.266
PSID_FULL:00476,PSID_FULL,476,576e7bcdaf6d0f0e43f5e59f7417a24ea1c902c94f677d61799308727444a642,0,20,12,1,0,1,0,13714.868,12532.258,8866.3593999999994
PSID_FULL:00477,PSID_FULL,477,8bd1dd874ecdfb7dbd90819264bc74f933c9ac31764c38ef636497681bb83649,0,26,12,1,0,1,0,13714.868,12532.258,11821.813
PSID_FULL:00478,PSID_FULL,478,53c38c6aab3099070f2fdeab80976a99a8cc619db78490fb5e5fcf55a101f531,0,31,12,0,0,1,0,13714.868,12532.258,14777.266
PSID_FULL:00479,PSID_FULL,479,05800c78d1d620f72c54d22c23b4448406ea8a06134f853b223f76b6a029a22a,0,30,12,0,0,1,0,13714.868,12532.258,2563.8555999999999
PSID_FULL:00480,PSID_FULL,480,581cdc63d000f21c8e584fb475eaca70d1358166638de449cdf6f4108f75cbaa,0,21,12,1,0,0,0,13714.868,13339.694,11651.874
PSID_FULL:00481,PSID_FULL,481,e051af1f4fe92308336f9e597798729b256f259e2f1c1faa6840c38ae028b56d,0,28,17,0,0,1,0,13714.868,13427.419,6827.0968000000003
PSID_FULL:00482,PSID_FULL,482,cbc22389ff41929c854d00f85fab4406652b02debff5c6b100e783b2d915bdcc,0,24,12,0,0,1,0,13714.868,13427.419,17732.719000000001
PSID_FULL:00483,PSID_FULL,483,ec7f369625f1457e4482c724c86f414fb756bdbd61ebe7b6967d266a85e2377a,0,28,12,0,0,1,0,13714.868,13606.451999999999,19210.445
PSID_FULL:00484,PSID_FULL,484,4bc88bdf343bc5379f4fa1aff8304f03302a83e4264a9bd315070642defcdeb4,0,23,12,0,0,0,0,13714.868,14322.581,22165.899000000001
PSID_FULL:00485,PSID_FULL,485,fcc6b55b035d1c62ac7667b6605ece90ed130d2b28c38954a155e02109e69a3e,0,35,12,0,0,0,0,13714.868,15038.709999999999,26599.078000000001
PSID_FULL:00486,PSID_FULL,486,960674c5757308851e4ee38499b1336a3c5fa0bb5772b7c41dda138642713d2b,0,27,14,0,0,1,0,13714.868,15217.742,13447.312
PSID_FULL:00487,PSID_FULL,487,bc0ba2154dc0dfd3d2d1e48845e41052a272d7e78a349997364fb2f1accaec9f,0,23,12,0,0,1,0,13714.868,15754.839,24205.161
PSID_FULL:00488,PSID_FULL,488,abf36bd0b4805889e2629d121a592792579faa5ab76080ee911f8203ad01a205,0,24,12,1,0,1,0,13714.868,16112.903,16254.992
PSID_FULL:00489,PSID_FULL,489,095a6273f5e46429478ce3d09870e875c043b2eff78f497a4bf0eb26a06f3ae0,0,24,12,0,0,1,0,13714.868,16112.903,16254.992
PSID_FULL:00490,PSID_FULL,490,e2cb0b4469dc8a4788a34455c638b20c56014cada5ae7bd4c6b05504c3f0860c,0,39,12,1,0,1,0,13714.868,17008.064999999999,14629.493
PSID_FULL:00491,PSID_FULL,491,6692d9bee0c83ac03181f7c10096667caea4c5c5d2cc3c8f6ecd9df8c015d3f9,0,33,12,0,0,1,0,13714.868,18082.258000000002,26081.874
PSID_FULL:00492,PSID_FULL,492,6794e3ee31c24fa3740a5b6223e0aa44c29617d1667c1652a46af9e6cbd0e11c,0,45,14,0,0,1,0,13714.868,19102.741999999998,30145.621999999999
PSID_FULL:00493,PSID_FULL,493,6794e3ee31c24fa3740a5b6223e0aa44c29617d1667c1652a46af9e6cbd0e11c,0,45,14,0,0,1,0,13714.868,19102.741999999998,30145.621999999999
PSID_FULL:00494,PSID_FULL,494,cf0eb4aaa16948ec5a2765a380ae9e8f2f9ec112b58771591624c6dd74e24ec7,0,27,12,1,0,1,0,13714.868,19425,25860.215
PSID_FULL:00495,PSID_FULL,495,699f6067345044a9ae584b1b16356c51ef86250d028c186c1b7d4af6cb3c9180,0,45,17,0,0,1,0,13714.868,23095.161,6649.7695999999996
PSID_FULL:00496,PSID_FULL,496,46dfc0ab40f4fc9f0533c016dbc7407de1b164e57de987a208e5176e046e3346,0,23,16,0,0,0,0,13714.868,25601.613000000001,31623.348999999998
PSID_FULL:00497,PSID_FULL,497,2381cbe944d4b7a37170eafe2c6a758d0eeb1ab59b9d3bdf6e085db094144f79,0,26,17,0,0,1,0,13714.868,29540.323,29554.530999999999
PSID_FULL:00498,PSID_FULL,498,aa1eeee91dd007e7e6bc607539745c1816b031c2788835eb5bbb793d92e5c59a,0,27,14,1,0,0,0,13812.831,17036.709999999999,20688.171999999999
PSID_FULL:00499,PSID_FULL,499,8493cee90bfe07527b18fc59268c27c47d1561c86aac5fcda8c5ab4a6d8e5419,0,21,14,0,0,1,0,13832.424000000001,8777.9516000000003,591.09063000000003
PSID_FULL:00500,PSID_FULL,500,8f28a0a75bd5e9b166ad628dc4f3ef882e35e5a3efe6a6b036e729e963726b11,0,20,12,0,0,1,0,13902.957,14322.581,19653.762999999999
PSID_FULL:00501,PSID_FULL,501,0f896f80f107d5b95c8db0e2c58bb6c24e479a8ac3e61274a4a0b74a73a04aea,0,29,12,0,0,1,0,13910.794,7161.2902999999997,19210.445
PSID_FULL:00502,PSID_FULL,502,06188c0cd4f87370c563ece1142ce7cfa59e6ee2e32d4025465360751cdf3e95,0,22,12,0,1,1,0,13910.794,8611.4516000000003,16218.049000000001
PSID_FULL:00503,PSID_FULL,503,105c71ad58eefb01a15395bfa47f9e2998f4bd0002ae507c75d47ac487312a98,0,24,12,0,0,0,0,13910.794,13427.419,19210.445
PSID_FULL:00504,PSID_FULL,504,7e73ea5985fc3e7164b34cef5550a11bd0bd7003c522bdd18e7e61c6eb54bca5,0,27,12,0,0,1,0,13910.794,14859.677,15072.811
PSID_FULL:00505,PSID_FULL,505,bceab4aa0afbbbe7dad5db4a0e2fdc613ab2bfabc4e3eea183f61f8bea23edf6,0,23,12,0,0,1,0,14063.617,11100,14777.266
PSID_FULL:00506,PSID_FULL,506,fb1b1b3816838a5a37b5f3a4c66bacf102647cb139efd7b6b590c4333a4a48bb,0,24,16,0,0,1,0,14067.536,24706.452000000001,37829.800000000003
PSID_FULL:00507,PSID_FULL,507,25df70ecf93371df88c51a823d78fb0dbd41125040712dbacca94f54e0303325,0,23,16,0,0,0,0,14106.721,6266.1289999999999,2955.4531000000002
PSID_FULL:00508,PSID_FULL,508,f9f3a72c5f207e68aa8d1b7020fafd8ceb9d22a2b1648f4132b031361e85ebd3,0,33,14,0,0,1,0,14106.721,14322.581,17732.719000000001
PSID_FULL:00509,PSID_FULL,509,c6a3aa8b62f7bb80f25c97e910a4c57837b7dd3f7b3a2f17722af174500e6910,0,21,12,0,0,0,0,14106.721,17903.225999999999,22165.899000000001
PSID_FULL:00510,PSID_FULL,510,8162787fa79b846eb8fbf893bf2ec40de6b0376af4a86d1ac20dfe66461da71a,0,23,12,0,0,1,0,14106.721,23453.225999999999,0
PSID_FULL:00511,PSID_FULL,511,0c593bd06f749ca608e872fab9389b0653e0abbb1ae26ce832d0f1aa6bb61ee1,0,20,12,1,0,1,0,14322.24,17903.225999999999,14777.266
PSID_FULL:00512,PSID_FULL,512,e70215c51b04d370f4c8578a17ea68086ca9df3ef4493adbb71a77fe33054563,0,24,12,0,0,1,0,14373.181,19693.547999999999,7388.6328999999996
PSID_FULL:00513,PSID_FULL,513,9d7188e179d45b9f7f403be00dbbea204556cbae454f3c863774143a2b634017,0,29,12,1,0,1,0,14392.773999999999,15396.773999999999,14777.266
PSID_FULL:00514,PSID_FULL,514,285f0f1693616c3b5c4fde17fa121619cd8c87d24b4291cf639dfc74fe59b055,0,34,12,0,0,1,0,14498.574000000001,14322.581,10048.540999999999
PSID_FULL:00515,PSID_FULL,515,542d3493b8dc64b326700230fa507c858409bff139600c99a1f377803fc2393f,0,44,12,0,0,1,0,14498.574000000001,14424.629000000001,14579.25
PSID_FULL:00516,PSID_FULL,516,41fa39a987e6f60dd87a43ad22f257f803f748dd3b7c8ccea11f73465980e8c1,0,23,12,0,0,1,0,14498.574000000001,19335.484,19210.445
PSID_FULL:00517,PSID_FULL,517,ee3188570918248dc168942f7e8c14aad35dfea34180fe9f34484a5850e3badb,0,26,14,1,0,1,0,14506.411,17187.097000000002,21678.249
PSID_FULL:00518,PSID_FULL,518,bd9e69fbff6b3174ff8ead10d55013c8fb22b4a77f9b051ab01d72e464049ac2,0,51,12,0,0,1,0,14533.841,19245.968000000001,17732.719000000001
PSID_FULL:00519,PSID_FULL,519,cef2bf8e76e274a67aaf2950cabe3c6f2a32939d86439726115a9d08de6180be,0,41,12,0,0,1,0,14684.705,23274.194,26599.078000000001
PSID_FULL:00520,PSID_FULL,520,91f11eb87e66fb71090d680144094317ff6ea682b36c2fa8018f6be7ec7daa0e,0,37,13,0,0,1,0,14694.501,8951.6129000000001,17732.719000000001
PSID_FULL:00521,PSID_FULL,521,6ce349a0997138f71ca75f63be600894d718ef0d2d6b2ae20979ea979ac268af,0,26,16,0,0,1,0,14694.501,11637.097,20688.171999999999
PSID_FULL:00522,PSID_FULL,522,5e374eb6b531388aab69f5e900dd220ddd7b506d258e1dd423109777ae64c0c5,0,24,12,1,0,1,0,14694.501,11816.129000000001,11821.813
PSID_FULL:00523,PSID_FULL,523,0ebcb5a0452762e5404ef695b0e6060dbf65795cae6b76b311dff4a179803897,0,22,14,1,0,1,0,14694.501,12532.258,21397.481
PSID_FULL:00524,PSID_FULL,524,0b4be315d25b0d678fa3d4b180ba6e61f10c74566016e7695d22027364adbe26,0,27,12,1,0,1,0,14694.501,13427.419,14079.779
PSID_FULL:00525,PSID_FULL,525,bf1e05e75fa7d7fdc200c5809f80809ccc8bac1e8165ff8b5cac778edee99fc0,0,23,13,0,0,1,0,14694.501,14322.581,20688.171999999999
PSID_FULL:00526,PSID_FULL,526,b192da212384bf3edd76112ce947b34095798c88697b26b3baefcb26101d2b8d,0,27,12,0,0,1,0,14694.501,14322.581,19210.445
PSID_FULL:00527,PSID_FULL,527,fd02cc2c8b87863ac0a778a1e13f8909fe5d257e52024f45ab1e8ae3fb22b9a3,0,28,12,1,0,1,0,14694.501,14859.677,19210.445
PSID_FULL:00528,PSID_FULL,528,e33bca5eaeb10a486de928776a5e79f6ca04c37ce22a3b24075ae4b3d40419b7,0,21,12,0,0,1,0,14694.501,15217.742,23643.625
PSID_FULL:00529,PSID_FULL,529,7e3a0df4c9b9281062f075fefb4fda00745e3a8f1c39e3ecf85a41e2ff80697f,0,28,12,0,0,1,0,14694.501,15933.870999999999,0
PSID_FULL:00530,PSID_FULL,530,8e650b52a590d7e6208ef8b66b942533f3b776221f8a956cc2462386a0f7772a,0,22,13,0,0,1,0,14694.501,16112.903,0
PSID_FULL:00531,PSID_FULL,531,5ffd848b36b8861e021ecb7e2bc8dbaa0b51bd8f3eb3080fde5670080d52ff34,0,20,12,0,0,1,0,14694.501,16112.903,26599.078000000001
PSID_FULL:00532,PSID_FULL,532,6ff523166dfd850055393849b43e40d14e7f9436dfeb7cde435ed0ab887b4a3d,0,24,16,0,0,1,0,14694.501,16470.968000000001,27337.941999999999
PSID_FULL:00533,PSID_FULL,533,97c978f7977b62aec82b8a1f4a7d81b8ea691ce499df66e2e75b276d5c084486,0,22,12,0,0,1,0,14694.501,16829.031999999999,21870.352999999999
PSID_FULL:00534,PSID_FULL,534,b16f2462f860323b81bd73875a1819423b4678887d888e7590233b97937dadff,0,27,12,0,1,1,0,14694.501,16829.031999999999,37829.800000000003
PSID_FULL:00535,PSID_FULL,535,6151bc319e4dbe9b075a0e3e3d342d33bbb4dc7f8760954a6b5c9790bdbc8376,0,35,12,1,0,1,0,14694.501,17187.097000000002,21279.262999999999
PSID_FULL:00536,PSID_FULL,536,d1688ebafd342eee09dceb80e30fd061450a7045eaf0e097149a9021e0435290,0,23,16,0,0,1,0,14694.501,19693.547999999999,29554.530999999999
PSID_FULL:00537,PSID_FULL,537,318db14f6bc6cdc9b30bd76cb8f3e6034b860a546dff730959c244d4223d6994,0,22,16,0,0,1,0,14694.501,19693.547999999999,2955.4531000000002
PSID_FULL:00538,PSID_FULL,538,216af00bfd85edca7bc6b2248dbe25f61bea757105f99c4de10e42485f4dfc11,0,23,16,0,0,1,0,14694.501,23274.194,25121.351999999999
PSID_FULL:00539,PSID_FULL,539,827cdc55acb237087a42c48da609972174411d74d804d6ed39b72e4bb445a593,0,20,12,0,0,1,0,14694.501,26854.839,31032.258000000002
PSID_FULL:00540,PSID_FULL,540,5908431cbbdfedb38f53dd93c7ba3620f21d2d78d2af58256d3606d8476254c5,0,22,12,1,0,1,0,14790.504999999999,14680.645,14038.402
PSID_FULL:00541,PSID_FULL,541,7d07f801337d6276b631d9c51b50dd1abae53efb250f62314adc752f47688c3c,0,24,12,0,0,1,0,14890.428,719.70968000000005,27963.02
PSID_FULL:00542,PSID_FULL,542,16e740aeeb8e9500ccafe142c74b926b8b6a91c6042b592f8f098066f1f29cee,0,26,12,0,0,1,0,14890.428,10741.934999999999,0
PSID_FULL:00543,PSID_FULL,543,b943efb4dbc020687c1d8f810f046c44686ec8b02da32779fc01308d15a51de8,0,42,12,1,0,1,0,14988.391,11185.934999999999,0
PSID_FULL:00544,PSID_FULL,544,9e624f404368188698d058342dea620f28b42311e8204659a8e292fe851f7c6d,0,28,15,0,0,1,0,15082.436,18619.355,13986.682000000001
PSID_FULL:00545,PSID_FULL,545,4958e795dda6bd497012ab2da02c844bc9708b458f8bd316518b7f7ae17aab7c,0,24,13,0,0,1,0,15282.281000000001,14322.581,32509.985000000001
PSID_FULL:00546,PSID_FULL,546,cab574e04e4503fce558386d147adae9e4a1570a38d04704c6078cc45ec56a7c,0,50,12,0,0,1,0,15282.281000000001,14322.581,13151.767
PSID_FULL:00547,PSID_FULL,547,cab574e04e4503fce558386d147adae9e4a1570a38d04704c6078cc45ec56a7c,0,50,12,0,0,1,0,15282.281000000001,14322.581,13151.767
PSID_FULL:00548,PSID_FULL,548,2147c0079bde3f7e9b69b31aac8f9488b676f745a70d7e7143e925acbb8418b0,0,28,13,0,0,1,0,15282.281000000001,14322.581,14038.402
PSID_FULL:00549,PSID_FULL,549,f433c3bdce685f1ad39424fb5f576cccf55766bb2ed101e6299667fdb9c6fb2f,0,25,12,0,0,1,0,15282.281000000001,16112.903,25121.351999999999
PSID_FULL:00550,PSID_FULL,550,21fdafc213a96fa2616f7a7cff2f119d0d070b4ed3fa567b612867df925b50f3,0,31,12,1,0,0,0,15282.281000000001,17903.225999999999,14777.266
PSID_FULL:00551,PSID_FULL,551,8f0bf1f2ce43253c5810618d36b2905649a75f86e0d8e0dcd61e27ba246fc143,0,32,16,1,0,1,0,15282.281000000001,19693.547999999999,28076.805
PSID_FULL:00552,PSID_FULL,552,5224719b8ab36df6b0b6c4c57148ff9e7df63d35acdea59429a6a9ca3a358dd7,0,22,12,0,0,1,0,15282.281000000001,19693.547999999999,21870.352999999999
PSID_FULL:00553,PSID_FULL,553,68caa9fdc3dd61338b7f96aa11942b26930cfcfd119238ddfbd5555fb2a2dcb4,0,22,13,1,0,1,0,15403.755999999999,14320.790000000001,18660.731
PSID_FULL:00554,PSID_FULL,554,4b27ea5057719aea64c39108e290dd50f4ed7e06ad004acbcd57075be76d7f82,0,26,12,1,0,1,0,15411.593000000001,8951.6129000000001,11082.949000000001
PSID_FULL:00555,PSID_FULL,555,9b1321f99695033cb117bbac3e986a3361c28ad04f40710d46f0631f2fa2e9d1,0,22,12,0,0,1,0,15478.208000000001,8951.6129000000001,14186.174999999999
PSID_FULL:00556,PSID_FULL,556,178b0b3b4b1c501158231f553d84ef89a0825d88b37d885fee43d2848d2884f9,0,29,12,0,0,0,0,15478.208000000001,14370.919,12615.352000000001
PSID_FULL:00557,PSID_FULL,557,6c5463b1733cce15a6b28ea88996e88e79bf015c7c6b7a6328d1cad2e8581c03,0,53,17,0,0,1,0,15478.208000000001,16399.355,15663.902
PSID_FULL:00558,PSID_FULL,558,d2afe614e2b2c3d39dbdbf7a31b6581a55af6259c96a4c73c0437ff9f9401927,0,25,12,0,0,1,0,15478.208000000001,17724.194,31327.803
PSID_FULL:00559,PSID_FULL,559,13a8674413cc40c67e59d4df1da48aec556246ed476d0cd18cda6c5d9c56a86b,0,26,12,1,0,1,0,15478.208000000001,18175.355,19949.309000000001
PSID_FULL:00560,PSID_FULL,560,5570b9ae173fec3f866d05f729f2e75a7c90be5a9a1bfc646047f8bd19b3b46f,0,24,16,0,0,0,0,15587.927,19505.564999999999,19210.445
PSID_FULL:00561,PSID_FULL,561,6b94050e1497c4c9ec396ab55ae37664cdadf750e8ec02621a439fa28c42a2b6,0,27,17,0,0,0,0,15674.134,0,41376.343999999997
PSID_FULL:00562,PSID_FULL,562,34b21f7c499f8ac3b62847122dbe085bb897bfa4fe1017d0eabebbb4c6c3b27f,0,46,12,0,0,1,0,15674.134,734.03225999999995,20688.171999999999
PSID_FULL:00563,PSID_FULL,563,89ea2ae071495c710d9964d33fbf5cbcd6bd083cd32f5d718cb0edd4e48502cb,0,25,12,1,0,1,0,15674.134,3738.1934999999999,10512.547
PSID_FULL:00564,PSID_FULL,564,a2527d7e5f417e13bb308937c4f1cb17918a9182b6e1182ac99e8eb6ef280815,0,21,13,0,0,0,0,15674.134,4946.6612999999998,1733.3733
PSID_FULL:00565,PSID_FULL,565,5bef52c66e7362b33ae150aaae2217b2efe4e031ca9d21600e7b90e1503b6959,0,37,12,0,0,1,0,15674.134,8951.6129000000001,28076.805
PSID_FULL:00566,PSID_FULL,566,5bef52c66e7362b33ae150aaae2217b2efe4e031ca9d21600e7b90e1503b6959,0,37,12,0,0,1,0,15674.134,8951.6129000000001,28076.805
PSID_FULL:00567,PSID_FULL,567,6a89b8542aa59c1c3fd20741e4b4a9477b10c7544299ffcd7ff44da5fa4076ba,0,28,15,1,0,1,0,15674.134,9452.9032000000007,31032.258000000002
PSID_FULL:00568,PSID_FULL,568,7d93359d233f2113b19844ff49eb5fd17294dbc7d4d61ae4652c13c658d1aacb,0,22,12,0,0,0,0,15674.134,10741.934999999999,28963.440999999999
PSID_FULL:00569,PSID_FULL,569,6923b1462d1431093a1c118f3ac40bed124832fd031a440444a9ca5b7086ecd4,0,22,12,0,0,0,0,15674.134,11637.097,20688.171999999999
PSID_FULL:00570,PSID_FULL,570,b7d83af16b241a2d9b85bf412432a39407a2adfd18fdcf265b48bcf44a6ffd54,0,27,12,0,0,1,0,15674.134,12532.258,19210.445
PSID_FULL:00571,PSID_FULL,571,23d753dae829b49f1216a776afb84464f6606dc4e01dcc74920d6bd57da30cb3,0,21,13,1,0,1,0,15674.134,12532.258,25121.351999999999
PSID_FULL:00572,PSID_FULL,572,faeeca4ee278a37cefacedaffdb3f9d1495478e34423c0369e28841d5577e26a,0,49,16,0,0,1,0,15674.134,12890.323,17732.719000000001
PSID_FULL:00573,PSID_FULL,573,4d4044fcfb9827f494eb58a6f9beb764aee5bb0075c49e4387880b0033ca5277,0,26,12,0,0,1,0,15674.134,13427.419,0
PSID_FULL:00574,PSID_FULL,574,928a5e144f9da1cc59bf0d0c687c741b9c3c114505cb43fb10f09e9c6bed59ad,0,33,14,0,0,1,0,15674.134,13427.419,13890.629999999999
PSID_FULL:00575,PSID_FULL,575,6a9554d6a8cd963e39ad9da9b3d9634dc3237b1f84541046ea19bbeb6480abb4,0,28,15,0,0,1,0,15674.134,13785.484,15959.447
PSID_FULL:00576,PSID_FULL,576,1fe96bdb6b13d9fd5f7dcb54b865d0f06443e72bd6ef17d3b556616dd1e3baa1,0,29,17,0,0,1,0,15674.134,14143.548000000001,25860.215
PSID_FULL:00577,PSID_FULL,577,b867dd32fa393b150a8cb70b19240d069e282288a140537d16c22784c8b4d13e,0,54,16,1,0,1,0,15674.134,14322.581,11821.813
PSID_FULL:00578,PSID_FULL,578,e4444a91967391fcf85d632f97364ce444349d3ef1b0e2023f37c2b0a0e53c84,0,25,14,0,1,1,0,15674.134,14322.581,20702.949000000001
PSID_FULL:00579,PSID_FULL,579,1df9ceaea0e43bd574902f872370c18774fed425dd9b334141a2b48781dc2dd7,0,32,12,0,0,1,0,15674.134,14322.581,13299.539000000001
PSID_FULL:00580,PSID_FULL,580,20c33898c1e4d57deedb6172527519eac015831698bbf360226d469f61d80068,0,40,12,0,0,1,0,15674.134,14322.581,16254.992
PSID_FULL:00581,PSID_FULL,581,20c33898c1e4d57deedb6172527519eac015831698bbf360226d469f61d80068,0,40,12,0,0,1,0,15674.134,14322.581,16254.992
PSID_FULL:00582,PSID_FULL,582,1be54a6929d5930d4934cf094b6c341228664575a277b47790e1d7f6b318116f,0,27,16,0,0,1,0,15674.134,14322.581,22165.899000000001
PSID_FULL:00583,PSID_FULL,583,910acf4d746f26e55cea018c475377c07f4537e186dc3a92903aa47e23c2341c,0,24,12,0,0,1,0,15674.134,14680.645,17732.719000000001
PSID_FULL:00584,PSID_FULL,584,58b2a2dd6d9beb0d239f2672c061c121769897f703b75370bd0b4cda346bbe93,0,43,12,0,0,1,0,15674.134,14680.645,13831.521000000001
PSID_FULL:00585,PSID_FULL,585,1416508665841303a1ef7c7b3bf639212f7d2b5a4fa0e290900d69b19f551170,0,25,16,0,0,1,0,15674.134,15217.742,19062.672999999999
PSID_FULL:00586,PSID_FULL,586,f5e07e44f22c574a654dde09d0f9efea662e4870fa8f5821eff9dcb7db9399e8,0,26,12,1,0,1,0,15674.134,15217.742,15516.129000000001
PSID_FULL:00587,PSID_FULL,587,133c8e0ef76af84480dd6c4a92370f76ca04533ae68bdd8402329bf77a204891,0,34,12,1,0,1,0,15674.134,15754.839,17732.719000000001
PSID_FULL:00588,PSID_FULL,588,5d436400dd72d7344563a424fa0e184bc895762f51418287d05d8036d0598245,0,21,13,0,0,1,0,15674.134,15933.870999999999,25121.351999999999
PSID_FULL:00589,PSID_FULL,589,5a350fec970ec84c5fb4b1719f94d39dada7b58d74ad804187dd9c44f87e51fb,0,21,12,1,0,1,0,15674.134,16112.903,11821.813
PSID_FULL:00590,PSID_FULL,590,367d1957cf581aae0e5bdf89ff5b0779fc680efe1afcab58c1835777eaa5f097,0,23,12,1,0,1,0,15674.134,16202.419,19210.445
PSID_FULL:00591,PSID_FULL,591,0d489bc7157f714b9e1cf150f1fca27e45d9f8f51418adb6fbd6f2c61e26326f,0,26,12,0,0,1,0,15674.134,16470.968000000001,35022.120000000003
PSID_FULL:00592,PSID_FULL,592,9fc600151dd8ec7b820f11ac81720f9e4b9893356af1559969336f2238a4a4cc,0,28,14,0,0,1,0,15674.134,16757.419000000002,16254.992
PSID_FULL:00593,PSID_FULL,593,ccfe86e4e2f9f726639609df4d35d82d0a79ce31b761ee550c04fa2124b0c78e,0,26,17,0,0,1,0,15674.134,16829.031999999999,19210.445
PSID_FULL:00594,PSID_FULL,594,8a0bb8c3e7393d54171cfb8432e34cb06b3e93f47a640470d6f686d589e348dc,0,20,14,0,0,0,0,15674.134,17008.064999999999,26599.078000000001
PSID_FULL:00595,PSID_FULL,595,8634bba33a6f5a3c9aec97f794f0354ac5b66807639e39dfcba3e270b8dbb028,0,26,12,1,0,1,0,15674.134,17983.790000000001,20688.171999999999
PSID_FULL:00596,PSID_FULL,596,6ccadd1cb34506d534e2509911d72140e76d121c19113594c09d73f89b694747,0,21,12,1,0,1,0,15674.134,19693.547999999999,19210.445
PSID_FULL:00597,PSID_FULL,597,698941b063945da543ceb69a420c671661e9de5e164d8b65ff20d62529c06828,0,41,12,0,0,1,0,15674.134,19693.547999999999,32509.985000000001
PSID_FULL:00598,PSID_FULL,598,76957b4ab5d15bac79f0a247ca6a199388cd3e221911a8a29d4d2e7a9ddd502e,0,28,16,0,0,1,0,15674.134,19693.547999999999,28815.668000000001
PSID_FULL:00599,PSID_FULL,599,0cc2f8b34f3b19da3fa6fb699324786a50a7988d8dfd7133ae7a92fdf47b1510,0,23,16,0,0,0,0,15674.134,21483.870999999999,26599.078000000001
PSID_FULL:00600,PSID_FULL,600,0cb33794e26ac2f7cb3dee863547f34f0eaa1bec707df5d029a3ec63582d05ac,0,22,12,0,0,1,0,15674.134,22916.129000000001,31771.120999999999
PSID_FULL:00601,PSID_FULL,601,d8912b3f25195fcc6817c1888755013ba4616dc9f6ed103426ac008224df70e5,0,27,14,0,1,0,0,15674.134,23274.194,27337.941999999999
PSID_FULL:00602,PSID_FULL,602,bea8b611ac91907eb9740b38bd0bad0d9237cc26f3fdf825791a2fe7b699bba1,0,26,16,0,0,1,0,15674.134,23274.194,29554.530999999999
PSID_FULL:00603,PSID_FULL,603,7dff0a6ee3ba08ef1b15757f036b54835539ac5a378e9b39589446626f6daab4,0,54,12,0,0,1,0,15674.134,25064.516,0
PSID_FULL:00604,PSID_FULL,604,7dff0a6ee3ba08ef1b15757f036b54835539ac5a378e9b39589446626f6daab4,0,54,12,0,0,1,0,15674.134,25064.516,0
PSID_FULL:00605,PSID_FULL,605,82ed9cbd47d1e1dd1e6591acd64802abf207efea417a964e86e7b707a3b478a0,0,54,12,1,0,0,0,15674.134,25064.516,20688.171999999999
PSID_FULL:00606,PSID_FULL,606,4296ad54236ae6768acd97bf4b7cbd353db2404da4f8776e97ea483ce5dea2c3,0,37,16,0,0,0,0,15674.134,26854.839,29258.986000000001
PSID_FULL:00607,PSID_FULL,607,cfda8852b3ee319349267dd7e120fe1e528443a1ff642a315122454bfff51e08,0,32,13,0,0,1,0,15674.134,30435.484,22018.126
PSID_FULL:00608,PSID_FULL,608,3bd2ed6327bd7e91a0b50e9a05fff0ab2ddd4b6496bbc8a135842d85866d621e,0,29,12,0,0,1,0,15678.053,17487.870999999999,10196.313
PSID_FULL:00609,PSID_FULL,609,811f3abadd868b19bd97bf90fd901208904f69a5d92e6a6a66908491e6393464,0,22,13,0,0,1,0,15870.061,15826.451999999999,35465.438000000002
PSID_FULL:00610,PSID_FULL,610,27132aecefb7b7c219970777f4d9558c81dfcf5ec713db1d931fb33d6ad120fc,0,23,12,1,0,1,0,15870.061,30435.484,27781.259999999998
PSID_FULL:00611,PSID_FULL,611,789d7eb571607e9507f58cdad88bff557b00adb97de09fb7d91aa103e3e39c0d,0,36,12,0,0,1,0,15873.98,12727.403,17444.562000000002
PSID_FULL:00612,PSID_FULL,612,2cecedbd2bc950e8e4d7624715546688bb0cec3a91fcc3052b6f07cecd5b9cc7,0,21,13,0,0,1,0,15960.187,21483.870999999999,14777.266
PSID_FULL:00613,PSID_FULL,613,3d421dc80b3b0902688593617ce70d47cb398045dcc3f7d7fc62b0535c1d3789,0,21,12,0,0,1,0,15987.617,16291.934999999999,14481.719999999999
PSID_FULL:00614,PSID_FULL,614,75b91fa94b03282f32691f64940f0339ab9f4bfedefb62882ebc1ca3514f6480,0,26,12,1,0,1,0,15987.617,17903.225999999999,19505.991000000002
PSID_FULL:00615,PSID_FULL,615,b36fc12168a53779dfe8365ce94fbce0269ec069ba6cd82b4f04d3dfb311b906,0,28,12,1,0,1,0,15987.617,19693.547999999999,13299.539000000001
PSID_FULL:00616,PSID_FULL,616,b668a0edfcff84c7258d95ed918600d1dd2896be153c20d964931447b6292ebc,0,43,12,0,0,1,0,15989.575999999999,14322.581,14777.266
PSID_FULL:00617,PSID_FULL,617,18fa62b71882231c81ce636af415c3e3f27174d512563199ddb70af864682883,0,27,12,1,0,1,0,16011.128000000001,16112.903,20460.601999999999
PSID_FULL:00618,PSID_FULL,618,ac245dd09c4098131881c36c09bed8af5b9ccc60369ee6bf2cfa3c120a63d04b,0,36,17,0,0,0,0,16015.047,30793.547999999999,29584.085999999999
PSID_FULL:00619,PSID_FULL,619,6793d89905f13db9fbecfea6f75d530ea34ea55f294305bb4a4dd90509efac15,0,23,12,0,0,1,0,16065.987999999999,4833.8710000000001,25564.669999999998
PSID_FULL:00620,PSID_FULL,620,e24bb5c42efc1b2af648ac130dd3cd27b2c3c58963adc5b674b5688788b22140,0,31,12,0,0,1,0,16065.987999999999,15038.709999999999,17732.719000000001
PSID_FULL:00621,PSID_FULL,621,b28500c02384fc41ca4f1b90dacc227b2e22d689480139f5b0c9b4e3eaced447,0,25,14,0,0,1,0,16065.987999999999,15217.742,18471.581999999999
PSID_FULL:00622,PSID_FULL,622,a131ad2b0520d6c8db937d9d88e657d97ee1c47b0db93ee23e828f171903f669,0,35,12,1,0,1,0,16065.987999999999,16086.048000000001,19210.445
PSID_FULL:00623,PSID_FULL,623,e540c51cd1bac9dfc12e05dd93aedc92056dbaa53486fa32599e6b4ed0997c61,0,23,16,0,0,1,0,16065.987999999999,16829.031999999999,20688.171999999999
PSID_FULL:00624,PSID_FULL,624,b1f1a3923bd580a72956244582f24c99c58828eb9dd2377f2364e9d30f941f6f,0,21,12,0,0,1,0,16065.987999999999,20588.709999999999,28815.668000000001
PSID_FULL:00625,PSID_FULL,625,3baa1499aabe1721c247cf6c7e65a1378e25313426f3c23a966e09e3ef7067c8,0,22,12,0,0,0,0,16230.566000000001,9846.7741999999998,2955.4531000000002
PSID_FULL:00626,PSID_FULL,626,b072ebb894baacc8ae2e8966a408f45e660bde99f8c1b07e8c4dfeefedf41fdb,0,36,12,1,0,1,0,16261.914000000001,21304.839,22165.899000000001
PSID_FULL:00627,PSID_FULL,627,b7a91b20136c65c95c9cd2dfed1fd6bd08c64e06eb2f0baf17e99c03bce98b8b,0,21,12,0,0,1,0,16306.977999999999,18529.839,11969.584999999999
PSID_FULL:00628,PSID_FULL,628,1612cc8333bd43ce1e7c30f72777ef889d49bbee1999a1717e350fb3879e3b22,0,28,12,0,0,1,0,16393.185000000001,13298.516,0
PSID_FULL:00629,PSID_FULL,629,ad673f3b404e400f89419c2c21043dc970fde1f209af6e38ade77ec4c8f68a8f,0,24,12,0,1,1,0,16457.841,8951.6129000000001,21870.352999999999
PSID_FULL:00630,PSID_FULL,630,661543580babea4e7aa381e77c4d379766606d32a665bebf90a3fd272580fb09,0,30,12,0,0,0,0,16457.841,14680.645,15146.697
PSID_FULL:00631,PSID_FULL,631,9b0ac1f7c5b5716e3b26a84d2c75b88a96470d07af00e1003acb996e6b623081,0,44,12,0,0,1,0,16457.841,16112.903,17289.401000000002
PSID_FULL:00632,PSID_FULL,632,e68995ffe685a09cb3c8bf450826fe34f2c613a39583322082e72f590c4b77e7,0,30,12,0,0,1,0,16457.841,16650,19949.309000000001
PSID_FULL:00633,PSID_FULL,633,4d4a7ca38d855d51cc0610aa9ee9664d01e8be9ba66d5302cc020abbb9f2ccd4,0,34,12,0,0,1,0,16457.841,16829.031999999999,20688.171999999999
PSID_FULL:00634,PSID_FULL,634,67a4dc5bd26628432e209a58334d2a6007c47e0a2a4716f507d44ff15ce03e0a,0,26,16,0,0,1,0,16457.841,21483.870999999999,40637.481
PSID_FULL:00635,PSID_FULL,635,f719e11df9ecdd02f9aa4430f9e614dac1512fe56468c41f679479037d053a49,0,23,16,0,0,1,0,16457.841,21483.870999999999,18471.581999999999
PSID_FULL:00636,PSID_FULL,636,87098f5b34150ddc0625a8e878a2620d99b37eb73a8c94168ba0909fa8ce41b0,0,20,12,0,0,0,0,16497.026000000002,19604.031999999999,19653.762999999999
PSID_FULL:00637,PSID_FULL,637,9c03bdde5734a3e31814da37a6fb8ac69cfc9e4fd56dc792b20dd3d2a68d169c,0,26,13,0,0,0,0,16653.768,3580.6451999999999,8866.3593999999994
PSID_FULL:00638,PSID_FULL,638,b06b8d5d4e35684efc80c530f299ef3c8f00679c9c65c616e5e36a832c99496c,0,21,12,1,0,1,0,16653.768,9846.7741999999998,7388.6328999999996
PSID_FULL:00639,PSID_FULL,639,9329add7c2bfbb3415842b0370d5ba1dfa1bfadfd3ee47ce428a5a06b83761e2,0,25,12,0,0,1,0,16653.768,12181.355,17732.719000000001
PSID_FULL:00640,PSID_FULL,640,71dca8090afee6b877f010f255dca5b9efd6ca39f713fc979844f7037ab6a8ce,0,23,15,0,0,1,0,16653.768,13427.419,16993.856
PSID_FULL:00641,PSID_FULL,641,f1ba9cd257b50b4703306df64aeb19b0c5914b11198b4dac2da1a9ffb70ed6fc,0,25,12,1,0,0,0,16653.768,14859.677,22904.761999999999
PSID_FULL:00642,PSID_FULL,642,2166fc8a961e885855f6cec0d36125f10f0c1c929f4728efdb0d1a3e49a56407,0,28,16,0,0,1,0,16653.768,15396.773999999999,17437.173999999999
PSID_FULL:00643,PSID_FULL,643,478b9f8a6e738f3ab48cf54b52ae154cee41896be1c7aa45ab6a849ad8389b5c,0,38,14,0,0,1,0,16653.768,16112.903,19505.991000000002
PSID_FULL:00644,PSID_FULL,644,9bb09f338ceef866f32578a8fb38313d89cf92cfdd675c5704781bbe14b20745,0,29,17,0,0,1,0,16653.768,16112.903,17732.719000000001
PSID_FULL:00645,PSID_FULL,645,fef4c16efab4b48f92c62bc8e1434a82e229ed7b401d5d6fba22b6e7eedf3b5a,0,24,17,0,0,1,0,16653.768,16650,20688.171999999999
PSID_FULL:00646,PSID_FULL,646,75ffefde21663782b235877d7e2d0c5906ba19b410bef6082289e08e7986f1c5,0,25,16,1,0,1,0,16653.768,17008.064999999999,21870.352999999999
PSID_FULL:00647,PSID_FULL,647,ae1aaa2213161da0b0544d49b618ffbc5cacb171dee8085ad766ea4eecb3bfc0,0,55,12,0,0,1,0,16653.768,17545.161,16254.992
PSID_FULL:00648,PSID_FULL,648,5345cc318dcb18d1dcce1b1ffe7ed56f4e428e21bc4a1d8d6fa5d7b97a7cc1ad,0,30,14,0,0,1,0,16653.768,17545.161,0
PSID_FULL:00649,PSID_FULL,649,9588821c634832b75d038425187c51b2bda34d2247f90f3bf68817d02e7ebf22,0,21,12,0,0,0,0,16653.768,17903.225999999999,19210.445
PSID_FULL:00650,PSID_FULL,650,b5c4b2c0d7f94bdc0fffcecf94b6205e4dd5a2b493914b478430359a6f790333,0,26,12,0,0,1,0,16653.768,17903.225999999999,17732.719000000001
PSID_FULL:00651,PSID_FULL,651,b150bd1332ec565964aa04573a31f47ceb4ebc76f85a296c037cc1da311c05c3,0,34,12,0,0,1,0,16653.768,19532.419000000002,16254.992
PSID_FULL:00652,PSID_FULL,652,af1363c31a6ac6e25752a7cf95ab6038fdd13c9c35c52e4e931daa11da309d96,0,22,12,0,0,1,0,16653.768,19693.547999999999,26007.988000000001
PSID_FULL:00653,PSID_FULL,653,0ea9cbd623619c600507e3bca2e459423325be4f4eeab5719e5962ecd404e77c,0,22,16,0,0,0,0,16653.768,22737.097000000002,37682.027999999998
PSID_FULL:00654,PSID_FULL,654,96bb0e3f1daa414bf9fa4cf9c6b7f1756ebc377fdf62960c25a0b9ed9a509137,0,27,15,0,0,0,0,16653.768,23274.194,23643.625
PSID_FULL:00655,PSID_FULL,655,007d6e73075d64577e13b04e8ccc94b2d8fd10da8306d6271dd3e9dde24dbb09,0,26,12,0,0,0,0,16653.768,23274.194,2955.4531000000002
PSID_FULL:00656,PSID_FULL,656,2b81d34cd6e6d93a26d2bbf156bb351abfa260f73e2d2140de3f795f13a8c2c9,0,26,16,0,0,1,0,16653.768,24706.452000000001,29554.530999999999
PSID_FULL:00657,PSID_FULL,657,257e3624cb3d8cd47ff6ec0b198e1880b2b02c6027143ff0dc0fb4f32b7fc98b,0,24,14,1,0,1,0,16653.768,28466.129000000001,40637.481
PSID_FULL:00658,PSID_FULL,658,e9d9bfa25d2a97759203b9f633939593e52879b8bce0eb82a4e166301b7da540,0,26,14,1,0,0,0,16667.483,21483.870999999999,28815.668000000001
PSID_FULL:00659,PSID_FULL,659,4da978c169ae5318b9f117738135be9e824b790101e56a91f3d7e7848ee984e6,0,23,12,1,0,1,0,16708.627,10491.290000000001,7565.9601000000002
PSID_FULL:00660,PSID_FULL,660,e06e55e1d59245ce9ec4fb3fe6ea866624ccdd84627127344b3bf840b5b588c2,0,28,14,0,0,0,0,16849.695,12174.194,1921.0445
PSID_FULL:00661,PSID_FULL,661,3973f1675953b16fc06036035b0ae9d34b382fe7fe44c54ed8daedfeb33ffa45,0,21,12,0,0,1,0,16849.695,15396.773999999999,0
PSID_FULL:00662,PSID_FULL,662,838ca3a480472b7c8c27a258b93d79f287050aefcf95aa5387939e148ab534d1,0,30,12,0,0,1,0,16849.695,17366.129000000001,18978.441999999999
PSID_FULL:00663,PSID_FULL,663,4a507986d9a7ee1316336dbbaa949fb3203d3422ddf7e20b5f0aeedc08ce4e7a,0,24,12,0,0,1,0,16849.695,18619.355,25121.351999999999
PSID_FULL:00664,PSID_FULL,664,c3fde531475496793bc3dceab7c990a1a422f6b0a50b2b3edb982e93bf1aaaac,0,51,12,0,0,1,0,16849.695,19693.547999999999,17732.719000000001
PSID_FULL:00665,PSID_FULL,665,0f21d80c1a6fb53ada59d8a0e5b0020ca2045bd68e14bddef0607f64d98e2d06,0,21,14,0,0,0,0,16849.695,19693.547999999999,35465.438000000002
PSID_FULL:00666,PSID_FULL,666,bb808d19388d89362aa42b69e759868b9feda7da119226f2d574125c9b4077c1,0,22,14,1,0,1,0,16849.695,21125.806,24086.942999999999
PSID_FULL:00667,PSID_FULL,667,7c9eb870044dc30dd1b9067a290b88daf3a02c4cba9e3fc10b7ee4a1711e6840,0,24,12,0,0,1,0,16884.960999999999,9311.4676999999992,23080.611000000001
PSID_FULL:00668,PSID_FULL,668,b5d0143ec3ed3c6172bfeb4d1d2ebfd65eb484017fc17c77a1deff677e9b1a5d,0,23,15,0,0,1,0,16955.494999999999,20844.725999999999,25514.427
PSID_FULL:00669,PSID_FULL,669,1ede0ca3541329d9e0b2670f13ffeff0a576fee90e4940cb47f21cd3ea3f0534,0,26,14,0,0,1,0,17045.620999999999,25064.516,38716.436000000002
PSID_FULL:00670,PSID_FULL,670,9aeaa551d04c1822562ca9be973b9c30b5b168d5991a9673d15eac950ee3eedf,0,45,12,0,0,1,0,17104.399000000001,16381.451999999999,18176.037
PSID_FULL:00671,PSID_FULL,671,fbf964a77c6746fe018ba6b24cdc7672f24b247b79ccc8d54d330d4e710cd43f,0,46,13,0,0,1,0,17241.547999999999,15754.839,14777.266
PSID_FULL:00672,PSID_FULL,672,18e60d3b97997e117e207f8fd40480798fdaf51da95f4e18330778406a78a9c7,0,29,12,0,0,1,0,17241.547999999999,19686.386999999999,33544.392999999996
PSID_FULL:00673,PSID_FULL,673,3ad25a27a8d7be0184f87cc6b1ccbcbc09427203cb3576beb471499fd43aa154,0,26,14,0,0,1,0,17241.547999999999,20588.709999999999,24530.260999999999
PSID_FULL:00674,PSID_FULL,674,4297fc99de7e2a4afb3a896339c0a82930931e886c82c18048a593bbd6ac1874,0,27,16,0,0,1,0,17241.547999999999,24885.484,22165.899000000001
PSID_FULL:00675,PSID_FULL,675,18fddc45773cbf30f1b1ba701516d4595bf3013d072c0b5023ea763b4a444270,0,26,14,0,0,1,0,17437.474999999999,7161.2902999999997,14771.355
PSID_FULL:00676,PSID_FULL,676,94219fff4c6063937c22f59953a3a1c7f0680455066aa8467acd6de96fe89514,0,20,15,0,0,1,0,17437.474999999999,8056.4516000000003,18471.581999999999
PSID_FULL:00677,PSID_FULL,677,a6a98474d6ba1abd243ffa0751a8ea44c8b7e017d5035e3a98ffb56248b66980,0,23,12,0,0,1,0,17437.474999999999,12532.258,21427.035
PSID_FULL:00678,PSID_FULL,678,1ddb44692464b760373efd2e7cd5db986ced36fdad9bf3db953498e0f99ff7a0,0,30,16,0,0,1,0,17437.474999999999,17867.419000000002,15516.129000000001
PSID_FULL:00679,PSID_FULL,679,7cc24cd806f7d168e6914e284a5a715529c5b28aeec9df58125116b8b38e859a,0,24,12,0,0,1,0,17437.474999999999,22379.031999999999,16254.992
PSID_FULL:00680,PSID_FULL,680,cb1000cd89909f3afc48b9400421552afb55bc160069f46ad0e0c2110fe894d1,0,23,12,0,0,1,0,17633.401000000002,0,23643.625
PSID_FULL:00681,PSID_FULL,681,86b8915a8327bc542d13bcf3db6cf8af2320073bd48850eedec86ab17a7f5956,0,34,12,0,0,1,0,17633.401000000002,0,0
PSID_FULL:00682,PSID_FULL,682,5cbabc4a9018ada647daf14b18335b07af481910d88e9a60886929f33e2a39ba,0,24,12,0,1,1,0,17633.401000000002,4848.1935000000003,22165.899000000001
PSID_FULL:00683,PSID_FULL,683,2c18dbff32de64865bfe485469811760a054093aefef8de47c00fa37cd06f4c2,0,43,12,1,0,1,0,17633.401000000002,10741.934999999999,21858.530999999999
PSID_FULL:00684,PSID_FULL,684,5a584a486b21efb56776bdfdc25a9455cb86f5d14505fccccd7ff8b18724870c,0,28,14,1,0,1,0,17633.401000000002,12532.258,16254.992
PSID_FULL:00685,PSID_FULL,685,eb8587c9accea627fbb3d19362aec841eda18e362c772f839c94d4aaefd4e849,0,20,12,0,0,1,0,17633.401000000002,15217.742,28815.668000000001
PSID_FULL:00686,PSID_FULL,686,bd6d547695f9bc1978a835877eea7f759f28d561438df7c1299c40d2f3111fb2,0,23,12,1,0,1,0,17633.401000000002,15217.742,15516.129000000001
PSID_FULL:00687,PSID_FULL,687,d287488925cb38f2a4844ff879b9b920da0b7bf3cd379c07c6016962ad884831,0,27,14,1,0,1,0,17633.401000000002,16112.903,26599.078000000001
PSID_FULL:00688,PSID_FULL,688,e4de3e1f93348617672272cbdb230b008ce6e1ef1f5b90cf02bf90a08c7e4823,0,53,12,0,0,1,0,17633.401000000002,16112.903,19210.445
PSID_FULL:00689,PSID_FULL,689,c11a8752d62d36fd4d03eecfb2e515ddade3f6ffd2dd1f52f9647ff3fde1f9ff,0,28,16,0,0,1,0,17633.401000000002,16112.903,22165.899000000001
PSID_FULL:00690,PSID_FULL,690,e7a09feb61e42ae0c2ae2d074e9c3eadaf06a5f0e3f7d252632220a89c6c268c,0,26,12,0,0,1,0,17633.401000000002,16112.903,25121.351999999999
PSID_FULL:00691,PSID_FULL,691,47d9572b0b2a9077082b25fe0d133298251b7c6dcace03ae6772b43443e45b48,0,25,15,0,0,1,0,17633.401000000002,16112.903,18619.355
PSID_FULL:00692,PSID_FULL,692,8066e92767025fe3c8d4a0baf9b0fb6ef83f369cd3929726b41f067f12ff25a9,0,29,14,0,0,1,0,17633.401000000002,17187.097000000002,19699.573
PSID_FULL:00693,PSID_FULL,693,5ffb08f95e3103bb6868d52060ade2b491283b3ba1bdc03470d08ad686ad734f,0,26,12,1,0,1,0,17633.401000000002,17416.258000000002,23643.625
PSID_FULL:00694,PSID_FULL,694,234ed25605f1871e85c14386305385c4870c29819bf3a4e47be65ecfb8bb589d,0,55,16,0,0,1,0,17633.401000000002,17903.225999999999,22165.899000000001
PSID_FULL:00695,PSID_FULL,695,6d25dfe65211df1225db2bf778f8f39da193b33c752b06fef6b46b002862947b,0,22,12,0,1,1,0,17633.401000000002,17903.225999999999,14777.266
PSID_FULL:00696,PSID_FULL,696,52dfaee08f48928f96fcfd55294c840eafd9c7584677ad8773e6e75349630cbc,0,33,12,0,0,1,0,17633.401000000002,17903.225999999999,15811.674000000001
PSID_FULL:00697,PSID_FULL,697,f0c1a1d11d81fb3e057bd2b4ebd42383185ffd154589c32e836a2d1494a95b8e,0,34,14,0,1,1,0,17633.401000000002,17903.225999999999,8866.3593999999994
PSID_FULL:00698,PSID_FULL,698,65a0fa5a6a8f79c558c8477e01ea844c048c1a657f0a6e0ec1829094f6b79dea,0,24,12,0,0,1,0,17633.401000000002,18440.323,19949.309000000001
PSID_FULL:00699,PSID_FULL,699,d597fc4b242ef714d67e4b407e1daa9bf5e02067731c2f467e361fc9ecddd8a8,0,24,12,0,0,1,0,17633.401000000002,18750.047999999999,32509.985000000001
PSID_FULL:00700,PSID_FULL,700,e8a19b60a9897d0456948a5a9e4466955887304dfc20502e473861268cb03832,0,26,12,1,0,1,0,17633.401000000002,18798.386999999999,18471.581999999999
PSID_FULL:00701,PSID_FULL,701,f1d224dd60826d33aab2747e70fd597215844d89348f24df5609036243885a2a,0,45,12,0,0,1,0,17633.401000000002,18798.386999999999,19949.309000000001
PSID_FULL:00702,PSID_FULL,702,dfa212a83ca61e5c18f5c736f879d7a8710b1832e25b8c4bac52a3cf2243059e,0,22,12,0,0,1,0,17633.401000000002,19693.547999999999,23643.625
PSID_FULL:00703,PSID_FULL,703,a4f82311c33ca912e33f46c87dcda02e0e0b176b17f82d6e658309ad6f14587c,0,55,14,0,0,1,0,17633.401000000002,19693.547999999999,2068.8172
PSID_FULL:00704,PSID_FULL,704,a2c0c695d6e4593fb16e83287260de22ce2e9186f64ce8d5467b097dd5cfc352,0,24,12,0,0,1,0,17633.401000000002,19693.547999999999,11526.267
PSID_FULL:00705,PSID_FULL,705,ba79481d1bd0e4fc54d17113c4d1b3474d32d39a0c4143812bcb1f82dd3bc566,0,23,12,0,0,1,0,17633.401000000002,21546.531999999999,4433.1796999999997
PSID_FULL:00706,PSID_FULL,706,48af9accaf453fffcbe9a8c1bce7ddad9d2759d18f037a5d27e7fc85b8f6ed6d,0,24,13,1,0,0,0,17633.401000000002,25064.516,22165.899000000001
PSID_FULL:00707,PSID_FULL,707,bf34103c6219d5352c80ded4001d8f19358f120a980f5d3fc569aea9bfb1a952,0,31,13,0,0,1,0,17633.401000000002,25064.516,23643.625
PSID_FULL:00708,PSID_FULL,708,593a4004472cd1b0f5613060dacec8cac5825d3ff160757457288656b152db29,0,43,12,0,0,1,0,17633.401000000002,26854.839,28076.805
PSID_FULL:00709,PSID_FULL,709,593a4004472cd1b0f5613060dacec8cac5825d3ff160757457288656b152db29,0,43,12,0,0,1,0,17633.401000000002,26854.839,28076.805
PSID_FULL:00710,PSID_FULL,710,ede2a47af5261aaa5939c605cc9aacbbfb4ba4415119f186584b25c9477b16a3,0,23,12,1,0,1,0,17672.587,14322.581,12294.684999999999
PSID_FULL:00711,PSID_FULL,711,e7f5ec292d78e00827130e57c634600cee4a44ca5db1a68132a20dae6905ac75,0,22,12,0,0,1,0,17703.935000000001,12532.258,20688.171999999999
PSID_FULL:00712,PSID_FULL,712,48de7359ab440d209c6f999488079b5dd1a60a4d12ac9d44e817c76d11afef80,0,30,12,1,0,1,0,17760.754000000001,17366.129000000001,19210.445
PSID_FULL:00713,PSID_FULL,713,593b9a6f8e05d2cd8958eeb0c2fa520015226a9df80456a84258c52262147203,0,28,12,0,0,0,0,17829.328000000001,5012.9031999999997,16240.215
PSID_FULL:00714,PSID_FULL,714,c5937603371fe3cdf59b9edb3f25636283947412fe6385b4e2f1153e7d1d2634,0,28,12,0,0,1,0,17829.328000000001,11100,20688.171999999999
PSID_FULL:00715,PSID_FULL,715,4e9a48442301018933e6e873bf2aaec07fed9e5ddda125d93de394a39fb210f1,0,21,12,0,0,0,0,17829.328000000001,12945.823,26599.078000000001
PSID_FULL:00716,PSID_FULL,716,50f4edc21fd6c06f7acfc32068fb87f070f4491f9f02c397b89aa8f7f5d7a856,0,28,13,0,0,1,0,17876.349999999999,15396.773999999999,22452.578000000001
PSID_FULL:00717,PSID_FULL,717,5110aec6003c22c88515befb3afea120eb1eeb4781efeb1abfadf753aad0f16b,0,25,14,0,0,1,0,17939.046999999999,14322.581,9974.6543999999994
PSID_FULL:00718,PSID_FULL,718,539d76d66279088a3fc4e63bbed240ce9aec3afbd874c45eb4e5552a4b0b0578,0,54,12,0,0,1,0,18025.255000000001,18798.386999999999,23643.625
PSID_FULL:00719,PSID_FULL,719,e257035db3a8f91e8b8961ee9bc96d75e22388c09773302817be0cd5fdd9f05d,0,26,16,0,0,1,0,18025.255000000001,19872.580999999998,20983.717000000001
PSID_FULL:00720,PSID_FULL,720,ffbaa9f11b831f7c6f41e14a64b017c93e8331b592bc2ef88a7c960feea397b1,0,26,16,0,0,1,0,18025.255000000001,23274.194,28076.805
PSID_FULL:00721,PSID_FULL,721,febdd7930154c42b05c7e389b385b429e0136eb019ced27fe9154e967c439bba,0,49,13,0,0,1,0,18221.181,17903.225999999999,17732.719000000001
PSID_FULL:00722,PSID_FULL,722,e1c50b35555373e4cf7c307efaebb14225b08e9813ea581433fc85c45f562658,0,21,13,1,0,0,0,18221.181,21125.806,21870.352999999999
PSID_FULL:00723,PSID_FULL,723,3eee186e8cad40cf1e20070c19da650fae1d3b3f976bea063a9ed34ce1880185,0,26,16,0,0,1,0,18221.181,22379.031999999999,18471.581999999999
PSID_FULL:00724,PSID_FULL,724,ba181681c7e22090bbe2613eae2cdc5fd04ed33a2d2ddde07af57c8d490f0b60,0,30,12,1,0,1,0,18338.737000000001,25422.580999999998,22165.899000000001
PSID_FULL:00725,PSID_FULL,725,a20e3e4c3acd761f345b8e72cf75a32139b41996a5c6f51bd415b3a62b52a7d1,0,21,13,0,0,1,0,18417.108,8951.6129000000001,27337.941999999999
PSID_FULL:00726,PSID_FULL,726,5d23a55ec7c9b4393b5743da9d353f99e9512aad070baa6ee9c0437617df6953,0,33,12,0,0,1,0,18417.108,12890.323,20688.171999999999
PSID_FULL:00727,PSID_FULL,727,c55714832ee06f044101793854fb270418107c54714467db71c1369919345042,0,33,12,0,0,1,0,18417.108,14412.097,20688.171999999999
PSID_FULL:00728,PSID_FULL,728,86da7a869c36b52c742586ff2702d4d603db5ee894526d77ec76968b0923bf58,0,40,12,0,0,1,0,18417.108,17545.161,17289.401000000002
PSID_FULL:00729,PSID_FULL,729,d876e4a52f37de0445ed538b2cb6d1a7321739a9a3c525b7d265a9aa68a57581,0,27,16,0,0,1,0,18417.108,18798.386999999999,25860.215
PSID_FULL:00730,PSID_FULL,730,b057f07de1841ee3db0e220247f08d315f2eff3e3d0e76afa7c9ad768297c791,0,21,12,0,0,1,0,18417.108,19693.547999999999,28224.578000000001
PSID_FULL:00731,PSID_FULL,731,ec7eccdf66fbaca23fc1457a9932932a2ec4a099ff4594dd3bd52731c36acac8,0,31,12,0,0,1,0,18593.441999999999,14814.919,16254.992
PSID_FULL:00732,PSID_FULL,732,3ea2245116dcef470349e2a3a53e686c5a743ed9d00b46aebc25e38781a4e241,0,27,14,1,0,1,0,18613.035,0,13299.539000000001
PSID_FULL:00733,PSID_FULL,733,7a497971c13b209a267b0410201ed7060822c8321140020aacbe3c4b3847e4e3,0,47,17,0,0,1,0,18613.035,10025.806,35465.438000000002
PSID_FULL:00734,PSID_FULL,734,81742d46b3665629bb951719b82f9bccc29d3b2851575a1396d56bf90eeadc98,0,32,12,1,0,1,0,18613.035,16112.903,17732.719000000001
PSID_FULL:00735,PSID_FULL,735,ab4c80b24cae70e78276d31688294015e4eed1faed3cfc100339bd6488ed6e39,0,28,12,1,0,0,0,18613.035,17008.064999999999,19949.309000000001
PSID_FULL:00736,PSID_FULL,736,ef62e5216e166317cbb752c5086b4f7b72ef678f69e24a24b55fc4a2f1dc76bf,0,35,14,0,0,1,0,18613.035,19693.547999999999,22424.501
PSID_FULL:00737,PSID_FULL,737,ed506e23c9b0d7b01872862d01a6a150e64416ffb2261d4f8422f0b63b91781b,0,26,14,0,0,1,0,18613.035,19693.547999999999,28076.805
PSID_FULL:00738,PSID_FULL,738,ad13cdc1dd4c8b9f4b86120012d4e2aa5cfb7637df54301bcaabdef2d7d6fa93,0,37,12,0,0,1,0,18613.035,21483.870999999999,23052.535
PSID_FULL:00739,PSID_FULL,739,3f0b130a28a29c4eb324555c491e270794d717af277c77e68ac5e80b02af9334,0,23,12,0,0,0,0,18613.035,23274.194,32953.303
PSID_FULL:00740,PSID_FULL,740,ce6dce086fce0d9c12169aa00e6a0b6628f05a4800b0d1557f9164ebd0633ff8,0,44,12,1,0,1,0,18613.035,23632.258000000002,19210.445
PSID_FULL:00741,PSID_FULL,741,ce6dce086fce0d9c12169aa00e6a0b6628f05a4800b0d1557f9164ebd0633ff8,0,44,12,1,0,1,0,18613.035,23632.258000000002,19210.445
PSID_FULL:00742,PSID_FULL,742,572af4f96efd6ed225cf5f1c82415fdccbff6bacd63f6948f497b08ff80396c5,0,36,12,1,0,1,0,18613.035,25064.516,33692.165999999997
PSID_FULL:00743,PSID_FULL,743,7b4d39ff5d230d875076469f06e28b65b2eef509b3969265dc637b630773f6f0,0,26,12,0,0,1,0,18677.689999999999,18261.290000000001,24973.579000000002
PSID_FULL:00744,PSID_FULL,744,19424dcb6011e6dd16fd06aac13401e862d34c9e641e1b1a8876c8ddf307a3dc,0,23,14,0,0,1,0,18722.754000000001,21662.902999999998,28076.805
PSID_FULL:00745,PSID_FULL,745,e879bba7408ab3ec6e290d0e3bf0afbef9cb3b85f5a31e7d36ed3f3c16c124e2,0,32,13,1,0,1,0,18808.960999999999,14143.548000000001,26599.078000000001
PSID_FULL:00746,PSID_FULL,746,3b96c478f45d59aeb0211534ba84070da43ed50ba03243bb1fdcf75f31cf98de,0,33,12,0,0,0,0,18808.960999999999,16028.758,17502.194
PSID_FULL:00747,PSID_FULL,747,fd33842de9e03d95d36998b1883ec146dd044a5035480f9fb91c93f7513de944,0,37,12,1,0,1,0,18808.960999999999,16112.903,32509.985000000001
PSID_FULL:00748,PSID_FULL,748,87eb7b6100be6b765c191d95b7139075702037a152e8e4124ad8a386c13a2a48,0,27,12,0,0,1,0,18808.960999999999,17187.097000000002,19505.991000000002
PSID_FULL:00749,PSID_FULL,749,e20bda96291426f0bb0ea8581d2425f6a5905ece039d75f081195370cdd9d09a,0,43,12,0,0,1,0,18808.960999999999,17903.225999999999,26155.759999999998
PSID_FULL:00750,PSID_FULL,750,2f630d8670957e651b3abeb52965290c251c2cf98356ac3c27e363f4a59b049e,0,27,16,0,0,1,0,18808.960999999999,17903.225999999999,18471.581999999999
PSID_FULL:00751,PSID_FULL,751,4967b7838a6895a82c0f972c6ad41c25aafba858f409943b689978ccc974fb68,0,24,12,0,0,1,0,18808.960999999999,17903.225999999999,18323.810000000001
PSID_FULL:00752,PSID_FULL,752,26c0b0ad7c579d41ce6ad93d6902356a875cc53a1a25f4117d4f928f4284a2b3,0,24,12,0,0,1,0,18808.960999999999,18798.386999999999,23052.535
PSID_FULL:00753,PSID_FULL,753,c75d4b69669403392487f5298457fd8242dabea637efbe055f227f05b2e395d3,0,34,12,1,0,0,0,18848.147000000001,30435.484,12560.675999999999
PSID_FULL:00754,PSID_FULL,754,a48682919751c59b6d9755f0b0bceb5ce25a72ea8424c24fe134fc5825297154,0,42,12,0,0,1,0,18879.494999999999,17008.064999999999,19210.445
PSID_FULL:00755,PSID_FULL,755,f568dda0a7c3c5f35b748530048f7d54c2afa18a9ee9086b4ca5b12f6081c96f,0,24,13,1,0,1,0,18881.454000000002,16112.903,12560.675999999999
PSID_FULL:00756,PSID_FULL,756,080b53a7767836fc4ad28e473f46b34c7241534d49dd5b51658f58321a5c9ebe,0,27,12,0,0,1,0,18924.558000000001,11995.161,22165.899000000001
PSID_FULL:00757,PSID_FULL,757,6a4f0568671ac7144297cabbe2123d971df82bd111568531b6cdb18a36b49987,0,23,12,1,0,1,0,19004.887999999999,13427.419,13299.539000000001
PSID_FULL:00758,PSID_FULL,758,2f8b576a6d457e541ec4df7e956726ef54f9c2ce8cd3d5eae64907c1387fcb4f,0,26,16,0,0,1,0,19004.887999999999,16112.903,26599.078000000001
PSID_FULL:00759,PSID_FULL,759,e6c5b1a6df19698b34a6e57aca4ec6aec059e9c2a05f11f9569b7ef03e6e017c,0,27,12,1,0,1,0,19004.887999999999,19693.547999999999,19210.445
PSID_FULL:00760,PSID_FULL,760,f9099f8398ea0914bd299653762d1105230b3e4894823811ef36aed106e8e0ef,0,37,12,1,0,1,0,19004.887999999999,25959.677,25860.215
PSID_FULL:00761,PSID_FULL,761,23dbc2e83f3ba750b73c293f44813b00b18c531773f62ea5bf4b3f8ecddb6e5d,0,37,12,0,0,1,0,19016.644,20893.064999999999,16993.856
PSID_FULL:00762,PSID_FULL,762,58d17b6096aba8a6d738dae924c0ef818cca27fe42c23f9c648a3ff9315f173b,0,26,12,0,1,1,0,19055.829000000002,0,13299.539000000001
PSID_FULL:00763,PSID_FULL,763,596c6b3bb6dd1cc97d540f76b8ddf4a38440b2bd93899f1d8979a19d4cb6db78,0,23,12,0,0,1,0,19096.973999999998,20683.597000000002,16993.856
PSID_FULL:00764,PSID_FULL,764,dc626d2deea8aff1d0ab6a2fd3a3659ba128b4f8b6a4aefccf305a8362a56d30,0,26,13,0,0,1,0,19200.814999999999,14680.645,18471.581999999999
PSID_FULL:00765,PSID_FULL,765,35be8c96c9ef14880251994a6b3f152a938da807e0f41e549c6eabad1e9bf058,0,27,16,0,0,1,0,19200.814999999999,17688.386999999999,0
PSID_FULL:00766,PSID_FULL,766,a107f23abfd01ca42c028cd75d2ec089bdacc96b8df7fc79c6e17df398264d3c,0,27,12,0,0,0,0,19200.814999999999,19514.516,23643.625
PSID_FULL:00767,PSID_FULL,767,5c70cb7636dc5a7201323ccb106bfb54e27b1e2b394b3a73053d4c95f10d6e6e,0,29,14,0,0,1,0,19200.814999999999,21483.870999999999,23052.535
PSID_FULL:00768,PSID_FULL,768,0897edfc3f33356666057a32512df22e9ad985dc28006f15342cf89e49457707,0,25,16,0,0,1,0,19200.814999999999,22558.064999999999,33396.620999999999
PSID_FULL:00769,PSID_FULL,769,5fbb3f5b2f70175524c3035859d4e5b270ddcb5e4ba68a7b77f96aaea3a73d2a,0,26,12,0,0,1,0,19263.510999999999,13024.597,24627.791000000001
PSID_FULL:00770,PSID_FULL,770,4a980847a3f00b0d8ae937831dd172a39e4f8c819c153d422ed373d6ee66eaad,0,22,14,0,0,1,0,19279.185000000001,17616.774000000001,17289.401000000002
PSID_FULL:00771,PSID_FULL,771,ae20187f09652042e9ce30ee9f7c6e3deec5a202a748859f4aeee344385e4616,0,28,12,0,0,1,0,19298.777999999998,0,29554.530999999999
PSID_FULL:00772,PSID_FULL,772,3f5fc2e83a3ef34eac622359555380f7734b80fa05b867c62418a6f918d59777,0,46,12,0,0,1,0,19394.781999999999,19201.209999999999,20431.047999999999
PSID_FULL:00773,PSID_FULL,773,9f4815fe62d258c644865235cb4e34a0cb1aa971610f7fe07623d9fc8e8244e7,0,33,17,0,0,0,0,19396.741000000002,0,1539.7910999999999
PSID_FULL:00774,PSID_FULL,774,401c055525f44a56cc2905540005ea75e3607c0b060ae225575b998dc7d35cf0,0,23,12,0,0,1,0,19396.741000000002,12532.258,25121.351999999999
PSID_FULL:00775,PSID_FULL,775,7e9482a58a289df7aa4cd9848b34633fd2dd7c297dfaf700bbc9a1815fa033af,0,23,12,0,0,1,0,19396.741000000002,12532.258,0
PSID_FULL:00776,PSID_FULL,776,82f26a8e04b2844917d5f3f35dce021198ada001c73ae7e60f2cb346d5af05c4,0,23,13,0,0,1,0,19396.741000000002,17903.225999999999,31032.258000000002
PSID_FULL:00777,PSID_FULL,777,8e539cdfefd733a67ca8e3a70eeba18be6d8ecea87e8d1f32a2d17d89a3a5431,0,26,16,0,0,1,0,19396.741000000002,25780.645,25564.669999999998
PSID_FULL:00778,PSID_FULL,778,82c431d999f34ccfa6b1082c207546dd36a9c1e3f08200b58503583ca6d26ca1,0,24,16,1,0,0,0,19494.705000000002,15217.742,23643.625
PSID_FULL:00779,PSID_FULL,779,f0a0bcc681d6d74f770894185e260b3500b7b3e8c47f47700bbb23e84f809a71,0,37,12,1,0,1,0,19586.790000000001,12030.968000000001,14777.266
PSID_FULL:00780,PSID_FULL,780,a7c68be4043b7b160015bb0f85d88a06315dda64a0de37037058dc643decc991,0,50,16,0,0,0,0,19592.668000000001,0,23643.625
PSID_FULL:00781,PSID_FULL,781,17d0a99e16a26232f42f0070e70bf14e181899a7c044c346fa0c0f6d21f7061b,0,26,13,0,0,1,0,19592.668000000001,0,23643.625
PSID_FULL:00782,PSID_FULL,782,169870395d942817903495aa41530c52e315fb8c35874283b8fc595e263ad2dd,0,21,12,1,0,0,0,19592.668000000001,716.12902999999994,22165.899000000001
PSID_FULL:00783,PSID_FULL,783,1877496923230ec378af81372e4eeeb2a72a0954c183c04b2cde136aedd3aaf0,0,25,12,1,0,1,0,19592.668000000001,5370.9677000000001,24642.567999999999
PSID_FULL:00784,PSID_FULL,784,10f9803b1e6941b6f39cdc7306202d6c28880a8b5b5f9b5b9a0206a8c05a086e,0,24,13,1,0,1,0,19592.668000000001,11637.097,18442.027999999998
PSID_FULL:00785,PSID_FULL,785,270299f7698c9feac084dcc77e3847e56e6955142e4798eafad791f167e0c773,0,24,12,1,0,0,0,19592.668000000001,11995.161,19210.445
PSID_FULL:00786,PSID_FULL,786,c4546369604ab8cdd7571225819a787af91d20eb871bc959c805c75bd06eef6a,0,32,14,1,0,1,0,19592.668000000001,12335.323,14777.266
PSID_FULL:00787,PSID_FULL,787,2950ff0a963da7c9782e1d3fab5d54c5cbf27d0bea75160713d17cd700b0160d,0,27,16,0,0,1,0,19592.668000000001,12532.258,17720.897000000001
PSID_FULL:00788,PSID_FULL,788,09a2cad8553b770a69a3461873300b148dfe3ed71de519debe4d07a9327ce3b1,0,21,12,0,1,1,0,19592.668000000001,12532.258,17732.719000000001
PSID_FULL:00789,PSID_FULL,789,9b621783cb64e7f3d72652b1ca3aa25d0f3b19d75ad4acd200db8dbc820fb754,0,24,16,0,0,1,0,19592.668000000001,12890.323,31032.258000000002
PSID_FULL:00790,PSID_FULL,790,56c1205476945f90c25633292fb3fad373a09af6aa82f85bd209f62bb056cc20,0,45,14,0,0,1,0,19592.668000000001,13606.451999999999,17732.719000000001
PSID_FULL:00791,PSID_FULL,791,50675beb8f1bb3a207481303c1e9bf71256ace6193be3f2e1ea60ee2f4c9268c,0,38,12,0,0,1,0,19592.668000000001,13964.516,16286.025
PSID_FULL:00792,PSID_FULL,792,e20280d20bd3724a9687294d64b4d3856c2892eb1431469894da7a6509879ced,0,27,15,0,0,1,0,19592.668000000001,14859.677,23643.625
PSID_FULL:00793,PSID_FULL,793,e2dc301cbeb877ea27c74d74dd58bb0de93f81b61faea43b924492269c41d832,0,20,12,1,0,1,0,19592.668000000001,16709.080999999998,12708.449000000001
PSID_FULL:00794,PSID_FULL,794,5d8d9313480280b3ceb6278de12c6b5b3ea9293cf6adc27c72748bf380be8aae,0,23,12,1,0,1,0,19592.668000000001,17008.064999999999,22165.899000000001
PSID_FULL:00795,PSID_FULL,795,5a06ebc5d27b442a8bcb4db77af28d95488edacb51473e75ddb264d2032bbb6a,0,33,12,0,0,1,0,19592.668000000001,17008.064999999999,25014.955000000002
PSID_FULL:00796,PSID_FULL,796,2909a310a55a5820bbde88bf6fa0febb0c9b866808aed6fc641c124330ee316e,0,24,13,0,0,1,0,19592.668000000001,17187.097000000002,22313.670999999998
PSID_FULL:00797,PSID_FULL,797,aaed7c0198dd29cf765329000218d0e2edc15a342ea89455eb7620bef75445dd,0,44,12,0,0,1,0,19592.668000000001,17187.097000000002,15368.356
PSID_FULL:00798,PSID_FULL,798,0b0bdfc75b3e4672eadf54c01a75466c854470126057c7004c6d8c89c1bc7a82,0,34,12,1,0,1,0,19592.668000000001,17366.129000000001,19210.445
PSID_FULL:00799,PSID_FULL,799,1ceebfde30d070c430a4816706bea5bf8316b994314270de362bb9335027067b,0,23,12,1,0,1,0,19592.668000000001,17366.129000000001,14777.266
PSID_FULL:00800,PSID_FULL,800,ec50c657c73453499a178e5bd98541596f3cd529bf56416708c6b01a4b66ee71,0,27,12,1,0,1,0,19592.668000000001,17724.194,25121.351999999999
PSID_FULL:00801,PSID_FULL,801,c905c7e6a85a1f3555f076f5031472685441833e62d7dc2a7453d028c46e97f1,0,25,16,0,0,1,0,19592.668000000001,17903.225999999999,25712.441999999999
PSID_FULL:00802,PSID_FULL,802,ce471b83dd89b99a5c6267f338f4df610be277f4121a693717ffff3dafe3be5d,0,22,12,0,0,1,0,19592.668000000001,17903.225999999999,23643.625
PSID_FULL:00803,PSID_FULL,803,7c59021e79e80468ff503f808a6551c2309643c924ee0679d7f526b0e210c08f,0,24,16,0,0,0,0,19592.668000000001,17903.225999999999,16993.856
PSID_FULL:00804,PSID_FULL,804,118a98c238b521c48f266d8abd3da2511933ae62a5b2e1503caf292bbb679e4a,0,23,12,0,0,1,0,19592.668000000001,17903.225999999999,16254.992
PSID_FULL:00805,PSID_FULL,805,4fb61e13a0b05bf3be2330cf32a34460c2eb16809f8377aba534d80dd9826611,0,31,16,0,0,1,0,19592.668000000001,17903.225999999999,17732.719000000001
PSID_FULL:00806,PSID_FULL,806,9e8aa4ac8b3a04c77148a55d6013af13a9c677f6fbdc357f2f5fe3c2be72858f,0,23,12,1,0,1,0,19592.668000000001,17903.225999999999,26599.078000000001
PSID_FULL:00807,PSID_FULL,807,41b6fd3e653b5ac81eca3dc595c367a3dc4d5380eab8e3385b2b474e180b12fb,0,27,12,0,0,1,0,19592.668000000001,18082.258000000002,32657.757000000001
PSID_FULL:00808,PSID_FULL,808,e16c1bac64fd51ddcdb7696a06eca9cc20d62ab05e9cd3a6b5e9d71bfd64ee54,0,20,12,1,0,1,0,19592.668000000001,18619.355,23643.625
PSID_FULL:00809,PSID_FULL,809,c431e4f76fd7c9fd81264a007304dccfba1ac9a14c0ecfbc55f8dacb4371945a,0,20,12,0,0,1,0,19592.668000000001,18798.386999999999,17732.719000000001
PSID_FULL:00810,PSID_FULL,810,5925cf9981e19b9a278b9a0681c696129b9671fec44b1118f486dd054dc7717c,0,52,15,0,0,1,0,19592.668000000001,18798.386999999999,17437.173999999999
PSID_FULL:00811,PSID_FULL,811,72234216f404fe31dfd17712aa06bd15873e08c24fcd89fdf75bd22fe2d628fa,0,33,16,0,0,1,0,19592.668000000001,19335.484,26599.078000000001
PSID_FULL:00812,PSID_FULL,812,f2cdf615e6f0e754d77af7a5a8189df9324c28b2ecb187f1deefb098948dd37e,0,40,12,0,0,1,0,19592.668000000001,19335.484,21279.262999999999
PSID_FULL:00813,PSID_FULL,813,df6ccb2a7c43c13bb8c2b51eecc7024522e661353df85f984a7a5cb8cf4bf39a,0,31,12,1,0,1,0,19592.668000000001,19466.177,20259.631000000001
PSID_FULL:00814,PSID_FULL,814,03df22dc054539f98dca5ae5b5e2a1a699e82e2b39708c9a05bece4c3d84f515,0,35,12,0,0,1,0,19592.668000000001,19693.547999999999,22535.330000000002
PSID_FULL:00815,PSID_FULL,815,90721dbffc69af4c632c100513b852b34b45c8b70857d83c3b6a63e22f07f1ee,0,33,12,0,0,0,0,19592.668000000001,19693.547999999999,13299.539000000001
PSID_FULL:00816,PSID_FULL,816,611f39600c51958e222810bb8d3febcdc449835e2fbc0d8bf723d6eeaa4806bf,0,22,12,0,0,1,0,19592.668000000001,19693.547999999999,17732.719000000001
PSID_FULL:00817,PSID_FULL,817,ea1cf0380290d4dd53d1c765a4d9a74e31b2c5dbe30ce25dced078cb16fe73d6,0,29,16,1,0,1,0,19592.668000000001,20588.709999999999,42854.071000000004
PSID_FULL:00818,PSID_FULL,818,22d490e143917704bba0b1fc4012a558001baf280dfd4cec07a7663ba13236c1,0,26,12,0,0,1,0,19592.668000000001,21125.806,21982.661
PSID_FULL:00819,PSID_FULL,819,89e95d4da59704db1036986d0253dea40b50e670ef994d2ed9b01b1c36fa9ffd,0,23,12,0,0,1,0,19592.668000000001,21215.323,24884.916000000001
PSID_FULL:00820,PSID_FULL,820,725b347bacd24fac2a1919268c172c577f3b443b84393f8534e9b9d3c9741dec,0,30,12,0,0,1,0,19592.668000000001,21483.870999999999,23348.080000000002
PSID_FULL:00821,PSID_FULL,821,b673e82a4cef285c9f64c0c35de17f8f899a2e978be100cd0ffd2aad2e8078c8,0,43,12,0,0,1,0,19592.668000000001,21483.870999999999,22165.899000000001
PSID_FULL:00822,PSID_FULL,822,b673e82a4cef285c9f64c0c35de17f8f899a2e978be100cd0ffd2aad2e8078c8,0,43,12,0,0,1,0,19592.668000000001,21483.870999999999,22165.899000000001
PSID_FULL:00823,PSID_FULL,823,5dba3bc43677b9165bbe555d6a3f532fd4116ec35d8329062ca9644b7a8b2b78,0,31,12,0,0,1,0,19592.668000000001,21483.870999999999,25121.351999999999
PSID_FULL:00824,PSID_FULL,824,cb81a8917b1f104a753fee0e853a39bb9d65352546911e7d9667117e95f2da27,0,23,12,0,0,1,0,19592.668000000001,21483.870999999999,20688.171999999999
PSID_FULL:00825,PSID_FULL,825,616d821594d9cc558177aa44c5a62619bce7a93d59cef52bd13a79d726c8764f,0,23,13,0,0,1,0,19592.668000000001,21483.870999999999,21279.262999999999
PSID_FULL:00826,PSID_FULL,826,9cc39bac767532bd5a3aec728ab26d62dcb93d9e6cd836d0555030201bb9eadb,0,28,16,0,0,1,0,19592.668000000001,21483.870999999999,32509.985000000001
PSID_FULL:00827,PSID_FULL,827,b91ea8d3d72b8a54f00c3fb8ebf52f61d8ccb1ebeaea932eee34e4e02358da7e,0,30,12,0,0,1,0,19592.668000000001,21483.870999999999,29554.530999999999
PSID_FULL:00828,PSID_FULL,828,d6da93b0de226a6ca9f563f6abbbd1f9eaea6614be49b9823376844698ac6d6a,0,53,12,1,0,1,0,19592.668000000001,21483.870999999999,23643.625
PSID_FULL:00829,PSID_FULL,829,beb6999dd833cd9b1762483db5b62055da0e47bb7a281dd91b7f85f6fef22e0e,0,32,12,0,0,1,0,19592.668000000001,21483.870999999999,29554.530999999999
PSID_FULL:00830,PSID_FULL,830,07ac48ff20578564d38d359037ee6c229df7c8431f283b21066887f94cde4971,0,43,12,0,0,1,0,19592.668000000001,21739.886999999999,29338.782999999999
PSID_FULL:00831,PSID_FULL,831,07ac48ff20578564d38d359037ee6c229df7c8431f283b21066887f94cde4971,0,43,12,0,0,1,0,19592.668000000001,21739.886999999999,29338.782999999999
PSID_FULL:00832,PSID_FULL,832,cf5310701936289787eb0ca4d00b736ca92d285bc380064a7bedff32a8e76650,0,37,17,0,0,0,0,19592.668000000001,23005.645,22165.899000000001
PSID_FULL:00833,PSID_FULL,833,35b9e0f187c46c4eb2dcc628c31f5e4fe9e6a1f8f4ef2cb9c5248bb2c05b9e76,0,23,12,1,0,1,0,19592.668000000001,23274.194,21427.035
PSID_FULL:00834,PSID_FULL,834,5db3ac99b20a795e20f677d6aafd35ebf271ca28fb96896924ef635cd9649b56,0,28,12,1,0,1,0,19592.668000000001,24169.355,25860.215
PSID_FULL:00835,PSID_FULL,835,36c2cb3d42202ec7727787dc9eb4484570d6a51e4d2e6b1d04ab08a393c1fd8c,0,27,14,1,0,0,0,19592.668000000001,25064.516,28815.668000000001
PSID_FULL:00836,PSID_FULL,836,1eb06d981d8f5fcffd826adf4e04f037f873e8a8bde0706ca85b0e997a41ad09,0,46,12,0,0,0,0,19592.668000000001,25064.516,29554.530999999999
PSID_FULL:00837,PSID_FULL,837,6ab28aec60ce417079ccd9146dcada768880d5aa92cae4bc7a1d858cdb68f781,0,30,12,1,0,1,0,19592.668000000001,26854.839,25897.157999999999
PSID_FULL:00838,PSID_FULL,838,8328a822538fc5666bec0cf2de7a3b6fce45e70275fa4d2e6e2e3fe0e7f437f9,0,35,17,0,0,1,0,19592.668000000001,44758.065000000002,36943.163999999997
PSID_FULL:00839,PSID_FULL,839,aecbdb1c04a0286c5f15c5ebaed4ad0e571383d6abc9068da263d395582e30c9,0,26,15,0,0,1,0,19596.587,19335.484,23643.625
PSID_FULL:00840,PSID_FULL,840,90ead2cdd5ca87599f4f94d940f4c00260a5222e7d863e5846e5c515cc1dec9d,0,25,12,0,0,1,0,19641.650000000001,8736.7741999999998,23643.625
PSID_FULL:00841,PSID_FULL,841,aefb5665edc808c0a486515278324349e2e19dae168d58bc66c78d81747be9d1,0,24,12,0,0,1,0,19706.305,6624.1935000000003,25121.351999999999
PSID_FULL:00842,PSID_FULL,842,862794917bcbc2d73284eca3c3063a4793f93cf267b276674f944b11c2513e9b,0,22,14,0,0,1,0,19727.857,20141.129000000001,22284.116999999998
PSID_FULL:00843,PSID_FULL,843,2244639919dfa3e6b3352f13bde1c3b04f21d266c95f93e22d9c0537de08ec69,0,27,13,0,0,1,0,19735.695,20051.613000000001,36943.163999999997
PSID_FULL:00844,PSID_FULL,844,68486842a33429363ff8a537ac4e71045d003bfda81c476903d4e458d3ac3944,0,36,12,1,0,1,0,19749.409,25064.516,23643.625
PSID_FULL:00845,PSID_FULL,845,bfb1f4229224b75a549398363fc847127fbd8761fc91fba8b078763c5e7f5e1d,0,35,13,0,0,1,0,19788.595000000001,21269.031999999999,14777.266
PSID_FULL:00846,PSID_FULL,846,4db9e0bfa414c33d104eb572cce4713f1aa3b74c56f6ccdeb14b0f5fc79aec47,0,34,12,1,0,1,0,19788.595000000001,23274.194,31032.258000000002
PSID_FULL:00847,PSID_FULL,847,d9cd14a829394dcad39d303697c95656d24d414a295844c42ac207b4893651d8,0,28,14,0,0,1,0,19984.521000000001,12532.258,31032.258000000002
PSID_FULL:00848,PSID_FULL,848,086eb0ebf0fe941e4732e71f5bcb2d83ac48f23f1c1b5b71a560622f53a449da,0,18,12,0,0,1,0,19984.521000000001,23274.194,26599.078000000001
PSID_FULL:00849,PSID_FULL,849,1a431be06c4d75853105b33ebb1b9fe42cbadaabe8d8ea2effaa64a39cba8c3c,0,21,12,0,0,1,0,20068.77,21215.323,56892.472999999998
PSID_FULL:00850,PSID_FULL,850,7d6551d1ba99c2fa12166a2ffa32137f67933a1fe39bbe2ceab7b13c9dc430bc,0,28,16,1,0,1,0,20082.485000000001,19335.484,21279.262999999999
PSID_FULL:00851,PSID_FULL,851,2f83a9961808cabee26d72af374991aa42e0da61c202e06f2eacde48647e9b85,0,24,14,0,0,1,0,20141.262999999999,0,0
PSID_FULL:00852,PSID_FULL,852,4e853d7ae7e5019169805ceb74420bc983504d581f3c6e27763c593812f545d1,0,30,12,0,0,1,0,20180.448,15754.839,33987.711000000003
PSID_FULL:00853,PSID_FULL,853,09156f2fffe57df4bb650c645d5b4453e20274c52fce52401ead3226cca9a4e1,0,42,12,0,0,1,0,20180.448,17455.645,0
PSID_FULL:00854,PSID_FULL,854,e6ca638d1c4f1d116b4a44c2b9d07a0bf19132dee97280c384e3b6d3eb395266,0,24,12,0,0,1,0,20180.448,19693.547999999999,29554.530999999999
PSID_FULL:00855,PSID_FULL,855,35143fc78bd68e91a31320896b366eaf79c3d6adc5b5e90d8aed2849da2020bf,0,40,12,0,0,1,0,20180.448,19693.547999999999,17732.719000000001
PSID_FULL:00856,PSID_FULL,856,636fcb7359302cebe1af04a281e98fe375dad7564a4b1ca07088ae13b977d6e4,0,25,17,0,0,1,0,20180.448,21036.290000000001,22904.761999999999
PSID_FULL:00857,PSID_FULL,857,afb61272f6e8d99627c31a924f8e516fb2b877cecfa514db07049a31321b73ba,0,27,17,0,0,1,0,20180.448,21578.758000000002,28520.123
PSID_FULL:00858,PSID_FULL,858,8cd4f5f538cb6a58c88af4aa8e6e7346207c25ad57aefa9c3687582890d0386e,0,24,16,0,0,1,0,20200.041000000001,17903.225999999999,42854.071000000004
PSID_FULL:00859,PSID_FULL,859,4cf5eeb3cb10352fbe5c13b7aaf5c425a0e17239ef13eade8d379a6269f56a0d,0,25,16,1,0,0,0,20233.348000000002,19335.484,23052.535
PSID_FULL:00860,PSID_FULL,860,dd354aefa00f817803742912a3a1404fccdac6c4fec6ec39c90c8b0013229a5b,0,53,16,0,0,1,0,20343.066999999999,20112.484,19930.098000000002
PSID_FULL:00861,PSID_FULL,861,54b7d11290da1c235a51f0014eed6b12ec1dcda222cc053ad41657d1d6576bb3,0,28,12,0,0,1,0,20376.375,17903.225999999999,32509.985000000001
PSID_FULL:00862,PSID_FULL,862,12a8f18d9430dcd6f5456eb50a246fb6eaeccc5faf4dccb0bdd7f26d677a9717,0,20,12,0,0,1,0,20376.375,18655.161,16993.856
PSID_FULL:00863,PSID_FULL,863,de3f17eff8b2315faf737ae52cd415551d1f4cbb84933178c396afac6222a3ab,0,26,12,0,0,1,0,20376.375,20946.774000000001,22165.899000000001
PSID_FULL:00864,PSID_FULL,864,97329ea930b001dfe6e354cc8cb958f19c25731a26b19fcbcd79833b090f0367,0,33,12,0,0,1,0,20503.726999999999,21483.870999999999,20688.171999999999
PSID_FULL:00865,PSID_FULL,865,dff0d4ffcbe735cd43db4aa406ee2434b052f3d0d9442113ebcdecc6f58a0f29,0,24,14,0,0,0,0,20572.300999999999,11637.097,12412.903
PSID_FULL:00866,PSID_FULL,866,f0f8ba2074449a8d464d758e3e7309742ec29c8d50409f512d2dd2f43455d356,0,38,12,1,0,0,0,20572.300999999999,14322.581,16254.992
PSID_FULL:00867,PSID_FULL,867,a1a2726b33a8b2fc885fb6408bfd0cb3274d41c8ee44ad67a36bd5fd09f6ae55,0,27,12,0,0,1,0,20572.300999999999,17545.161,24530.260999999999
PSID_FULL:00868,PSID_FULL,868,4d08f651e4c5a14c8a7b07e0e75dd43396b469f5beb1fdd8c2a32f695c9ce09e,0,27,16,0,0,1,0,20572.300999999999,18619.355,88663.593999999997
PSID_FULL:00869,PSID_FULL,869,bdea1ffa1b7846528de0a8779d391c97b8e235b497a52c0098fab50c20572eac,0,31,13,0,0,1,0,20572.300999999999,18798.386999999999,29554.530999999999
PSID_FULL:00870,PSID_FULL,870,288662bc95e7daebcc62451e20f5917e8c46bb17ebfe84d772cad0eb3e00f7ad,0,26,15,0,0,1,0,20572.300999999999,18798.386999999999,23643.625
PSID_FULL:00871,PSID_FULL,871,107b74212f81dda5bcbb3929b7c0755d83e321854294e07f6a86c1d5679b74aa,0,28,16,0,0,1,0,20572.300999999999,18798.386999999999,22165.899000000001
PSID_FULL:00872,PSID_FULL,872,d1c23b35c3afb9c21dbc2f707a9496df1c3a5cbff977f00d3bc8341e80242e74,0,26,17,0,0,1,0,20572.300999999999,18977.419000000002,35465.438000000002
PSID_FULL:00873,PSID_FULL,873,cd4ca78196b2256e04886df8cdffaf455e7e94c8b2423bda3d5ef17402d4ccf7,0,52,12,0,0,1,0,20572.300999999999,18977.419000000002,20688.171999999999
PSID_FULL:00874,PSID_FULL,874,ab24fd2358ecbd0bb4028dfe48b841efd59d1a85f01580fe5a57b02f52a4b9b1,0,25,12,0,0,1,0,20572.300999999999,20588.709999999999,22461.444
PSID_FULL:00875,PSID_FULL,875,c14f0572b1a033aa1915eb9dac9c07047e70cde24cd2330b5f3c9ae3bec19b1a,0,24,12,0,0,1,0,20572.300999999999,20767.741999999998,22165.899000000001
PSID_FULL:00876,PSID_FULL,876,e2806219acd6f487e1ccb892ad49ea9a65c32f6fdcba7b7a21abe344808f25d2,0,41,12,0,0,1,0,20572.300999999999,21483.870999999999,25310.501
PSID_FULL:00877,PSID_FULL,877,5bbd0533d24ecc00e80bb2c9f39292ab8c722f53ce0c6697457aff08b8f1c89d,0,40,12,0,0,1,0,20572.300999999999,24772.694,32586.826000000001
PSID_FULL:00878,PSID_FULL,878,5bbd0533d24ecc00e80bb2c9f39292ab8c722f53ce0c6697457aff08b8f1c89d,0,40,12,0,0,1,0,20572.300999999999,24772.694,32586.826000000001
PSID_FULL:00879,PSID_FULL,879,6fa58c454d9ad0a95c70b7251b0d3e81ce7b86cfddf7364e757ea8fe5419a262,0,32,13,0,0,1,0,20572.300999999999,25064.516,7388.6328999999996
PSID_FULL:00880,PSID_FULL,880,87283f626a7e7c8686ffe7e38ed3109c68a5856e41087530872f5abeb062add9,0,24,12,1,0,1,0,20572.300999999999,25959.677,31032.258000000002
PSID_FULL:00881,PSID_FULL,881,757d47038601b6357ef6299d6a31d495448a663a184a222ff91e2f58bdc5cfc5,0,46,12,1,0,1,0,20572.300999999999,32225.806,7882.1935000000003
PSID_FULL:00882,PSID_FULL,882,791577a0b74713ce855b1bb8a3190eb9c6fd199e6ea35207bb4f35f55f3c9d26,0,31,13,0,0,1,0,20572.300999999999,33658.065000000002,31032.258000000002
PSID_FULL:00883,PSID_FULL,883,b1ddcb51750dca9e578ab526b934203b6347558fb9594e3aafb0e30b90c7a6ee,0,25,15,0,0,0,0,20738.839,21483.870999999999,39011.982000000004
PSID_FULL:00884,PSID_FULL,884,ac448aabca31b1b631308b821410c8731fd7bcb10269b0d1821c18e13f20886b,0,29,12,0,0,1,0,20768.227999999999,0,44331.796999999999
PSID_FULL:00885,PSID_FULL,885,69a510190805b5bfb0a41cd5df401fdf7afa7d224750fdd0c37d753ea904aa04,0,25,14,0,0,0,0,20768.227999999999,14322.581,17437.173999999999
PSID_FULL:00886,PSID_FULL,886,c6fadb5e895a6f014ddcc3c4b73c2ff05a0aef4e0c183e1800ea8add69931a74,0,42,16,0,0,1,0,20768.227999999999,19693.547999999999,22165.899000000001
PSID_FULL:00887,PSID_FULL,887,a646d8be7efb9b4fa81137c6c0f32ce06975cc34afeb394e45eeeadd866a6dab,0,24,12,0,0,1,0,20768.227999999999,23274.194,27485.714
PSID_FULL:00888,PSID_FULL,888,9b6b0f6680c65c3f8eebde1e29aeb2164cf60e8b2a1abae2a7858f4414c87136,0,25,14,1,0,1,0,20768.227999999999,23274.194,26303.532999999999
PSID_FULL:00889,PSID_FULL,889,0912b2902f7c9e82ef50ab488affa0260aafecd44887013c787fa44622db8b49,0,44,12,0,0,1,0,20895.580000000002,12174.194,20963.028999999999
PSID_FULL:00890,PSID_FULL,890,7f6da273b4eda44a964c0fb344899f9f0f442b169f8c353cf286d6021f153ddc,0,27,12,0,0,0,0,20964.154999999999,18440.323,23348.080000000002
PSID_FULL:00891,PSID_FULL,891,2a55e0d36d8524cbd3f5d6a4f6482453233cf27098cfa26ddc2359177f9cf7b4,0,28,14,0,0,1,0,20964.154999999999,20588.709999999999,28446.237000000001
PSID_FULL:00892,PSID_FULL,892,478239a2d7b92403889f05fea52d1501c4af0d5156696b0a3e9e48b941b1d0b7,0,33,16,0,0,1,0,20964.154999999999,21483.870999999999,22018.126
PSID_FULL:00893,PSID_FULL,893,283436119ee15332ed168f96622e4d12742fde4d42c82591d6ee88c9105a141b,0,25,16,0,0,1,0,20964.154999999999,24706.452000000001,26229.647000000001
PSID_FULL:00894,PSID_FULL,894,ff13eba983b15e31153b17aec5861d02faa842cb12599ca9de558a6ac8ee3f39,0,26,12,1,0,1,0,21116.977999999999,22379.031999999999,25121.351999999999
PSID_FULL:00895,PSID_FULL,895,060a114668e85910c6565c1ffc2d01a77e30769e47cbc20b2652a9869df065d0,0,39,12,0,0,1,0,21138.529999999999,20366.709999999999,15049.166999999999
PSID_FULL:00896,PSID_FULL,896,27b6b7bdb629a4c92f5207348503aeafcdeb03d3ef8da34cb80d324db053f88c,0,31,14,0,0,1,0,21140.489000000001,20141.129000000001,19653.762999999999
PSID_FULL:00897,PSID_FULL,897,27b6b7bdb629a4c92f5207348503aeafcdeb03d3ef8da34cb80d324db053f88c,0,31,14,0,0,1,0,21140.489000000001,20141.129000000001,19653.762999999999
PSID_FULL:00898,PSID_FULL,898,39ea5aa61cee31f2e44a5548fd93d0e6d0643654ad0520189aaad29f8061a382,0,23,13,1,0,1,0,21160.080999999998,17903.225999999999,23643.625
PSID_FULL:00899,PSID_FULL,899,8e12b4bb7cdbcd896ce99ba26b7a11bcbf21e64d15405250e3b6e88f984ebab9,0,42,12,0,0,1,0,21160.080999999998,21483.870999999999,12232.620999999999
PSID_FULL:00900,PSID_FULL,900,c9a47dd6e847891073c497070c1f3b311981941c69c1dd54a673de1498155d0f,0,36,14,0,0,1,0,21160.080999999998,23460.386999999999,0
PSID_FULL:00901,PSID_FULL,901,47cd6781e660f9b55cd053f745182901847895c217a4518009f2ac30d09a708b,0,26,12,0,0,1,0,21160.080999999998,24169.355,21279.262999999999
PSID_FULL:00902,PSID_FULL,902,a7833d9a37aaa750dd6d007efec0812ab7cf4cec2987b8a425ae84e6f0b461da,0,46,17,0,0,0,0,21258.044999999998,24094.161,24787.385999999999
PSID_FULL:00903,PSID_FULL,903,d1f5897882dc9d6a1c7b4f76fa57d0989cf23d3710d210b6e9402d29b193c13e,0,31,12,0,0,1,0,21356.008000000002,15038.709999999999,35465.438000000002
PSID_FULL:00904,PSID_FULL,904,9e7efdecf68eeedad1a48ddb3caab6ef8694d74ae3815f3e977d3f54e1e126de,0,27,12,1,0,1,0,21356.008000000002,20588.709999999999,21722.580999999998
PSID_FULL:00905,PSID_FULL,905,e199f85eaf4a1714a9aed1489fb0ad92ca776ddec2d0e38ff269e1b308715798,0,25,12,0,1,1,0,21512.749,26586.290000000001,25558.758999999998
PSID_FULL:00906,PSID_FULL,906,b4abf6a3933726e45f63d1122644110ec4c312cde767995e3210c873f3a556ec,0,42,16,0,0,1,0,21551.935000000001,0,41376.343999999997
PSID_FULL:00907,PSID_FULL,907,29ef2e5044f6a50ab7a95b5562ddd89b46d0b2f8234d2ac0265efca5d86bec55,0,28,12,0,0,1,0,21551.935000000001,8366.1774000000005,0
PSID_FULL:00908,PSID_FULL,908,9f406be42564cf936fda91207f40c4c4743234adb3e0739c24ac379b63928b74,0,28,12,0,0,1,0,21551.935000000001,10562.903,21722.580999999998
PSID_FULL:00909,PSID_FULL,909,ca70f9895017c98935d78225a28f53411de82b31bb6c81725d5e98a2fc197fd7,0,27,13,0,0,1,0,21551.935000000001,14322.581,16254.992
PSID_FULL:00910,PSID_FULL,910,5065196acab2a48a815a2dafac5f857e025f7d77753edd7023d9b13415fc494e,0,35,12,1,0,1,0,21551.935000000001,14322.581,15638.780000000001
PSID_FULL:00911,PSID_FULL,911,5065196acab2a48a815a2dafac5f857e025f7d77753edd7023d9b13415fc494e,0,35,12,1,0,1,0,21551.935000000001,14322.581,15638.780000000001
PSID_FULL:00912,PSID_FULL,912,0884fb8ce3a397f855a61409c0f570b12684b74d797c245a0583d93daafa00e3,0,26,12,0,0,1,0,21551.935000000001,15217.742,26599.078000000001
PSID_FULL:00913,PSID_FULL,913,b38d1d7940a475b2aa80cc4beaaaad2e6f092f710440f6a638e79111e49880f9,0,19,12,0,0,1,0,21551.935000000001,15754.839,19210.445
PSID_FULL:00914,PSID_FULL,914,964a2adf55ce32fa8b31891b27566200ad25cbd6547fea1e000996d96da4f658,0,29,12,0,0,1,0,21551.935000000001,17008.064999999999,20688.171999999999
PSID_FULL:00915,PSID_FULL,915,7c9ca7d01410a013d306ef9834e93acf1a3887e339d087cd6f7612ac3f12b3b0,0,34,12,1,0,1,0,21551.935000000001,17903.225999999999,25121.351999999999
PSID_FULL:00916,PSID_FULL,916,78d5b0ba17eafaf6eeee389a88435944fa106446cb94e3c8057b2c2877f78145,0,28,16,0,0,1,0,21551.935000000001,18619.355,44331.796999999999
PSID_FULL:00917,PSID_FULL,917,35bc6bda8052dda8c68126a215732e2f3824f2b4fe8a6d003530192e397c27f3,0,31,16,0,0,1,0,21551.935000000001,18798.386999999999,23348.080000000002
PSID_FULL:00918,PSID_FULL,918,f58c294434f7dadbb271459b842d8aa47b6a154e66515927b831bb12714f53b4,0,37,15,1,0,0,0,21551.935000000001,19210.161,17732.719000000001
PSID_FULL:00919,PSID_FULL,919,65299869a0df86c82f705da48f7e3e868a41e86562129750d2bf686638574b22,0,40,12,0,0,1,0,21551.935000000001,19693.547999999999,31032.258000000002
PSID_FULL:00920,PSID_FULL,920,94b519cfce9c17a72e48aa566e19e5b84113f0b4ca5854eadb419db3f6d9a708,0,37,12,0,0,1,0,21551.935000000001,19693.547999999999,44331.796999999999
PSID_FULL:00921,PSID_FULL,921,aca7561bac36bb9eb415c6077154f1ec13788e3dbbb56809d23d7ee7c2078686,0,48,12,0,0,1,0,21551.935000000001,20230.645,0
PSID_FULL:00922,PSID_FULL,922,5573fa1716674d99cf95414038cab28ffc9b066abe92c97db54ac80f5afc15b6,0,43,12,0,0,1,0,21551.935000000001,20588.709999999999,19210.445
PSID_FULL:00923,PSID_FULL,923,8b97f976a4d19c7f10ecd96f4a2ab32b995568779d598434d6c4ea19a1af1bb0,0,26,16,0,0,1,0,21551.935000000001,20588.709999999999,28815.668000000001
PSID_FULL:00924,PSID_FULL,924,89de0c767da84a4f76c14d8b2ac90c8f84571cde2b0f50c46113fa199f356597,0,29,12,0,0,1,0,21551.935000000001,20588.709999999999,19949.309000000001
PSID_FULL:00925,PSID_FULL,925,fe8e2d1866c86aadd08b5849de87365c87d6fff9b2f6148b789996ab5090bbc9,0,27,12,0,0,1,0,21551.935000000001,21120.435000000001,23052.535
PSID_FULL:00926,PSID_FULL,926,103dc15a1a72bb244e775c772ed815b4dedd56ad9231d72b77b79fe2b2442d1c,0,22,14,0,0,1,0,21551.935000000001,21483.870999999999,23200.307000000001
PSID_FULL:00927,PSID_FULL,927,ef59ff4fb944a75d6961a1e2e96800c7ad1796a25c837cc5f1054bebe34800a0,0,23,12,0,0,1,0,21551.935000000001,21483.870999999999,26599.078000000001
PSID_FULL:00928,PSID_FULL,928,4ab4f5cbf602c828bdd187165f464f047530e492d1d4ca26aa48a0cd6fa98ccb,0,21,12,0,0,1,0,21551.935000000001,21483.870999999999,12534.076999999999
PSID_FULL:00929,PSID_FULL,929,208384409d3bb524925ae3723e3e7467dc86751e892596e6ad8f674bde4dbe82,0,36,12,0,0,1,0,21551.935000000001,21483.870999999999,23643.625
PSID_FULL:00930,PSID_FULL,930,79ef40d3b8bec816c526623346d6e6a735385a45777e658929d6cc25da2fbae9,0,26,16,0,0,1,0,21551.935000000001,21483.870999999999,29492.467000000001
PSID_FULL:00931,PSID_FULL,931,ca5cd7333fa0f4daf0e474ce73baf4e820f9d22291d25d5a0612fc8072ac146d,0,33,12,0,0,1,0,21551.935000000001,21483.870999999999,21427.035
PSID_FULL:00932,PSID_FULL,932,0081054707d989fab9fb66f33ea3395727772363bd109d290d53cabcb75326d9,0,37,12,0,0,1,0,21551.935000000001,22379.031999999999,24382.488000000001
PSID_FULL:00933,PSID_FULL,933,1a825b81d52419eb275d526a8414b8f6ffdab5ed804e80a7ecf11fe11fda7117,0,29,16,0,0,0,0,21551.935000000001,22737.097000000002,33248.847999999998
PSID_FULL:00934,PSID_FULL,934,c7a75de8cfe8c0eea4a99351f24f697eed97f9c75b387a93cc370b56b2da559d,0,25,14,0,0,1,0,21551.935000000001,22916.129000000001,31505.131000000001
PSID_FULL:00935,PSID_FULL,935,b5adda28116b72d6b5627eea37db0d7dbeced427eb0dca3471839545a37cc965,0,27,16,0,0,1,0,21551.935000000001,23274.194,27633.487000000001
PSID_FULL:00936,PSID_FULL,936,acf431ce9ef54c6119ad9c5a1c39dec8bc9965efe0b2715644a8154c1954e325,0,41,17,0,0,1,0,21551.935000000001,23274.194,22904.761999999999
PSID_FULL:00937,PSID_FULL,937,ec6271af7e9000685530ad96ceefb5e442b0b3e7ced77ba1215a50cd23067ef3,0,29,16,0,0,1,0,21551.935000000001,23274.194,23643.625
PSID_FULL:00938,PSID_FULL,938,8c43e20f317bf9d6bf8f46f8823d169fe03f2013c08add4f65ba90d92df5277b,0,34,14,0,0,1,0,21551.935000000001,23274.194,22165.899000000001
PSID_FULL:00939,PSID_FULL,939,4d3b114f7980b18fdb13309de17851b77ac3e278b8f68e3a998c89256459d5b7,0,45,12,0,0,1,0,21551.935000000001,23632.258000000002,26633.065999999999
PSID_FULL:00940,PSID_FULL,940,1d114b9fb585024b21bd1876900b810eaea4e36b0d840fbb3701046b578b1547,0,41,12,1,0,1,0,21551.935000000001,24885.484,21427.035
PSID_FULL:00941,PSID_FULL,941,093f928eaf6785dc636022e800bc67aa3e2cf77fba116881c80f4f8fab9f36a0,0,35,13,1,0,1,0,21551.935000000001,25959.677,26423.228999999999
PSID_FULL:00942,PSID_FULL,942,03b96b88a7d3e9da530c6ae0e1161ae08436ee774d271187eddeeb9e17060eae,0,23,12,0,0,1,0,21551.935000000001,25959.677,58665.745000000003
PSID_FULL:00943,PSID_FULL,943,8a3f7a365c98dd01bcb2269ef2f0c3acfe4c2dcd34bb5bf05940f0e8357149ce,0,43,17,0,0,0,0,21551.935000000001,25959.677,36943.163999999997
PSID_FULL:00944,PSID_FULL,944,22445f5b08f1fdaf633ec037390b45a50b320c13a4ca82562e0a4fe49a0e16a2,0,21,12,0,0,1,0,21551.935000000001,26138.709999999999,38420.891000000003
PSID_FULL:00945,PSID_FULL,945,ed34c56e1f6132d74b4936f41ed890aa4be95f786b2980a31eafc403ae1cfc91,0,22,12,0,0,1,0,21551.935000000001,26765.323,35465.438000000002
PSID_FULL:00946,PSID_FULL,946,8cb8efb5ed8e8667f49c1974313d38b800f8e5efa7f3d5e3cca586cf1c0355a0,0,25,17,0,0,1,0,21551.935000000001,31151.613000000001,53937.019999999997
PSID_FULL:00947,PSID_FULL,947,ff5d5b759f08155a29cc11b08ce2d7bbe98b7626a138cceef16f7f47cde2266c,0,23,16,0,0,1,0,21551.935000000001,35806.451999999997,44331.796999999999
PSID_FULL:00948,PSID_FULL,948,5af0a5e82c88c16c9bba176a7ad9bd1e8f732233de984d5acbda6fb7ccd0b06f,0,28,14,0,0,1,0,21649.898000000001,26854.839,22165.899000000001
PSID_FULL:00949,PSID_FULL,949,92507994e08d901ed3fa0e71098ecd4a0a5c4a2050a94c47db9c48462854b5c2,0,44,13,0,0,1,0,21679.287,21918.919000000002,22165.899000000001
PSID_FULL:00950,PSID_FULL,950,6695c5a8d48bad1afcd5769a8ad231c66b062f53fe6c686e9b9b4f1157799a52,0,23,12,0,0,0,0,21747.862000000001,11413.306,2216.5898999999999
PSID_FULL:00951,PSID_FULL,951,490fee8fa1c78d5c8982db5b00a44b498fff9f0fff2459ed14780760693fc464,0,39,14,0,0,1,0,21747.862000000001,21841.935000000001,18619.355
PSID_FULL:00952,PSID_FULL,952,d0b32ee991df276a953c46885c8d58c86eefafa7aaf940e2f183e830577daa49,0,23,12,0,0,1,0,21865.418000000001,21483.870999999999,25121.351999999999
PSID_FULL:00953,PSID_FULL,953,f386bf6f56cade6fe437008bea64064a7e3909621699fda1bc1858976498d729,0,24,14,1,0,1,0,21869.335999999999,26353.547999999999,18767.127
PSID_FULL:00954,PSID_FULL,954,1af23c77fc5edc464ef69c4d7c7606572c43f1dc4fcd82e5b42310eb110dc017,0,24,13,0,1,1,0,21922.236000000001,24742.258000000002,35317.665000000001
PSID_FULL:00955,PSID_FULL,955,583f38d7351e74b729c32a7ae8e97df5280e77b22d455f113cbee06d02e933c1,0,51,12,0,0,1,0,21943.788,19156.452000000001,24382.488000000001
PSID_FULL:00956,PSID_FULL,956,29726df4fbae6cb11ee1ca4137cdc08c160688e9e4f094afa7db83fbcaf565f4,0,34,12,0,0,1,0,21943.788,20409.677,21131.490000000002
PSID_FULL:00957,PSID_FULL,957,e48079491da5843254a39b26b27144bf7e87f138f5b088f0af092405c7537753,0,27,12,0,0,1,0,21943.788,20588.709999999999,18323.810000000001
PSID_FULL:00958,PSID_FULL,958,f96be134bca5d369e3cbf136c546ac1a6ec1eaabb530e6ab02c77ade19327d9d,0,29,17,0,0,1,0,21943.788,21752.419000000002,22165.899000000001
PSID_FULL:00959,PSID_FULL,959,d31559e308ab668f8d65372cc61681233ba65f4b4ed88fc89a7b4d18616c068f,0,26,14,1,0,1,0,21943.788,25959.677,36943.163999999997
PSID_FULL:00960,PSID_FULL,960,f7fc85ae7057e6bc534f25eaa6cc884893006aebc8f0f762fae971b16a6e6d55,0,26,13,0,1,1,0,21953.584999999999,5671.7419,25860.215
PSID_FULL:00961,PSID_FULL,961,831782206167b10d18d9ee969533a40ff1e271c15e5c8be15820110930002c68,0,23,14,0,0,0,0,22139.715,18798.386999999999,41376.343999999997
PSID_FULL:00962,PSID_FULL,962,ca7bded2a33df4c38df71664a6e13820b4d89e37c7aa60db64ce509c3df3a60b,0,46,12,0,0,1,0,22139.715,22622.516,23643.625
PSID_FULL:00963,PSID_FULL,963,86c15b32165b2c04eeee5d904288704b35b46b18c05178002b82e065546322e2,0,27,12,0,0,0,0,22139.715,25422.580999999998,61768.970999999998
PSID_FULL:00964,PSID_FULL,964,2c788b5b76ef0d289a37655d345b48654281748e5c08ba1ef4ddd07f07a2d0ff,0,30,17,1,0,1,0,22139.715,27929.031999999999,33248.847999999998
PSID_FULL:00965,PSID_FULL,965,6c17e840bb6a5bf3d219d4ed3133274d5e100cb0329a2f1e73d30f632ff0e49f,0,25,12,1,0,1,0,22139.715,33300,29554.530999999999
PSID_FULL:00966,PSID_FULL,966,5052b8fc73ebe6aec0fb55ae8689a6fbc9d4876c2547aa1a5df121c2dd3edc61,0,27,14,0,0,1,0,22218.085999999999,23306.419000000002,26599.078000000001
PSID_FULL:00967,PSID_FULL,967,69f6a018729673970c35117cbfc0916fc5fd43a480aa336c0bc4b74df17a8abe,0,27,17,0,0,1,0,22237.678,22379.031999999999,14777.266
PSID_FULL:00968,PSID_FULL,968,319fc627c94fa0e73b893fa6fafc84c09a3913b7c6e694e3de427b88dd2bfce8,0,50,12,0,0,1,0,22306.253000000001,27544.113000000001,26876.891
PSID_FULL:00969,PSID_FULL,969,319fc627c94fa0e73b893fa6fafc84c09a3913b7c6e694e3de427b88dd2bfce8,0,50,12,0,0,1,0,22306.253000000001,27544.113000000001,26876.891
PSID_FULL:00970,PSID_FULL,970,319fc627c94fa0e73b893fa6fafc84c09a3913b7c6e694e3de427b88dd2bfce8,0,50,12,0,0,1,0,22306.253000000001,27544.113000000001,26876.891
PSID_FULL:00971,PSID_FULL,971,7c54c9821af60c8716167cb0dec3e1f71f415d193675972664a70e5ec7a4ff07,0,48,12,0,0,1,0,22321.927,23881.113000000001,25399.164000000001
PSID_FULL:00972,PSID_FULL,972,1891794202c6ecd7db1e7765a7f394f63d3bd03c847a91182d2d5ea4a6634f2a,0,24,16,0,0,1,0,22335.642,22880.323,29037.327000000001
PSID_FULL:00973,PSID_FULL,973,a9b4aeed8d70bb111c4feacf7b9393b4faea1b68e6cc1579c2ad5567c835b54e,0,25,12,0,1,1,0,22335.642,24169.355,31032.258000000002
PSID_FULL:00974,PSID_FULL,974,e8d5d2fd5b7d4d97c886a8189c5bfac1aebac1fd35602374c4d0261790c16884,0,37,12,0,0,1,0,22441.441999999999,16385.031999999999,23269.759999999998
PSID_FULL:00975,PSID_FULL,975,e8d5d2fd5b7d4d97c886a8189c5bfac1aebac1fd35602374c4d0261790c16884,0,37,12,0,0,1,0,22441.441999999999,16385.031999999999,23269.759999999998
PSID_FULL:00976,PSID_FULL,976,97cf12ead8dd8e7c12707a3b6c412da8e42bfa6872b2b583ca22d6a0b97d9c36,0,29,12,1,0,1,0,22531.567999999999,18619.355,23643.625
PSID_FULL:00977,PSID_FULL,977,b679f78f66c4dd9edb8c68428dcfeb0806d379fe19a76e6b766ca422a421863d,0,27,15,0,0,1,0,22531.567999999999,20588.709999999999,35465.438000000002
PSID_FULL:00978,PSID_FULL,978,4a01bbaa1b0fc39e0f22de54f2ef5eb4d698e84261ec45a0045cdf256d7cac82,0,41,12,0,1,1,0,22531.567999999999,20946.774000000001,22165.899000000001
PSID_FULL:00979,PSID_FULL,979,4dabc31024567ce487c12dd719d31a9ab29a3f799b0802daca5a028cf6cec789,0,29,12,0,0,1,0,22531.567999999999,21483.870999999999,22165.899000000001
PSID_FULL:00980,PSID_FULL,980,cf2c45131620f80974a9e614bd1eb6699a546858379d1d4df03a9add1b559ad9,0,27,16,0,0,1,0,22531.567999999999,21483.870999999999,23643.625
PSID_FULL:00981,PSID_FULL,981,91eef457c4c6e6fe490e767e1bfd540ef9ba1881c435ea85e0268112b3c0eaca,0,44,12,0,0,1,0,22531.567999999999,22379.031999999999,23643.625
PSID_FULL:00982,PSID_FULL,982,eac1641230ea00a5fd9db8960f094cb88e63475891aef33bb28e135a2e22eb89,0,26,13,0,0,1,0,22531.567999999999,22379.031999999999,37238.709999999999
PSID_FULL:00983,PSID_FULL,983,5b88ada76eebd5c55698ab7a70a83d535f3a241a94d1a6e60c340bda7ef5a3c7,0,34,12,0,0,1,0,22531.567999999999,22379.031999999999,26599.078000000001
PSID_FULL:00984,PSID_FULL,984,b933452e1a1902d31f65d91ce0ad55d795867d14ebf248174b5d6aea63bb2b4c,0,20,12,0,0,1,0,22531.567999999999,23274.194,24382.488000000001
PSID_FULL:00985,PSID_FULL,985,86ff5858222d01c622012be447b4a09654f8565e642ddd6425e48c955cebb716,0,43,14,0,0,1,0,22531.567999999999,23274.194,28520.123
PSID_FULL:00986,PSID_FULL,986,e64fd01a51edc8d46941d04e40b016424090ef819dcdcc490b2dbcce6cfaf25d,0,47,12,0,1,1,0,22531.567999999999,25028.709999999999,25564.669999999998
PSID_FULL:00987,PSID_FULL,987,a2e02cabc93a34780cb17e6fc7987d9342a966e5eeb7fa1aa0875d0d2171550e,0,31,12,0,0,1,0,22531.567999999999,25064.516,29554.530999999999
PSID_FULL:00988,PSID_FULL,988,547c27741c8fc493e6adf5fe434831c52275f2f7dcf83f06bf082ed7eb7e9e9f,0,33,12,0,0,1,0,22531.567999999999,26496.774000000001,24973.579000000002
PSID_FULL:00989,PSID_FULL,989,f475ecb612df258b8dbc925d80d9acef92e7c23e0ccdf4c36475cdb09ad95874,0,24,12,1,0,0,0,22531.567999999999,26854.839,29554.530999999999
PSID_FULL:00990,PSID_FULL,990,5b1887781feb307914216d4dca5071b3c78886fe3b246cbc09215f12e3a3ab21,0,27,16,0,0,0,0,22531.567999999999,30435.484,42854.071000000004
PSID_FULL:00991,PSID_FULL,991,a42b955cc3d46f60f3d0c365c3024ceb8dfd12f9facd578e9be247230ad59df4,0,23,14,0,0,1,0,22531.567999999999,33658.065000000002,26599.078000000001
PSID_FULL:00992,PSID_FULL,992,53e4632330cb22be447e8b7ad065c91e0e684a6f12a7f84a3e82b09899bad6dc,0,27,17,0,0,1,0,22594.264999999999,18261.290000000001,28815.668000000001
PSID_FULL:00993,PSID_FULL,993,1cf489dcd8f47b26840e641b6d7f4378c69b97ba31ac8d6d3af57751e76ebbf7,0,50,16,0,0,0,0,22629.531999999999,19693.547999999999,17732.719000000001
PSID_FULL:00994,PSID_FULL,994,53bc3371fc5a1556aea825aa60bb32161a22124327ae2cc1227f31749b00153c,0,22,14,0,0,1,0,22682.432000000001,24706.452000000001,20688.171999999999
PSID_FULL:00995,PSID_FULL,995,2af1e66609068c23a928cf023083c8eac333feed2dc7913d7c8e5b54e46eea5c,0,31,12,1,0,1,0,22727.494999999999,1503.8710000000001,27781.259999999998
PSID_FULL:00996,PSID_FULL,996,ced5755eca27d91eed2fa0ea19e7301be515430ab3f945ee72642ea6e3128c51,0,34,12,0,0,1,0,22727.494999999999,18619.355,20688.171999999999
PSID_FULL:00997,PSID_FULL,997,aebd9dd95ab47c92c5bfa89b0769e677b4eafe7974309e728a217acff67c6616,0,28,12,0,0,1,0,22727.494999999999,20051.613000000001,22904.761999999999
PSID_FULL:00998,PSID_FULL,998,2e54e090e163a6bd1a3d5de45580344a6cdfc78107221772d35b82e478805827,0,26,12,0,0,1,0,22727.494999999999,21483.870999999999,26599.078000000001
PSID_FULL:00999,PSID_FULL,999,bc96f72fbff443c1c5c299cda757597dd7a588f75cabe00137460bcc3f29e8ba,0,46,12,0,0,1,0,22727.494999999999,21841.935000000001,22904.761999999999
PSID_FULL:01000,PSID_FULL,1000,59cc2be7520353c690ffc8ffa4abff1ef88a1e6e91769faab302dfad16ec7901,0,27,17,0,0,1,0,22727.494999999999,22379.031999999999,24086.942999999999
PSID_FULL:01001,PSID_FULL,1001,11fdb887cc78b2b7fd10d1748c47eb8574649fc6ba1ba88b98ae7b2919f8faca,0,47,13,0,0,1,0,22727.494999999999,22558.064999999999,24382.488000000001
PSID_FULL:01002,PSID_FULL,1002,5b07809a489e1581b48d48feb746509c19630502ebd22b156da26bc9cad7074a,0,29,17,0,0,1,0,22923.421999999999,21483.870999999999,27042.396000000001
PSID_FULL:01003,PSID_FULL,1003,e277246edb00e42ff198c7202925a71cc06425fe84fa929d47760dc97e429950,0,24,16,0,0,0,0,22923.421999999999,22379.031999999999,26451.306
PSID_FULL:01004,PSID_FULL,1004,f854371e581b7eedf495a5078c5c173d7b055b197953d635d7fb4ee313b4dc29,0,30,16,0,0,1,0,22923.421999999999,23274.194,28076.805
PSID_FULL:01005,PSID_FULL,1005,85c155f49d33804bb060034b2a465828aa08af8e432fd7c817dceb80d93ff8ee,0,23,12,0,0,1,0,22982.200000000001,24033.290000000001,14777.266
PSID_FULL:01006,PSID_FULL,1006,a08a5eeff20949afd9ceabd9acb2570590279250c792e3ce011b2dc98519bccd,0,27,15,0,0,1,0,23119.348000000002,0,0
PSID_FULL:01007,PSID_FULL,1007,e26b260453e990c0810cdc4aae1ae040c37d0164934e0abad342f91f83c6f809,0,25,12,0,0,1,0,23119.348000000002,24074.468000000001,25195.238000000001
PSID_FULL:01008,PSID_FULL,1008,3e8365216a167575d9f6e684ec527aa609cc670318dcaf470662bdbe416b23ec,0,26,12,0,0,1,0,23315.275000000001,26767.113000000001,27633.487000000001
PSID_FULL:01009,PSID_FULL,1009,18416aa5f8d419357eba3a4c53c43aebaadac8a07558bd3d3334d2b8334db739,0,26,12,0,0,1,0,23511.202000000001,0,0
PSID_FULL:01010,PSID_FULL,1010,0e0577fdf9e5be2eca4afd48097883f3889f714becd1413a5bdae4a2b1d48076,0,25,12,0,0,1,0,23511.202000000001,11279.031999999999,21279.262999999999
PSID_FULL:01011,PSID_FULL,1011,0c8fae0ae6b3b8f67ec06bc19d03cbb8df6a3e18dad84dd903663aaa3c96f9ea,0,32,12,0,0,1,0,23511.202000000001,13785.484,31032.258000000002
PSID_FULL:01012,PSID_FULL,1012,eeb67cb42dd86ac255edc8e2e4f28848ea9034edd2c464a00bd670887f5d77ab,0,32,12,0,1,1,0,23511.202000000001,13964.516,66497.695999999996
PSID_FULL:01013,PSID_FULL,1013,78b1126935982624346c77519c8502470c2fb3de37c8aaa7975a4a0490ef1670,0,50,16,0,0,0,0,23511.202000000001,14322.581,39973.982000000004
PSID_FULL:01014,PSID_FULL,1014,405e79eaae1f0abe4ca5da7973a675d6ac78f2aa4ffaf4d79c2e8940aa405b0d,0,25,13,0,0,0,0,23511.202000000001,14322.581,20850.722000000002
PSID_FULL:01015,PSID_FULL,1015,e3d2cbc3e00b25466284e173bfdd389d214a6dde7d51281278029b99785b241b,0,33,12,1,0,1,0,23511.202000000001,14322.581,23643.625
PSID_FULL:01016,PSID_FULL,1016,03f256eb25f3dfb97f3e348271070fef90360bd3d367f432350423e0efddcac0,0,27,12,0,0,1,0,23511.202000000001,15038.709999999999,12738.003000000001
PSID_FULL:01017,PSID_FULL,1017,e001951666e69378732d858d1c98c7c0b95c22f0befbfe17824f003dc0670230,0,28,16,1,0,1,0,23511.202000000001,16112.903,22018.126
PSID_FULL:01018,PSID_FULL,1018,a9f7c60139a56b7862651af522d458eb6178df21a8d578fddeac54a635ef05a0,0,28,12,0,0,1,0,23511.202000000001,16112.903,0
PSID_FULL:01019,PSID_FULL,1019,3b6774a14f7e6ca738122a62c1655085ed0b228908318d232c7c6ec0c715516e,0,38,12,0,0,1,0,23511.202000000001,16112.903,30293.395
PSID_FULL:01020,PSID_FULL,1020,2e3c882440aef5b017750f58b3b0421a945b0c789e12d15b89b212114208a439,0,31,12,0,0,1,0,23511.202000000001,17903.225999999999,22165.899000000001
PSID_FULL:01021,PSID_FULL,1021,1bcedc8d8deb9ba3eb0ce2ed61761c261784d72524a78bc999987ef600b9d5d4,0,28,12,0,0,1,0,23511.202000000001,18798.386999999999,36943.163999999997
PSID_FULL:01022,PSID_FULL,1022,48a7068264125728909654c3889d362be9a076295fb9b8604470bd004953232b,0,43,12,1,0,1,0,23511.202000000001,19421.419000000002,13559.619000000001
PSID_FULL:01023,PSID_FULL,1023,95b75f6083eeb7514a755389717e029830c805917e4f5a468e29e4490397013a,0,37,17,1,0,1,0,23511.202000000001,19693.547999999999,76841.782000000007
PSID_FULL:01024,PSID_FULL,1024,95b75f6083eeb7514a755389717e029830c805917e4f5a468e29e4490397013a,0,37,17,1,0,1,0,23511.202000000001,19693.547999999999,76841.782000000007
PSID_FULL:01025,PSID_FULL,1025,3edf751372197fde9ed9b48428b54201383e54f1efc6ea4ede9019488b8bac3b,0,23,12,0,0,1,0,23511.202000000001,19854.677,18914.900000000001
PSID_FULL:01026,PSID_FULL,1026,bcd39ad7799bcc7357027c4a859f0f7d2413c885ef8b2b3105c7ed30b27544fe,0,55,12,0,0,1,0,23511.202000000001,20588.709999999999,22165.899000000001
PSID_FULL:01027,PSID_FULL,1027,6ea4acc1b8f0ef8472bda7cc8555777c9c00b306b57966981c96898e989757ce,0,34,17,0,0,1,0,23511.202000000001,20588.709999999999,23421.966
PSID_FULL:01028,PSID_FULL,1028,a2b5e6c7ed81221c773da7cc2eed1f6ba5f0794ffc13e8b0122b38f4bee69433,0,28,17,0,0,1,0,23511.202000000001,20946.774000000001,69453.149000000005
PSID_FULL:01029,PSID_FULL,1029,4b163d02119e3b6749d9140756a46ce0657fc6511ea320fae498e1012964ee61,0,31,14,0,0,1,0,23511.202000000001,21483.870999999999,27830.025000000001
PSID_FULL:01030,PSID_FULL,1030,cf119b5d56eb81d61948d868b2db13cf140ac998940b2da37542253ca942dc54,0,28,12,0,0,1,0,23511.202000000001,21483.870999999999,23643.625
PSID_FULL:01031,PSID_FULL,1031,7bfa38c7422116f43e21bdb3d80143c12ee0c406fdb2e0dc4a4aa66d48e3db45,0,25,12,0,1,1,0,23511.202000000001,21483.870999999999,25121.351999999999
PSID_FULL:01032,PSID_FULL,1032,ceb94cc9f654790907486185cad92390df9e4185da0c301f2d56d1f0bc81d486,0,54,15,0,0,1,0,23511.202000000001,21483.870999999999,59109.063000000002
PSID_FULL:01033,PSID_FULL,1033,810858e69fab3b06e2dbc0c4ec7b24d4330e3fad6b2c8e6e6409f0cb806ade58,0,42,12,1,0,0,0,23511.202000000001,21483.870999999999,22165.899000000001
PSID_FULL:01034,PSID_FULL,1034,c8cd9b1952baf8b23944cae657e3eeb9e4b7155baabeb2236a20168686a5a956,0,35,12,0,0,1,0,23511.202000000001,21483.870999999999,29554.530999999999
PSID_FULL:01035,PSID_FULL,1035,627dda8c66990a5d2c81ae25cf2184b564dc672af50ff505c172a8506ad48350,0,27,13,0,0,0,0,23511.202000000001,21483.870999999999,22165.899000000001
PSID_FULL:01036,PSID_FULL,1036,2512cc9dff0c79a09abcdd1382dfabbacfd93c921ea3eb46881d9f203304ab14,0,45,12,0,0,1,0,23511.202000000001,21483.870999999999,0
PSID_FULL:01037,PSID_FULL,1037,fd64be0c38f538b72b6f074df12d3acad0c45cc2db3395001b278ec2406faf87,0,26,12,1,0,1,0,23511.202000000001,21483.870999999999,31623.348999999998
PSID_FULL:01038,PSID_FULL,1038,34afe7be3dd78228a38e773db7ead6ff2f085441d173f67b75de464b9274dabd,0,28,16,0,0,1,0,23511.202000000001,21483.870999999999,11821.813
PSID_FULL:01039,PSID_FULL,1039,e42e97ecf3b5a35f246a1104910104f856e70b7dfe3aa9c99699e88959469bd7,0,30,16,0,0,1,0,23511.202000000001,21483.870999999999,22165.899000000001
PSID_FULL:01040,PSID_FULL,1040,9aec178b70cd44d10b2516432088c4858fcbfe3483f291114646bd3ae768e2dc,0,24,12,0,1,1,0,23511.202000000001,21483.870999999999,23052.535
PSID_FULL:01041,PSID_FULL,1041,704ad2ea85084ad05721edd614bf593955b050367101454f2b2ac52c2d2b3375,0,26,14,0,0,1,0,23511.202000000001,22020.968000000001,22165.899000000001
PSID_FULL:01042,PSID_FULL,1042,c9d74e81f618da946eb95079382d8335858be2944ce5ffc2d569b3870f16177e,0,35,14,0,0,1,0,23511.202000000001,22379.031999999999,22165.899000000001
PSID_FULL:01043,PSID_FULL,1043,dbaf3536283eee824cdf3152512c21c2aedfb48b7bfd9bcb047e53b047ee0e84,0,42,17,0,0,1,0,23511.202000000001,22379.031999999999,0
PSID_FULL:01044,PSID_FULL,1044,dbaf3536283eee824cdf3152512c21c2aedfb48b7bfd9bcb047e53b047ee0e84,0,42,17,0,0,1,0,23511.202000000001,22379.031999999999,0
PSID_FULL:01045,PSID_FULL,1045,7b6e6e1c93ed02cf6a58b8947a3a08a5a4c6adf2184ccf305e684248f3abec26,0,28,16,0,0,1,0,23511.202000000001,22379.031999999999,27337.941999999999
PSID_FULL:01046,PSID_FULL,1046,0b1056b6b981bdddf5467394a7cac358d14ca4d0fb32db4655abc1775a8b3153,0,28,12,0,0,1,0,23511.202000000001,22379.031999999999,29554.530999999999
PSID_FULL:01047,PSID_FULL,1047,d90a37a116ef88b5eca3e6a724af1fe078965452d9ca342b04ca83f5b37ef3d3,0,27,14,0,0,1,0,23511.202000000001,22558.064999999999,23531.317999999999
PSID_FULL:01048,PSID_FULL,1048,13fd5bee25af8e104015edb19dbe25493ee5d598ee007b3f6b272526b6caef94,0,35,16,0,0,1,0,23511.202000000001,22737.097000000002,21834.887999999999
PSID_FULL:01049,PSID_FULL,1049,04de68545d630a289404bc4a04ec2072ab99ad74e0323c946e9c4493baa8a8c3,0,55,12,0,0,1,0,23511.202000000001,22916.129000000001,17732.719000000001
PSID_FULL:01050,PSID_FULL,1050,dea0913662f1baf4b2a47a727a3fd0e6331efeabbdf73c95c2e58c4fff74f236,0,36,14,0,0,1,0,23511.202000000001,23274.194,33248.847999999998
PSID_FULL:01051,PSID_FULL,1051,5439b3bd7f763b6548ec9b468b5b10fabb77c3beba4701d0b7c8c0bfcbb29c57,0,42,16,0,1,1,0,23511.202000000001,23274.194,29554.530999999999
PSID_FULL:01052,PSID_FULL,1052,d7007750aa6fe8d09d48ec2a5ff6a03cc3be1ef2e64a9f28c0cec4f68f957914,0,22,12,0,0,1,0,23511.202000000001,23274.194,26155.759999999998
PSID_FULL:01053,PSID_FULL,1053,d4b074d3e954f688afdfaaa071545340b8cfd6787e4cbab98a61031fdfaf427f,0,33,12,1,0,1,0,23511.202000000001,23274.194,36943.163999999997
PSID_FULL:01054,PSID_FULL,1054,3d27bbb722a6edb261fac77513e0db4ddae82c9653a1d30dd0588647f4c31e04,0,38,12,0,0,1,0,23511.202000000001,23274.194,25121.351999999999
PSID_FULL:01055,PSID_FULL,1055,494854d659e03d159b2c7e68c79ed20619db7a5278694ffd1ce5872cdf508f26,0,48,16,0,0,1,0,23511.202000000001,23274.194,39898.618000000002
PSID_FULL:01056,PSID_FULL,1056,494854d659e03d159b2c7e68c79ed20619db7a5278694ffd1ce5872cdf508f26,0,48,16,0,0,1,0,23511.202000000001,23274.194,39898.618000000002
PSID_FULL:01057,PSID_FULL,1057,04fb3cc8493c2da669f7e12aebb00c868c448afc3c92c5bdcada246a685896c1,0,25,13,0,0,1,0,23511.202000000001,23456.806,26007.988000000001
PSID_FULL:01058,PSID_FULL,1058,12cd0617e1c636e5c04aced36ee19192c6a652c9d9078c66368dd936ad8d1a97,0,23,14,0,0,1,0,23511.202000000001,24169.355,31032.258000000002
PSID_FULL:01059,PSID_FULL,1059,c03482e14570b16f557e1832ab31a1a0c3fd028ec89ec0306b4dee4c82bf130c,0,31,16,0,0,1,0,23511.202000000001,24706.452000000001,28963.440999999999
PSID_FULL:01060,PSID_FULL,1060,314a34ed40925b036b9f970363cb7f39809a6515671671a37887e2f5ca950865,0,26,12,0,0,1,0,23511.202000000001,24885.484,26599.078000000001
PSID_FULL:01061,PSID_FULL,1061,527a818d11ce31e5f048d586b315481b8a6505cfbf330ceee1ac98912cf87260,0,32,12,0,0,1,0,23511.202000000001,25064.516,26599.078000000001
PSID_FULL:01062,PSID_FULL,1062,c0bd35c88998e2d1ba3f9fa58b3f014ae96d55615bc972bb0da5ea4a83684c5d,0,29,13,0,0,1,0,23511.202000000001,25064.516,0
PSID_FULL:01063,PSID_FULL,1063,c0bd35c88998e2d1ba3f9fa58b3f014ae96d55615bc972bb0da5ea4a83684c5d,0,29,13,0,0,1,0,23511.202000000001,25064.516,0
PSID_FULL:01064,PSID_FULL,1064,2ada4f39382048e727f52ffc2f465dedce1079eeea71b0eb471d4dcde3155280,0,30,16,0,0,1,0,23511.202000000001,25243.547999999999,27042.396000000001
PSID_FULL:01065,PSID_FULL,1065,f3b54046aa30c19e4e09ede36dddb8f5e2e6ba7b26300c4813494020e7b04129,0,47,14,1,0,1,0,23511.202000000001,25565.806,23974.635999999999
PSID_FULL:01066,PSID_FULL,1066,32a1c539807ee49e5384cde1357f2f45c67da7565bbfac70a410b71801c14fe4,0,51,12,1,0,1,0,23511.202000000001,25601.613000000001,25121.351999999999
PSID_FULL:01067,PSID_FULL,1067,34572b7a0b016da3e23820b32c106720b3add7b8f6dfa3ddf49abf756e178a1c,0,26,14,0,0,1,0,23511.202000000001,25780.645,31032.258000000002
PSID_FULL:01068,PSID_FULL,1068,4eb5d81fc35ca694ff17ab13157698acb0c6820039d80a7cd39422e65cb73c18,0,32,16,0,0,1,0,23511.202000000001,25959.677,35465.438000000002
PSID_FULL:01069,PSID_FULL,1069,177cd447bf410b4bd7bea060e0136fc2e964cecbef1e112bf5cf05a016387e13,0,35,14,0,0,1,0,23511.202000000001,26496.774000000001,29554.530999999999
PSID_FULL:01070,PSID_FULL,1070,177cd447bf410b4bd7bea060e0136fc2e964cecbef1e112bf5cf05a016387e13,0,35,14,0,0,1,0,23511.202000000001,26496.774000000001,29554.530999999999
PSID_FULL:01071,PSID_FULL,1071,0874ab59b0e4aba5d93956e608113dac0a350e8ab626d18ec92c5141a5091c19,0,54,12,0,0,1,0,23511.202000000001,26854.839,2049.6068
PSID_FULL:01072,PSID_FULL,1072,c31260dff67af86f97850552cf1f62425f937d01bd30f5d0ebc119199dc8afb5,0,55,12,0,0,1,0,23511.202000000001,26854.839,26599.078000000001
PSID_FULL:01073,PSID_FULL,1073,c31260dff67af86f97850552cf1f62425f937d01bd30f5d0ebc119199dc8afb5,0,55,12,0,0,1,0,23511.202000000001,26854.839,26599.078000000001
PSID_FULL:01074,PSID_FULL,1074,0344ba622b2cb97eb458d13956c00e0567e12465c257078a5546db48db55040d,0,38,12,0,0,1,0,23511.202000000001,26854.839,29554.530999999999
PSID_FULL:01075,PSID_FULL,1075,657435c35004feda5f255e375c22274538d978d62761cc7f4c0cf303d91e4a41,0,25,12,0,0,0,0,23511.202000000001,26854.839,18176.037
PSID_FULL:01076,PSID_FULL,1076,365bd136d6b42ba8000b3c7f6a0b0349079818c58f2ffb8e0c94cf3e08a6d35d,0,30,12,0,0,1,0,23511.202000000001,28645.161,32509.985000000001
PSID_FULL:01077,PSID_FULL,1077,b548fad9d6c5d244c98a6801b107d25d7971037a04dade3768a68e4699c143fb,0,25,17,0,0,1,0,23511.202000000001,29003.225999999999,28076.805
PSID_FULL:01078,PSID_FULL,1078,c7e1de9262119f4cb5b8d86b7fd0afd1dc6a45161d49ead7405626f15bb9cfeb,0,39,12,0,0,0,0,23511.202000000001,31509.677,15516.129000000001
PSID_FULL:01079,PSID_FULL,1079,1331b8902f37859dee7afddd748b55829c59639cd6d48a244befa711144c75fd,0,28,14,0,0,1,0,23511.202000000001,32225.806,36943.163999999997
PSID_FULL:01080,PSID_FULL,1080,296106d0b8cb851e7d6d4cb04e0be33cec43f1d1fff2866d5ac4d8f4f1640332,0,47,12,1,0,1,0,23511.202000000001,32225.806,17732.719000000001
PSID_FULL:01081,PSID_FULL,1081,de4ed56f1f1b95ecf5adcb30e62af92e3571d33f7146784f6089d72027d297d6,0,39,17,0,0,1,0,23511.202000000001,35448.387000000002,32509.985000000001
PSID_FULL:01082,PSID_FULL,1082,9ea7b0f5bce8cd2d41263d60db674297de4612a7b03eef576f9ccd7c319968d4,0,49,12,0,0,1,0,23511.202000000001,35806.451999999997,23643.625
PSID_FULL:01083,PSID_FULL,1083,7c83785bd1e382ea94775aba20ad92dce1ada2f8a0b1748f193c85178942fc6c,0,21,12,0,0,1,0,23511.202000000001,50129.031999999999,0
PSID_FULL:01084,PSID_FULL,1084,0ddb3cc44c5e9b64f13375ece26ce26d6ef13f910a758d7e225fd997eba4c329,0,31,14,0,0,1,0,23707.128000000001,20767.741999999998,23939.170999999998
PSID_FULL:01085,PSID_FULL,1085,df0f9bab5f32626f55db32302ec3ffad6b8b01ab5f6bac9303800dc3acca27fa,0,27,12,0,0,1,0,23707.128000000001,21483.870999999999,33987.711000000003
PSID_FULL:01086,PSID_FULL,1086,69e7abe5069d66c3370cf1450536e4fd22fca4fa89ef0b3d868c6ed8ab70e077,0,37,12,0,0,1,0,23707.128000000001,22200,22904.761999999999
PSID_FULL:01087,PSID_FULL,1087,ff1fbf6f20e6a323cf852f68d7df01e570814a74641b6493fcc315b08b87aeb2,0,51,12,0,0,1,0,23707.128000000001,22379.031999999999,19411.416000000001
PSID_FULL:01088,PSID_FULL,1088,df074e99aa5301123bc4972360a4e45b010cd46e0d42e4e3c240769c5faf8e2d,0,29,12,0,0,1,0,23707.128000000001,26854.839,28076.805
PSID_FULL:01089,PSID_FULL,1089,0a15fbc0bcfdb84e07a985d2b033e96294f91839a722cd428e7113e74d6ee27b,0,27,14,0,0,1,0,23707.128000000001,29540.323,23200.307000000001
PSID_FULL:01090,PSID_FULL,1090,b6ab54bb0fb185788fc5b0c1da63faaa187a78efc5f07b26dd58401818ae5e17,0,24,13,0,0,1,0,23903.055,1790.3226,449.22888
PSID_FULL:01091,PSID_FULL,1091,3a3c0466721757d70c1419107e8e2138da296e0182987b3409a37faed51389d9,0,32,12,0,0,1,0,23903.055,24812.080999999998,12412.903
PSID_FULL:01092,PSID_FULL,1092,1862f531de954a289a9b1c0c0ecf7ee19523035c4432ee94b100f7742b387328,0,31,17,0,0,1,0,23903.055,25601.613000000001,27042.396000000001
PSID_FULL:01093,PSID_FULL,1093,02911c93a660f2af15307ec12bc5f73ce6ab0385b0f0694148a16ed626bb73c2,0,46,12,0,0,0,0,23918.728999999999,12532.258,0
PSID_FULL:01094,PSID_FULL,1094,dc380ee1a03e9e7aca5b2d89e8ba60d4b5a44ee7fc2360d4eba9b54806885806,0,40,15,0,1,1,0,24001.018,23274.194,26599.078000000001
PSID_FULL:01095,PSID_FULL,1095,8ae40ca6fbced5a10ed9721a6a7c56457200ecf58d0715bd6e55db913e898e60,0,27,16,0,0,1,0,24098.982,7161.2902999999997,36204.300999999999
PSID_FULL:01096,PSID_FULL,1096,d5b0c99563ecbe26649329be3b5c8e78c89863e05529bf495e3f5a365e099bff,0,27,17,0,0,1,0,24098.982,22200,25860.215
PSID_FULL:01097,PSID_FULL,1097,a57e600f93542ad2c703a43ef809fcb42e7dda16b29b8a2629fff10fa47f7021,0,28,14,0,0,1,0,24098.982,22379.031999999999,27337.941999999999
PSID_FULL:01098,PSID_FULL,1098,e98797b30c328fab46e142b84e31e9ff37144c27bfe96d2defcf8c8676f8f1b9,0,29,17,0,0,1,0,24098.982,24527.419000000002,23643.625
PSID_FULL:01099,PSID_FULL,1099,8414add4b88a861a76d529967633181e68b8f8abf2fdf72a7e2217e44e7a4ee7,0,36,13,0,0,1,0,24098.982,25064.516,25564.669999999998
PSID_FULL:01100,PSID_FULL,1100,f53d6ed3893bf7b2cd8fcb139081ad33149a34ca2b35c2ca2a8b7903288b59a9,0,23,12,0,0,1,0,24098.982,26854.839,17437.173999999999
PSID_FULL:01101,PSID_FULL,1101,11b76150e5ad6e7f40330c3168aa95791822e2be255b534214f21e5d3da0a0e1,0,28,12,0,0,1,0,24294.907999999999,18261.290000000001,21427.035
PSID_FULL:01102,PSID_FULL,1102,9c01a1ab89f6cdcd35aaf9ddc6eeed1fb35952ef5240bba8a7f9e76f36106a27,0,28,12,0,0,1,0,24383.075000000001,15217.742,19210.445
PSID_FULL:01103,PSID_FULL,1103,65a4b9059ac86c02ec1d3ecea5caf1a13a929c06a408f77a4a1708ef45ffc26e,0,34,12,0,0,1,0,24486.916000000001,22200,22904.761999999999
PSID_FULL:01104,PSID_FULL,1104,bc21428f1273228a9e5c133c90bbf6207866a17112631cd0fa8a3a42d0d836d0,0,41,12,0,0,1,0,24490.834999999999,14322.581,22165.899000000001
PSID_FULL:01105,PSID_FULL,1105,3983960c9e5c8f9e960e2e20880b6d14f21c08dee8eff3b4163c5a78bbaf563e,0,25,13,0,0,1,0,24490.834999999999,18261.290000000001,0
PSID_FULL:01106,PSID_FULL,1106,4c54a034bf688aa59949af9eaa0d790f95d7caee43cb1f7350552d1a0d20955c,0,45,12,0,0,1,0,24490.834999999999,21483.870999999999,10639.630999999999
PSID_FULL:01107,PSID_FULL,1107,36b6d948c036a0517f4016b168a78f1ee6a295c1c4f208f7d8c94484d4c162c9,0,45,12,1,0,1,0,24490.834999999999,21483.870999999999,28076.805
PSID_FULL:01108,PSID_FULL,1108,521bfb05ea2192fe02dbd850dea9800e24ce25b81523f1782672ae1bee105465,0,41,12,0,0,1,0,24490.834999999999,21483.870999999999,33987.711000000003
PSID_FULL:01109,PSID_FULL,1109,764709cdc25f9294b71d4b9986ed158ed222630f4b3587dd3936fac2990d2801,0,35,16,0,0,0,0,24490.834999999999,21841.935000000001,24825.806
PSID_FULL:01110,PSID_FULL,1110,753fabc7298b41350cb5f8817a116724d40a8e096b7ce34028c28beab21d04ab,0,35,13,1,0,1,0,24490.834999999999,23274.194,25121.351999999999
PSID_FULL:01111,PSID_FULL,1111,b7c5ce52c4e39d8790ef6cfd1934003a8e41cc31ddd9b675651e18a588eaf2ed,0,29,16,0,0,1,0,24490.834999999999,23453.225999999999,25860.215
PSID_FULL:01112,PSID_FULL,1112,00ab64384678f8a8adaf5178d5eeb3e99d941178bf353d9fa12b8f14552f2db7,0,28,13,0,0,1,0,24490.834999999999,23868.580999999998,23495.852999999999
PSID_FULL:01113,PSID_FULL,1113,b913c77e0d7a02917f9c7bf1857f5e3980db236f21921b140467437a5ed554c2,0,35,13,0,0,1,0,24490.834999999999,23990.323,22165.899000000001
PSID_FULL:01114,PSID_FULL,1114,777aee2c4400e7b168b35dfa387a6c61871f8ab77384f36824e7cc2369904126,0,35,16,0,0,1,0,24490.834999999999,24169.355,25638.556
PSID_FULL:01115,PSID_FULL,1115,6095932f540008d7cbb9fa1cdb7ebe1a315da7267fe67ec5aaf8d236d5871c21,0,30,12,0,0,1,0,24490.834999999999,25064.516,29554.530999999999
PSID_FULL:01116,PSID_FULL,1116,cf23d94bd2d23b6a3df28a2776b059908794878e5ee64a283705efaa6f87d235,0,29,12,0,0,1,0,24490.834999999999,25064.516,28076.805
PSID_FULL:01117,PSID_FULL,1117,0c073ad9040809665732c8868339eba0944d01d5ee5357bba2858ca6428dd836,0,26,14,1,0,1,0,24490.834999999999,25717.984,26643.41
PSID_FULL:01118,PSID_FULL,1118,83910e91afa5a4d6aa3b033a59a88964cc034b15b0e35e711562b167c50482b6,0,28,16,0,0,1,0,24490.834999999999,26460.968000000001,45809.523999999998
PSID_FULL:01119,PSID_FULL,1119,0a7e55b501fd5522b719a5036d2188579887aae095081ce05ea7f11e022e278a,0,30,16,0,0,1,0,24490.834999999999,26854.839,38420.891000000003
PSID_FULL:01120,PSID_FULL,1120,63cf046a59f181879765f45efc6c2897f7d918bd6b8c58ecfbc39848b16ae19f,0,26,17,0,0,0,0,24490.834999999999,26854.839,29702.304
PSID_FULL:01121,PSID_FULL,1121,f07689b88b208c97b70b26129425239fb15e3378033baa96d26f4f423ed058b9,0,22,13,0,0,1,0,24490.834999999999,26854.839,39159.754000000001
PSID_FULL:01122,PSID_FULL,1122,7d3754afe4893d74079c6079ef37e6e36336efea8343747baeba1c57c420234a,0,22,12,0,0,1,0,24490.834999999999,26854.839,25121.351999999999
PSID_FULL:01123,PSID_FULL,1123,5979921cdc11f611591013010d631460988cc9cab4b031f2a356bbf5f348a7c3,0,26,16,0,0,0,0,24490.834999999999,27750,9605.2227000000003
PSID_FULL:01124,PSID_FULL,1124,1cf6ad4150bf43b6de2ed71e6f6b49a5cd4d43e9a8016236dd3bbd4ce09dee29,0,43,12,1,0,1,0,24490.834999999999,29355.919000000002,35465.438000000002
PSID_FULL:01125,PSID_FULL,1125,309d086d1293e60d26134fbde2c227357a993b422e4f5ddd885e7e0e2708e635,0,43,13,1,0,1,0,24490.834999999999,34016.129000000001,39898.618000000002
PSID_FULL:01126,PSID_FULL,1126,98d1705faea5b94abe432621cae50d7da42b81ab83c4f24e1dabd39248db9c89,0,48,16,0,0,1,0,24663.251,18082.258000000002,25121.351999999999
PSID_FULL:01127,PSID_FULL,1127,d152ee1342aa7051dcb14a15a86b56d655e1561d826bfc4f7da341345502f7bc,0,45,12,0,0,1,0,24686.761999999999,15217.742,27929.031999999999
PSID_FULL:01128,PSID_FULL,1128,416e703259497fbf6b9509e3b5222b5391acddec0ae34efd2328938b4bcdb5f4,0,27,12,1,0,1,0,24686.761999999999,22558.064999999999,22609.217000000001
PSID_FULL:01129,PSID_FULL,1129,34b1603f750f3ebaf617f72319d897bf9418236ec1dd15fccf5b0c12d225e8a0,0,44,17,0,0,1,0,24686.761999999999,23274.194,23348.080000000002
PSID_FULL:01130,PSID_FULL,1130,cc5982a480603b4bcb7472723bc1b47aa1b133cda50817aefffa316b55255cb7,0,26,16,0,0,1,0,24686.761999999999,25422.580999999998,29554.530999999999
PSID_FULL:01131,PSID_FULL,1131,569dc245c1b51e079b3930cdde0f8fb4679d5f62e55668b03a195511f7af9007,0,54,16,0,0,1,0,24686.761999999999,26854.839,26451.306
PSID_FULL:01132,PSID_FULL,1132,569dc245c1b51e079b3930cdde0f8fb4679d5f62e55668b03a195511f7af9007,0,54,16,0,0,1,0,24686.761999999999,26854.839,26451.306
PSID_FULL:01133,PSID_FULL,1133,569dc245c1b51e079b3930cdde0f8fb4679d5f62e55668b03a195511f7af9007,0,54,16,0,0,1,0,24686.761999999999,26854.839,26451.306
PSID_FULL:01134,PSID_FULL,1134,0d77c34bc9d7777d9b2fb721beabdec1a7a7cc248d60f2823e1696cea2a411a5,0,29,12,0,0,1,0,24686.761999999999,27750,24382.488000000001
PSID_FULL:01135,PSID_FULL,1135,32487be87d1652493b97cd37daa82c6071f6ebef60847af6291ce1abdb8b95a0,0,22,12,0,0,1,0,24765.132000000001,21594.870999999999,34320.199999999997
PSID_FULL:01136,PSID_FULL,1136,97bc7e1eca21f651b57bed018c7ee5ed561e0b947d227cee60ab928408755fc1,0,39,17,0,0,1,0,24823.91,25064.516,27061.607
PSID_FULL:01137,PSID_FULL,1137,26b2f6b4c9e339b4b6543dd94db9195d59b2b77733751742c00c1f321421d72b,0,35,16,0,0,1,0,24882.687999999998,24527.419000000002,36943.163999999997
PSID_FULL:01138,PSID_FULL,1138,68d87454d98a37adc61bb3dcfc075018991c04c9f176f1e5e78d7aacd0cc4817,0,44,12,0,0,1,0,24882.687999999998,27929.031999999999,25121.351999999999
PSID_FULL:01139,PSID_FULL,1139,c14025bd76438709e183e210f00611ee3b9053bf3ee18dde8bf4e056733a75b3,0,32,16,0,0,1,0,24980.651999999998,25064.516,26599.078000000001
PSID_FULL:01140,PSID_FULL,1140,f1b5a345385ce48c4554b1c3803a80f303e95fb707fcebcbd3f0dfeb3c13fcb7,0,27,17,0,0,1,0,25078.615000000002,19693.547999999999,24530.260999999999
PSID_FULL:01141,PSID_FULL,1141,f1b5a345385ce48c4554b1c3803a80f303e95fb707fcebcbd3f0dfeb3c13fcb7,0,27,17,0,0,1,0,25078.615000000002,19693.547999999999,24530.260999999999
PSID_FULL:01142,PSID_FULL,1142,10e69a67e2c2b068ee32a43e34554af18cad6b3631d9655a063efff96277476f,0,26,12,0,0,1,0,25078.615000000002,23274.194,26599.078000000001
PSID_FULL:01143,PSID_FULL,1143,6d72bf1906aa5ecf195aab8d4212ba28047a7685a86a3351791dc1ffa9f4b690,0,46,12,0,0,1,0,25078.615000000002,24169.355,26780.839
PSID_FULL:01144,PSID_FULL,1144,46991e40b7f462297378deb4a6ffdb85a41e3a79a6d36c7d4445e30bcb78799f,0,25,16,0,0,0,0,25078.615000000002,25601.613000000001,30145.621999999999
PSID_FULL:01145,PSID_FULL,1145,e18d615e177f25985caa4811b53e36f499f1fb8aba51e267c0828797f9029786,0,35,12,0,0,1,0,25078.615000000002,26854.839,29554.530999999999
PSID_FULL:01146,PSID_FULL,1146,04580dcabbf39d90a43d7941bd99cfcb451994ddb724c9e7e9710594a885fedd,0,33,16,0,0,1,0,25078.615000000002,26854.839,24448.986000000001
PSID_FULL:01147,PSID_FULL,1147,10f93a9142bd459a44ef7cc51381c21276aa53757585549ae652fcda7025602e,0,26,16,0,0,1,0,25078.615000000002,30793.547999999999,36943.163999999997
PSID_FULL:01148,PSID_FULL,1148,b9900dcacb4db4fd4e0637743b51dc605222826dd06522c926b688f420571091,0,26,12,1,0,1,0,25088.411,23274.194,29554.530999999999
PSID_FULL:01149,PSID_FULL,1149,fad1367ef387aca4a1cd5b6bca14a680cb08c9a5eca0551a5a303b973678c072,0,20,12,0,0,1,0,25294.133999999998,18798.386999999999,25121.351999999999
PSID_FULL:01150,PSID_FULL,1150,8ffa30403c56df78cd9981fa7d5e12b681e6f9374a111808345991eccf1ace61,0,49,12,0,0,1,0,25470.468000000001,17953.355,20244.853999999999
PSID_FULL:01151,PSID_FULL,1151,f368c0b41b4c5625aedc4098a2a48bae17d3d18b654657c3c0ee68ff843a7abc,0,25,13,0,0,1,0,25470.468000000001,18798.386999999999,23643.625
PSID_FULL:01152,PSID_FULL,1152,a2069856c17a3799ed527042115c9e7173cb0e603528184cd2ba05feb8a1b2bb,0,28,12,1,0,0,0,25470.468000000001,19693.547999999999,26599.078000000001
PSID_FULL:01153,PSID_FULL,1153,a8e66b6e2059ce775c070e187202167283e78690703ebd52abc8a4027c0f925b,0,28,13,0,0,1,0,25470.468000000001,19693.547999999999,26599.078000000001
PSID_FULL:01154,PSID_FULL,1154,fc957bc71916083cc295a32478b260200222370d3c784a7848093a4d8fda1f2e,0,35,12,1,0,1,0,25470.468000000001,21483.870999999999,26599.078000000001
PSID_FULL:01155,PSID_FULL,1155,85d32a40f3cfc6b500025f723abdd920d6a19b0fec277236ee4eff7f816e4c82,0,27,12,0,0,0,0,25470.468000000001,21483.870999999999,25121.351999999999
PSID_FULL:01156,PSID_FULL,1156,817c899a5407b0b77255b5188f19d8f3e69943e18b423077b455342aef0bdd9b,0,44,12,0,0,1,0,25470.468000000001,21483.870999999999,25634.123
PSID_FULL:01157,PSID_FULL,1157,699652f0f5a245f03510859cb5f705f3e414f96c0d1d5ef82fe795b1d1cfa236,0,23,12,0,1,1,0,25470.468000000001,21483.870999999999,32509.985000000001
PSID_FULL:01158,PSID_FULL,1158,c7c85e6a5c1ab772ed4d84d6e595343f429b9397615a2f52416d790a61e2927a,0,32,12,1,0,1,0,25470.468000000001,22379.031999999999,31771.120999999999
PSID_FULL:01159,PSID_FULL,1159,5e63931fd21ed9a557f1a5ac99dacec4f9cd3fefed8d9145c98af06d8afd8d6e,0,24,12,0,0,1,0,25470.468000000001,22737.097000000002,25121.351999999999
PSID_FULL:01160,PSID_FULL,1160,ee8237791893338bdd2fa987106fd527a644ad2dab41bf473ec4eb0efaec1f9a,0,27,12,0,0,1,0,25470.468000000001,23095.161,31032.258000000002
PSID_FULL:01161,PSID_FULL,1161,919236906a52ebd9dcb81c0fbdb6cc05588d9209bc5516c9e5610269c76bef7b,0,46,12,0,0,1,0,25470.468000000001,23274.194,29554.530999999999
PSID_FULL:01162,PSID_FULL,1162,0e99854b3c1174647ac6fca4d965d824c2fdf690e17131716416cc11bb8b24b4,0,31,12,0,0,1,0,25470.468000000001,23274.194,22165.899000000001
PSID_FULL:01163,PSID_FULL,1163,15ee9853ea1bf55aa35a2a3a30f129a4886c96691cbf219f7c2791ed3ef2d83a,0,27,15,1,0,0,0,25470.468000000001,24169.355,29554.530999999999
PSID_FULL:01164,PSID_FULL,1164,405972b7d5ec658297788633b6b948411e5b7bff98bed8f0efc445f32c4984de,0,51,16,0,0,0,0,25470.468000000001,24169.355,12708.449000000001
PSID_FULL:01165,PSID_FULL,1165,136ca1b59d57d7615b4ce4149f6038a9c7fbc7ef249bb4106151a1f4a852ff25,0,43,12,1,0,1,0,25470.468000000001,25064.516,25121.351999999999
PSID_FULL:01166,PSID_FULL,1166,bcc3cd261c06bf6c5e3bc6c46dbb0f5336d80eec015e343a725343161c04074b,0,32,16,1,0,1,0,25470.468000000001,25422.580999999998,30145.621999999999
PSID_FULL:01167,PSID_FULL,1167,f9665e0276796608f6119c3e3d49708fa4221e5cbf35d870ca7795871246b6f5,0,37,12,0,0,0,0,25470.468000000001,25780.645,22461.444
PSID_FULL:01168,PSID_FULL,1168,f9665e0276796608f6119c3e3d49708fa4221e5cbf35d870ca7795871246b6f5,0,37,12,0,0,0,0,25470.468000000001,25780.645,22461.444
PSID_FULL:01169,PSID_FULL,1169,643b7dc2049956d31a008accbfe4357eb85e9eb0a3f81d9e94dc5ec6581c4640,0,30,12,0,0,1,0,25470.468000000001,25959.677,28076.805
PSID_FULL:01170,PSID_FULL,1170,d4bae9b36886f445eb3e0071d84bbf30a30484f57dc337de54cce33562f363e7,0,45,12,1,0,1,0,25470.468000000001,26695.5,27898
PSID_FULL:01171,PSID_FULL,1171,d4bae9b36886f445eb3e0071d84bbf30a30484f57dc337de54cce33562f363e7,0,45,12,1,0,1,0,25470.468000000001,26695.5,27898
PSID_FULL:01172,PSID_FULL,1172,f8bd040ec90c50ee0e2080a1fc0559bb22838643e1255baafedf038539589e6d,0,49,17,0,0,1,0,25470.468000000001,26854.839,29554.530999999999
PSID_FULL:01173,PSID_FULL,1173,f8bd040ec90c50ee0e2080a1fc0559bb22838643e1255baafedf038539589e6d,0,49,17,0,0,1,0,25470.468000000001,26854.839,29554.530999999999
PSID_FULL:01174,PSID_FULL,1174,743e87ef6734228654d84a36b06c3058eeac9708392ade8f038c7f0c66477071,0,26,17,0,0,1,0,25470.468000000001,26854.839,44331.796999999999
PSID_FULL:01175,PSID_FULL,1175,2b4302e7f9129183c9dc3948931abd6ff9f9527eaf315086b12bd7c87cbadd75,0,37,13,0,0,1,0,25470.468000000001,30435.484,32509.985000000001
PSID_FULL:01176,PSID_FULL,1176,631976200aa60af55ae22c123a145da4efd6bf597dbd306cf9f7b1856259d193,0,44,17,0,0,1,0,25470.468000000001,30435.484,21427.035
PSID_FULL:01177,PSID_FULL,1177,b6eb0842bd381e90f20d3eaba442869506d84a5ae9d866d8abe14ca71a2cf2ee,0,30,17,0,0,1,0,25470.468000000001,31330.645,38420.891000000003
PSID_FULL:01178,PSID_FULL,1178,fc67fd441dd7a4feb05d4abc345e3704881ffef431c25e7c16e0cc7f92df2c66,0,51,12,0,0,1,0,25470.468000000001,32225.806,29554.530999999999
PSID_FULL:01179,PSID_FULL,1179,be549665043b7c46d0f9b63dec8736becd07bb5eb04f2ebf6b181e0bdb35e3b3,0,28,17,0,0,1,0,25607.616999999998,18091.209999999999,22165.899000000001
PSID_FULL:01180,PSID_FULL,1180,505f4a71016d6d261a164329383465ac9520f175141a47cdf6832dd88f1dc8e3,0,29,16,0,0,1,0,25666.395,28287.097000000002,35465.438000000002
PSID_FULL:01181,PSID_FULL,1181,d75e5e29696fe85042227dcc596b467ecc9f4db2811fe2f8c977b586ae0adb41,0,40,12,0,0,1,0,25707.540000000001,20409.677,23052.535
PSID_FULL:01182,PSID_FULL,1182,bfc52417d3be6f7e63769695a42b5a3307a5a499352f1e2d9a801109e354ad15,0,34,16,0,0,1,0,25862.322,0,0
PSID_FULL:01183,PSID_FULL,1183,123731da2e508950efebaf78f0fd4bbbf504908048d42c798f18f4e2cdd8931a,0,51,12,0,0,1,0,25862.322,20588.709999999999,24825.806
PSID_FULL:01184,PSID_FULL,1184,11a91e6e4272cef30674ea475733f15e0bec6ae12b34a0b9e82b21df0fa7a0eb,0,26,16,0,0,1,0,25862.322,22379.031999999999,35465.438000000002
PSID_FULL:01185,PSID_FULL,1185,380069ded0dc9464b41fa8a95c7a12f5267b88cf55eb78ee77b99bbf27cc9c88,0,46,12,0,0,1,0,25862.322,23274.194,35465.438000000002
PSID_FULL:01186,PSID_FULL,1186,ce76e5de634db54ee2f0699859af215dcc0a9bc6aea7d66674647f28c7a3160e,0,45,14,0,0,1,0,25862.322,28645.161,26599.078000000001
PSID_FULL:01187,PSID_FULL,1187,8ad267886bac5ac24aa2733c38fc23688911e3b6c8dc3f7f786439a3c2d41e83,0,49,12,0,0,1,0,25862.322,28645.161,26599.078000000001
PSID_FULL:01188,PSID_FULL,1188,2c5506a8235faa82b8dc74bd969b5b6676eaa3e9d88f18b91403ad24ebf7479a,0,26,16,0,0,0,0,25862.322,31790.758000000002,15646.169
PSID_FULL:01189,PSID_FULL,1189,15bd4b06d619c7e33f23b58d9ecf74f001e2f844beb9375267d3be2e5ee99606,0,30,16,0,0,1,0,26058.248,28645.161,29258.986000000001
PSID_FULL:01190,PSID_FULL,1190,02e8212cd918463383eeeaebc8ffba80ddb628dd90b52a977ea62dea44958125,0,50,12,0,0,1,0,26254.174999999999,0,0
PSID_FULL:01191,PSID_FULL,1191,a6651de5882db386ec35ef5c92785179a7c7990be0dc37bed68087a731c72073,0,25,12,0,0,0,0,26254.174999999999,21483.870999999999,26599.078000000001
PSID_FULL:01192,PSID_FULL,1192,c3d9c87bbe2bdfb5de48f4332016bf50f4912f6384c78e744cb2e30139d1a454,0,27,17,0,0,0,0,26254.174999999999,29540.323,31032.258000000002
PSID_FULL:01193,PSID_FULL,1193,46800328e4f2177fa93031c1bf0d7f5036e2f3fef69b07cd05869e90af548d19,0,46,16,0,0,1,0,26293.360000000001,65160.580999999998,17732.719000000001
PSID_FULL:01194,PSID_FULL,1194,46800328e4f2177fa93031c1bf0d7f5036e2f3fef69b07cd05869e90af548d19,0,46,16,0,0,1,0,26293.360000000001,65160.580999999998,17732.719000000001
PSID_FULL:01195,PSID_FULL,1195,46b7c8bb0e6deb4a7126ab86318501922a70331dd4aa268daf4e2dc485979827,0,43,12,1,0,1,0,26450.101999999999,14322.581,29554.530999999999
PSID_FULL:01196,PSID_FULL,1196,d26ce48b1524eced3420a861313a7e876d0e332c096f211a8923c9be5dfce6c3,0,27,12,1,0,1,0,26450.101999999999,18798.386999999999,31032.258000000002
PSID_FULL:01197,PSID_FULL,1197,918c2c9b9a59b0dd8873a2744909a4a6a66ab9dc8e69c1a4dd8e54a65e724a0c,0,22,12,0,0,0,0,26450.101999999999,23274.194,19210.445
PSID_FULL:01198,PSID_FULL,1198,fa086ed410868ea7dcb005551736621045397c14dc8e2210960f163a22b0c81e,0,55,12,0,0,1,0,26450.101999999999,23990.323,29554.530999999999
PSID_FULL:01199,PSID_FULL,1199,1c452c5fa48fdebde3727da6b38566339d0c20425a784cd017e38bdf42ebfb9b,0,53,12,0,0,1,0,26450.101999999999,25064.516,26007.988000000001
PSID_FULL:01200,PSID_FULL,1200,fe7a35c8f33288eda3639fa749cf9d090dde4edb4c815918f66494b59fd74560,0,44,12,0,0,1,0,26450.101999999999,25959.677,26746.850999999999
PSID_FULL:01201,PSID_FULL,1201,792159c62f3b858b84c6187d9c04a9fdf1eecd513340ba4d31af32dc6409edf9,0,47,13,0,0,1,0,26450.101999999999,25959.677,26625.677
PSID_FULL:01202,PSID_FULL,1202,65f8c82435f41860257fb426ce3ddde712d9e31ec391d117ee27c1f2d00cca95,0,46,14,0,0,1,0,26450.101999999999,26496.774000000001,29554.530999999999
PSID_FULL:01203,PSID_FULL,1203,382ab499992d3ee53502da8ba5d2dca7a4ccbf56a070657c497f267ee5a74834,0,25,12,0,0,1,0,26450.101999999999,26836.935000000001,35465.438000000002
PSID_FULL:01204,PSID_FULL,1204,f3f09a2829acffe15318d8a7ade74d76ddd5b38b6442888883937ff62a0786b7,0,31,15,1,0,0,0,26450.101999999999,26854.839,25860.215
PSID_FULL:01205,PSID_FULL,1205,f17d7ccd51ff58cda2f9d94a78099d740bc53ae4828b133e8031d51e0cb706d5,0,28,16,0,0,1,0,26450.101999999999,26854.839,29554.530999999999
PSID_FULL:01206,PSID_FULL,1206,8f1f2a57a0e05da87986cf9b3496e1c993e03153f2f26f2d80a48b95cc3f13f3,0,40,16,0,0,1,0,26450.101999999999,26854.839,32421.321
PSID_FULL:01207,PSID_FULL,1207,8f1f2a57a0e05da87986cf9b3496e1c993e03153f2f26f2d80a48b95cc3f13f3,0,40,16,0,0,1,0,26450.101999999999,26854.839,32421.321
PSID_FULL:01208,PSID_FULL,1208,f133cfd47e78e41c17f7aff7b6d3429340bb5e0f4984d3a2e3fbc1467ee224f4,0,28,12,0,0,1,0,26450.101999999999,26858.419000000002,29480.645
PSID_FULL:01209,PSID_FULL,1209,e82c1dbbd18b727bb291d89b90bc2f576bd4176e901212985f27e81bd3bd7a3f,0,29,15,0,0,1,0,26450.101999999999,27250.5,28815.668000000001
PSID_FULL:01210,PSID_FULL,1210,f5aba6a05b1bec69ab0e9531594a711945d5bad58af2f288d987d9796c3491b6,0,42,16,0,0,1,0,26450.101999999999,27499.355,29554.530999999999
PSID_FULL:01211,PSID_FULL,1211,3d9d3e88d844b4bd25c661ede68d84e5d48838b387249ed680e8d566e0b1e211,0,30,15,0,0,1,0,26450.101999999999,27570.968000000001,29554.530999999999
PSID_FULL:01212,PSID_FULL,1212,8255e9fbeab4ca6d6251eec20e6ada8d9fb670cc791a889cf9ca2ec0f9861bbc,0,39,12,0,0,1,0,26450.101999999999,27750,6354.2242999999999
PSID_FULL:01213,PSID_FULL,1213,a212ba00a2b4813ee8367d81f6bcb3f2f63d494d531d0be7a620ea605d9d22cd,0,30,16,0,0,1,0,26450.101999999999,28197.580999999998,29554.530999999999
PSID_FULL:01214,PSID_FULL,1214,e9373e6eb2ab97536a88e97664a1d6a8e19514609beff106dd8acd1561084834,0,50,12,0,0,1,0,26450.101999999999,30077.419000000002,26599.078000000001
PSID_FULL:01215,PSID_FULL,1215,e3eb9d9b791c902a46923c7fc3d4b6e7766796f7ecfb8fd0cb36d7033868a50a,0,29,17,0,0,0,0,26614.68,28503.725999999999,29315.139999999999
PSID_FULL:01216,PSID_FULL,1216,6e2d8061e77aa11fd4c55e0e29cbf5bd2547a8979dc92764a3eb99a9ddba937d,0,29,15,0,0,1,0,26646.028999999999,19693.547999999999,32509.985000000001
PSID_FULL:01217,PSID_FULL,1217,5ff2e7795eb70be3cf58b6619610c88d485b06ec67298d26359b29972a9920ca,0,27,12,0,0,1,0,26646.028999999999,29540.323,35465.438000000002
PSID_FULL:01218,PSID_FULL,1218,bec634fbeb07f54cad231e0aba4b918a53fbb971855e805f7a141aadfdd5a0a5,0,31,12,0,1,1,0,26841.955000000002,6982.2581,17732.719000000001
PSID_FULL:01219,PSID_FULL,1219,bec634fbeb07f54cad231e0aba4b918a53fbb971855e805f7a141aadfdd5a0a5,0,31,12,0,1,1,0,26841.955000000002,6982.2581,17732.719000000001
PSID_FULL:01220,PSID_FULL,1220,ba8018acb29f51cce51f46178caaed8a1e329856b510fbd111ed67722c556724,0,29,12,0,0,1,0,26841.955000000002,20588.709999999999,42854.071000000004
PSID_FULL:01221,PSID_FULL,1221,5f1a6b5b9cd129ca3de27337edf5c33c4cd8606af1ff1c0c1d9f6806376bbe12,0,27,16,0,0,1,0,26841.955000000002,22200,19210.445
PSID_FULL:01222,PSID_FULL,1222,1dfe04df4218210a47dbabe629bfe5e08a3bc7e1bfaae42f32830de8336b3fb8,0,26,17,1,0,0,0,26841.955000000002,25243.547999999999,20392.627
PSID_FULL:01223,PSID_FULL,1223,3ada945b8f84a2019fe6cfc83cbf951555f6afcc75a65d1a49965f7c078d41d8,0,42,17,0,0,1,0,26841.955000000002,31330.645,36943.163999999997
PSID_FULL:01224,PSID_FULL,1224,95b9671bda7d6a595e549c821c4f98f7cc83e9bb494c5d75d4400fd86128895d,0,24,12,1,0,1,0,26841.955000000002,31688.709999999999,33839.938999999998
PSID_FULL:01225,PSID_FULL,1225,0f93a4525b76265805a1bc2cf259d7684e16ee53d5a85b6ca51ccd6b450e8074,0,48,12,1,0,1,0,26908.57,22558.064999999999,36943.163999999997
PSID_FULL:01226,PSID_FULL,1226,15629fe959807668b510a59e4367efdc223f7dc41346ba0cebc76d36011a7b36,0,25,13,0,0,1,0,26996.737000000001,28197.580999999998,22165.899000000001
PSID_FULL:01227,PSID_FULL,1227,23fe0dc1c49cb370e3030d9705c5b4a3b1c3a9bbcef834c38212c777a3b82bfb,0,21,12,1,0,1,0,27037.882000000001,16560.484,20688.171999999999
PSID_FULL:01228,PSID_FULL,1228,7c91ad910fc81c97ac15712eae24df0e699cf0367625a5d1c0521d13ad2d001b,0,48,12,0,0,1,0,27037.882000000001,25064.516,23643.625
PSID_FULL:01229,PSID_FULL,1229,838f0151066633cbd63421459fe174d8f45645b1b12e663adc7bece44919a19b,0,50,12,0,0,1,0,27037.882000000001,26854.839,27337.941999999999
PSID_FULL:01230,PSID_FULL,1230,be7b4e10c921c49e1c8c554cb2030e7f14285c6c3d114ff18b71f16efc790ce6,0,28,17,0,0,1,0,27037.882000000001,27750,51720.43
PSID_FULL:01231,PSID_FULL,1231,169f6783c9a0721be0edad1d732856b08b2eac63efff6e25ed297b143c33abd0,0,29,17,0,0,0,0,27037.882000000001,29182.258000000002,26599.078000000001
PSID_FULL:01232,PSID_FULL,1232,5ea8d96e0142855dda66507e58c0ae3de8af4850a458367da605a0fcad15b47a,0,33,17,0,0,1,0,27037.882000000001,31867.741999999998,28815.668000000001
PSID_FULL:01233,PSID_FULL,1233,7e4d65f61e606d8bc068ab353a227cbfaa0f8d9fc8c40578270f2c0ab8c39b86,0,52,12,0,0,1,0,27220.094000000001,24706.452000000001,32509.985000000001
PSID_FULL:01234,PSID_FULL,1234,98d6f7dc98874a11a54b812337366cc2749acbc68c5a96910960f3f0904991cc,0,22,12,0,0,1,0,27233.809000000001,14322.581,32509.985000000001
PSID_FULL:01235,PSID_FULL,1235,301eaad5dd30f1437daf163bceb6f2cdcc7d129d85d037ba9836fc198e1c06af,0,43,12,0,0,1,0,27233.809000000001,25064.516,29554.530999999999
PSID_FULL:01236,PSID_FULL,1236,201468ccf85f0c5c197f3f7cdb2a47268e429e41767892714535c6e8d0e32839,0,34,13,0,0,1,0,27233.809000000001,25064.516,31032.258000000002
PSID_FULL:01237,PSID_FULL,1237,d146cc8aec2b56a99dcf6f2e0acd9b3c3c217abc5e7f5a7da96c6ca0e0a1ec62,0,46,12,0,0,1,0,27233.809000000001,28645.161,28076.805
PSID_FULL:01238,PSID_FULL,1238,f9beb65cb913a0a990df71b9235c43149d1fa2eb3b5dc23698cfc44e21f8e7d4,0,31,17,0,0,1,0,27429.735000000001,0,0
PSID_FULL:01239,PSID_FULL,1239,d866e8535bb3ebc22dbda95489e0462308fcdc4466918cdc35741fa0e63fb356,0,28,13,0,0,1,0,27429.735000000001,20588.709999999999,23578.605
PSID_FULL:01240,PSID_FULL,1240,d7a27888d8acd0772aefd711ee646a272e72e5602eae44d22863bedcb6ae5a0e,0,44,12,1,0,1,0,27429.735000000001,21483.870999999999,22609.217000000001
PSID_FULL:01241,PSID_FULL,1241,6f71ae12357412d418fa2fb421cc5013e264f9352d89ea3c2e30ec69eb5692df,0,25,12,0,0,1,0,27429.735000000001,21483.870999999999,28520.123
PSID_FULL:01242,PSID_FULL,1242,a52edfd7ffd94bdefb8ec55783670e72235df157a8c798fdc6655a00c657a550,0,29,14,0,0,1,0,27429.735000000001,22099.741999999998,29644.672999999999
PSID_FULL:01243,PSID_FULL,1243,5b347d148c2ce52be67848c5a2a0c74c6b80b39761b27f704ea234ec335e04ac,0,24,16,0,0,0,0,27429.735000000001,22200,25712.441999999999
PSID_FULL:01244,PSID_FULL,1244,51ab96ef00334a69966ff92594e7c5962fc30fa91c244d237a583da467368fe6,0,31,12,0,0,1,0,27429.735000000001,22379.031999999999,0
PSID_FULL:01245,PSID_FULL,1245,38b4ac83752eb099cf553cf527fd9c1d2f9c4d415e44fb5b44c6f1fb1b82bfec,0,40,12,1,0,1,0,27429.735000000001,23274.194,38420.891000000003
PSID_FULL:01246,PSID_FULL,1246,933638dfd29088a0f185cdb82d7db4f21d2ddae8f28e90f24e39417e87dee67a,0,30,17,0,0,1,0,27429.735000000001,25064.516,20688.171999999999
PSID_FULL:01247,PSID_FULL,1247,85d41012b44c84a8313ccdc213879862319d0c26b2a9bafb1bc7aaa9d414ae30,0,26,16,1,0,1,0,27429.735000000001,25064.516,32509.985000000001
PSID_FULL:01248,PSID_FULL,1248,0d65f2aa115ef2e452b1c3035e49bf52add081c31b9393cf2eb36cdcd48c82a7,0,32,12,0,0,1,0,27429.735000000001,25064.516,16254.992
PSID_FULL:01249,PSID_FULL,1249,ac059a1a2181527926fffded9259b5663ddbc69c347dc178d5cb278e431e2926,0,26,15,0,0,1,0,27429.735000000001,25064.516,28815.668000000001
PSID_FULL:01250,PSID_FULL,1250,b4334eeaf94a13939177a3064accafc08c5da18f7fd2a67ccb0cc1985c7a225c,0,28,16,0,0,1,0,27429.735000000001,25064.516,31032.258000000002
PSID_FULL:01251,PSID_FULL,1251,3045b4c7bd529c4f5c8a362aea6f44ebd154995aa4d425a1136eb326abc0975a,0,54,13,0,0,1,0,27429.735000000001,25422.580999999998,24382.488000000001
PSID_FULL:01252,PSID_FULL,1252,f3173cfdad906d1344c48b11cce90618b4188b4f1cfb31265439197fbb48fa03,0,30,14,0,0,1,0,27429.735000000001,25780.645,31032.258000000002
PSID_FULL:01253,PSID_FULL,1253,689292a67943cc85dac7e008dba2acf1c8eed115d6b4d9a401ca12ee7be1ba93,0,33,14,0,0,1,0,27429.735000000001,25959.677,24382.488000000001
PSID_FULL:01254,PSID_FULL,1254,a9c3018f60373077aad5368497a988dfcb638f15ce772781ce299de644bbc142,0,33,12,0,0,1,0,27429.735000000001,25959.677,27846.279999999999
PSID_FULL:01255,PSID_FULL,1255,18dbce16168b38ac15443e64b7e104a57c6fda053da8e758ca2f3cbb58bdd2de,0,26,12,0,0,1,0,27429.735000000001,26496.774000000001,32509.985000000001
PSID_FULL:01256,PSID_FULL,1256,af4451fc641d259736a7834c0c2295f29b73c6c6f58e42cd7d18c70831b7980d,0,44,13,0,0,1,0,27429.735000000001,26774.274000000001,35465.438000000002
PSID_FULL:01257,PSID_FULL,1257,c7f76fcd15c795ec6ef9ebd5357624277d6451b1b8a3ff609a58bf8c498fcaee,0,49,12,0,0,1,0,27429.735000000001,26854.839,26599.078000000001
PSID_FULL:01258,PSID_FULL,1258,0e7f8fcae9f65c69814daa23bb795e85fcaea72d2cbdcd3c34fc29d775aebdd8,0,55,17,1,0,1,0,27429.735000000001,26854.839,17806.605
PSID_FULL:01259,PSID_FULL,1259,6fc00fdb3b8ee15bf9b5e93033f00b18fd252622973a6373ca8f35d77b47f1a2,0,28,12,0,0,1,0,27429.735000000001,26854.839,22165.899000000001
PSID_FULL:01260,PSID_FULL,1260,3a68c9f9d50dbc8b096f7d01179eb99608f986d652f8fd838b0c7111642b59da,0,45,12,0,0,1,0,27429.735000000001,26854.839,25121.351999999999
PSID_FULL:01261,PSID_FULL,1261,24e34bdb64dfcc20e3ca4a47786efbd8d956a9918cdca521d8720c23f805908a,0,30,14,1,0,1,0,27429.735000000001,26892.435000000001,20688.171999999999
PSID_FULL:01262,PSID_FULL,1262,24ae3e9f6401142beb418fa762a90a897f17af66647f4cff36287fa64c4ab505,0,40,12,0,0,1,0,27429.735000000001,27008.806,25440.541000000001
PSID_FULL:01263,PSID_FULL,1263,80bd8a29e55c930d9ce3c50c5f24a6ebe2df3bb0b58efe4d4081918a387d8fb0,0,27,17,0,0,1,0,27429.735000000001,27750,26599.078000000001
PSID_FULL:01264,PSID_FULL,1264,fda14ca4c7df9d717c7d552a643fe09e1f5446740e5f5df7c71e181c520e76a7,0,51,16,0,0,1,0,27429.735000000001,28645.161,28076.805
PSID_FULL:01265,PSID_FULL,1265,fda14ca4c7df9d717c7d552a643fe09e1f5446740e5f5df7c71e181c520e76a7,0,51,16,0,0,1,0,27429.735000000001,28645.161,28076.805
PSID_FULL:01266,PSID_FULL,1266,7074bc021f6deab1712d63ef191c9a928707d37f6420a588ffe3b0c24db11861,0,43,12,0,0,1,0,27429.735000000001,28645.161,25121.351999999999
PSID_FULL:01267,PSID_FULL,1267,720b0187e210f785125354ecef9d4b07f67f7c636422c1271859d7abd449dd8b,0,37,12,0,0,1,0,27429.735000000001,28645.161,0
PSID_FULL:01268,PSID_FULL,1268,720b0187e210f785125354ecef9d4b07f67f7c636422c1271859d7abd449dd8b,0,37,12,0,0,1,0,27429.735000000001,28645.161,0
PSID_FULL:01269,PSID_FULL,1269,ef612ce9afbff8729dc7dbe86aeb8151c5802017e1870099f5b9c19a9525767b,0,38,14,0,0,1,0,27429.735000000001,29046.194,27929.031999999999
PSID_FULL:01270,PSID_FULL,1270,ee4b3cc01cff6e1e7023ac9809f877eaf09f1914631197dd62aa6ce2dd5eea02,0,36,16,0,0,0,0,27429.735000000001,30256.452000000001,30736.713
PSID_FULL:01271,PSID_FULL,1271,44245ee89f56bd75f68d1bce3cc17892f1874637c6e05dae7057de84db6678a2,0,27,13,1,0,1,0,27429.735000000001,30435.484,24973.579000000002
PSID_FULL:01272,PSID_FULL,1272,dcd6bf0f73cad7f81fa9b5bc346222d07eedfb009cadb2e96e83e420c5725282,0,21,12,0,0,1,0,27429.735000000001,30435.484,31978.003000000001
PSID_FULL:01273,PSID_FULL,1273,09aacf7c675077f0d5bc49402f6fd3f4acbb293afeee510444c0e739e593e252,0,25,14,0,0,0,0,27429.735000000001,32225.806,31032.258000000002
PSID_FULL:01274,PSID_FULL,1274,7bcbd47c02beeccfbd2171ec91cb3a8587be881031ade2f0467d7c41c46ce6ab,0,33,13,0,0,1,0,27429.735000000001,41177.419000000002,38420.891000000003
PSID_FULL:01275,PSID_FULL,1275,91fa173bb6705078b7c15117b9532e4fd06b5054a1f423705bf8ae7b95a112b8,0,38,14,0,0,1,0,27429.735000000001,68032.258000000002,26599.078000000001
PSID_FULL:01276,PSID_FULL,1276,34f5d1b1036e83a416c006777c182403571885cdf695f612dd6c42004b0b2d45,0,32,16,0,0,1,0,27625.662,29540.323,33987.711000000003
PSID_FULL:01277,PSID_FULL,1277,6c9fa4ad7efa8e9fe6d8622e302db094a818cf3ae46dae7176f97c099539962a,0,27,12,0,0,0,0,27821.589,27212.902999999998,32509.985000000001
PSID_FULL:01278,PSID_FULL,1278,e5fb29a688f8907e1b778c1c56ec3081998742288cdf6b5c79ec4a309f402a1f,0,24,17,0,0,0,0,27821.589,27570.968000000001,32509.985000000001
PSID_FULL:01279,PSID_FULL,1279,c70ad25153291ed4bb84a4ae89c5604aa1728fb8b4fcc6b4d0154ad4b034b0bf,0,43,12,0,0,1,0,27821.589,28645.161,32509.985000000001
PSID_FULL:01280,PSID_FULL,1280,6250c72adc71272b1f5f5e79c0e636a12d48d51a5dbe583bca76b75e84d85c19,0,26,17,0,0,1,0,27843.141,28645.161,49651.612999999998
PSID_FULL:01281,PSID_FULL,1281,dc4814091cad37833c5ed952d0f7b54bd917d1b8376cc5c6ffbe56304b34f13b,0,33,12,0,0,1,0,28017.514999999999,25422.580999999998,22756.989000000001
PSID_FULL:01282,PSID_FULL,1282,7312b9b57be695f1a5e3bb0716db263389f50632b5150341faa99a504d9e1fee,0,34,14,0,0,1,0,28017.514999999999,26854.839,36943.163999999997
PSID_FULL:01283,PSID_FULL,1283,c8ae5165ad359dba68f53467938a2af8aa555dcea69e8d94e369c6b792d9d6d6,0,28,12,0,0,1,0,28017.514999999999,29540.323,32509.985000000001
PSID_FULL:01284,PSID_FULL,1284,8d36c1f83b51d4ff00f3e3e785979989a2c15271f80a09355d21f435d8902c91,0,41,12,0,0,1,0,28017.514999999999,30435.484,32509.985000000001
PSID_FULL:01285,PSID_FULL,1285,960904416fc61f601bb567b4e79caaaffa4f1b8d6cb4a568187f482d24081aac,0,25,12,0,0,1,0,28017.514999999999,31062.097000000002,28076.805
PSID_FULL:01286,PSID_FULL,1286,1bfcace51a09b366418ff40954d52f92208ecb540c0e89074d8387ba789b9ac9,0,28,17,0,0,1,0,28017.514999999999,31151.613000000001,31032.258000000002
PSID_FULL:01287,PSID_FULL,1287,368eb0baf40d785fd30d9f4eb47e61b7068ebb92c46358a2fe64acd2b41ba4fc,0,26,13,1,0,1,0,28105.682000000001,37596.773999999998,58653.923000000003
PSID_FULL:01288,PSID_FULL,1288,b2b16f7c25301a444bafcf67f7cce9dd7663fbe1978d033920f57c99b7e2a06d,0,28,17,0,0,1,0,28213.441999999999,25422.580999999998,26451.306
PSID_FULL:01289,PSID_FULL,1289,1c19cc904ba56e0c7ee2cd38a00942bd4ed03c5e47e634835361ace564d05978,0,53,12,0,0,1,0,28213.441999999999,26854.839,0
PSID_FULL:01290,PSID_FULL,1290,a0a1d50ca0942210a3c74ec40348455a1ced41c62c23aaa42b535bfe3d0e63af,0,55,12,0,0,1,0,28213.441999999999,33206.902999999998,31771.120999999999
PSID_FULL:01291,PSID_FULL,1291,228d41941e4145f6bd00c73979d7f5a9851e3b1d0a6f31c0985b61fd7b306e94,0,29,14,0,0,1,0,28409.368999999999,21125.806,23348.080000000002
PSID_FULL:01292,PSID_FULL,1292,92ea90c31da845c86351b20126a616b6f8440ac9dca679cfe805b791787d71b8,0,39,14,0,0,1,0,28409.368999999999,28645.161,31032.258000000002
PSID_FULL:01293,PSID_FULL,1293,16545866d164bb0d7c8a22641b39ac5f4d1994679c0cdb6efe0d5174855ba939,0,31,16,0,0,1,0,28409.368999999999,28915.5,32509.985000000001
PSID_FULL:01294,PSID_FULL,1294,ef0741bbead0168914d1f6255db9f0e05e23368ec2ea39a90c9fadc0a141c0a4,0,25,16,0,0,1,0,28409.368999999999,29540.323,32509.985000000001
PSID_FULL:01295,PSID_FULL,1295,9ede6de66e9dfbf5ee4004222f185603629d1e6c210916e40766f878c24ec2b3,0,25,14,0,0,1,0,28409.368999999999,30435.484,10935.177
PSID_FULL:01296,PSID_FULL,1296,8679480d88d252361d22ee293b9c42d17fbfce9b562fed185924424bfd2ecd90,0,29,16,0,0,1,0,28409.368999999999,32225.806,42854.071000000004
PSID_FULL:01297,PSID_FULL,1297,64f48dfb28ecdb3b1b52ac1b0605febc40d93e5a4b9ac9c79681465278346fd8,0,29,16,1,0,1,0,28409.368999999999,32225.806,29554.530999999999
PSID_FULL:01298,PSID_FULL,1298,38b1b5d8c8e0f39beedfe5e4769fc8d031cf955ea569b5a149ff65612b9248af,0,27,14,0,0,1,0,28409.368999999999,32225.806,39898.618000000002
PSID_FULL:01299,PSID_FULL,1299,ea8da609d876d76b35b03b3f51c2da0a4b96beac72d124e8a4f97b2ffc0b3367,0,34,16,0,0,1,0,28409.368999999999,32583.870999999999,35465.438000000002
PSID_FULL:01300,PSID_FULL,1300,25765879b3bb0a770eec0f714bcdd817d5e75b9b52e82db06fd386123c9df769,0,45,12,0,0,1,0,28589.620999999999,28263.823,29258.986000000001
PSID_FULL:01301,PSID_FULL,1301,fc84c86e9ad8ef1635f7fe676ae0dbf591f5df1f1517d0a78558cef83c91c2fb,0,28,12,0,0,1,0,28605.294999999998,20588.709999999999,34135.483999999997
PSID_FULL:01302,PSID_FULL,1302,49a1d37d36c543707cd6ccba68f789a14679b719975df423e651dac16e5dcbfb,0,43,16,0,0,1,0,28801.222000000002,27929.031999999999,26953.733
PSID_FULL:01303,PSID_FULL,1303,b371ab3739cd36fd41d14aeecf6ec21e609ee89d68456e286d2fe28595531e9a,0,54,12,0,0,1,0,28889.388999999999,35806.451999999997,31032.258000000002
PSID_FULL:01304,PSID_FULL,1304,6083bb9cc1abde207ceb09aef763ab29697cbdafdfa6bfb468eb28484492a6ea,0,29,16,0,0,1,0,28899.185000000001,29540.323,0
PSID_FULL:01305,PSID_FULL,1305,7fc2b637d9f7c7b4e6d3b49794f63c8c7f49fdfc7dacdd0fc843f8d54bac5057,0,55,12,0,0,1,0,29100.990000000002,26409.047999999999,29369.815999999999
PSID_FULL:01306,PSID_FULL,1306,7fc2b637d9f7c7b4e6d3b49794f63c8c7f49fdfc7dacdd0fc843f8d54bac5057,0,55,12,0,0,1,0,29100.990000000002,26409.047999999999,29369.815999999999
PSID_FULL:01307,PSID_FULL,1307,1ea408f00e262e1dc8a7ac167502846d4d8ac3f0bcfea7502d2ebfd190983eff,0,29,12,1,0,0,0,29193.075000000001,15396.773999999999,31032.258000000002
PSID_FULL:01308,PSID_FULL,1308,a6267e4337a482f8fbd03ec58280ae009e8f8c48eb55a74faa90ae9455534c82,0,50,12,1,0,1,0,29193.075000000001,17903.225999999999,25121.351999999999
PSID_FULL:01309,PSID_FULL,1309,b26ef5436e6ad0ba704bdc4232a6d80a1b9cd16fb127ef60e906e1ccf3742c22,0,24,12,0,0,1,0,29193.075000000001,21304.839,19242.955000000002
PSID_FULL:01310,PSID_FULL,1310,a0b8b06324c015c47ff2b60a20b218883d03e321089808894898fd9a8e36de56,0,26,12,0,0,1,0,29330.223999999998,28287.097000000002,38420.891000000003
PSID_FULL:01311,PSID_FULL,1311,1972b3834f0ef3b7c377b3fff79f712e4d11b6ac5efb5441662708d91738c100,0,41,13,0,0,0,0,29389.002,0,30293.395
PSID_FULL:01312,PSID_FULL,1312,7779563fe64f3953270dae4b3868a00a8561f32d92991691edd0774bffc20de8,0,47,17,0,0,1,0,29389.002,20230.645,42410.752999999997
PSID_FULL:01313,PSID_FULL,1313,a823fc4c2a2a33301bd2f760ffef43bebbf2729f2fa68cfd19389de6f1eee41a,0,28,17,0,0,1,0,29389.002,21483.870999999999,19210.445
PSID_FULL:01314,PSID_FULL,1314,a582e8cb392cd2561f1d66b86f303b92ee1deeee4b19f2710381ece89f7fdb85,0,42,12,0,0,1,0,29389.002,22379.031999999999,28490.567999999999
PSID_FULL:01315,PSID_FULL,1315,60781d8a23161601e9500b34ee5e4813e680013694a4ac7ec561aafd7f8e4406,0,37,12,1,0,1,0,29389.002,22379.031999999999,19210.445
PSID_FULL:01316,PSID_FULL,1316,60781d8a23161601e9500b34ee5e4813e680013694a4ac7ec561aafd7f8e4406,0,37,12,1,0,1,0,29389.002,22379.031999999999,19210.445
PSID_FULL:01317,PSID_FULL,1317,d37eec97d5ea3532b9a8e1a0781e847fe4490a89c378c1d575a7949cf1365468,0,48,16,0,0,1,0,29389.002,23274.194,0
PSID_FULL:01318,PSID_FULL,1318,6ca4fb0d132786eab11d16ea38dd680c7ff40c2fcd60e30f82173d06557246e0,0,21,12,0,0,1,0,29389.002,24169.355,28815.668000000001
PSID_FULL:01319,PSID_FULL,1319,e4d03c259375416f15703f972dc2449fde58327654e293c732b06a5ff3913dc9,0,46,12,0,0,1,0,29389.002,24214.113000000001,33987.711000000003
PSID_FULL:01320,PSID_FULL,1320,04a5edbf73da248582ba5da7754cd37c78cdc98c2c63799528343f95b94eee94,0,29,12,0,0,1,0,29389.002,25959.677,35465.438000000002
PSID_FULL:01321,PSID_FULL,1321,b8967a376db8940df6cdf784ee522e2f3c49c5804c33c26d56637b4c03180c8b,0,38,12,0,0,1,0,29389.002,26496.774000000001,30191.432000000001
PSID_FULL:01322,PSID_FULL,1322,78fac0b45e673785ed021ff366379e43f896daf47c49d378f810c9e2f2a1bb6c,0,28,12,0,0,1,0,29389.002,26854.839,35465.438000000002
PSID_FULL:01323,PSID_FULL,1323,e7e7b02f97a811bf53238b60af080fb7a7869d42714a8f14dbf03764a6ba9e8e,0,38,12,0,0,1,0,29389.002,26854.839,31032.258000000002
PSID_FULL:01324,PSID_FULL,1324,93ca8c14c0b65d567c843ff9d50b7575e450b85f3e0a0be3bc97475dffacb80f,0,53,12,0,0,1,0,29389.002,26854.839,26599.078000000001
PSID_FULL:01325,PSID_FULL,1325,18c221c425b23b6fc37926d5bf466869ef303d5f96224595016a1cbcda3f7cc7,0,46,12,0,0,1,0,29389.002,27033.870999999999,27781.259999999998
PSID_FULL:01326,PSID_FULL,1326,18c221c425b23b6fc37926d5bf466869ef303d5f96224595016a1cbcda3f7cc7,0,46,12,0,0,1,0,29389.002,27033.870999999999,27781.259999999998
PSID_FULL:01327,PSID_FULL,1327,a41d986ecf3777314eaa906fce94c683320e66805cafe6706d29f3b7b5b5bd56,0,33,16,0,0,1,0,29389.002,27750,96052.226999999999
PSID_FULL:01328,PSID_FULL,1328,ca59e93a94aafa3ad22ce748983caa3a80c815fe7d954644cbfb5bc40f48bca5,0,34,12,0,0,1,0,29389.002,27912.919000000002,11821.813
PSID_FULL:01329,PSID_FULL,1329,2fc3de819e6d7e474712b4ded473ccbe9bd90f444a7c0191173c2acfadedf8fc,0,35,17,0,0,1,0,29389.002,28645.161,28076.805
PSID_FULL:01330,PSID_FULL,1330,d2c1f1764aab005b8b8e6aaa913163c088cb78fe83904de97840866150080169,0,53,12,0,0,1,0,29389.002,28645.161,29554.530999999999
PSID_FULL:01331,PSID_FULL,1331,334eb5e786d958038ef45c75cc916429c29d4780e15ba1c7703bfd4fceba41cb,0,26,12,0,0,1,0,29389.002,28645.161,33987.711000000003
PSID_FULL:01332,PSID_FULL,1332,63a1ad4daa5418050ea43d50160b8cf3b27a8358c991bbefc8c175ad95de958f,0,26,16,0,0,1,0,29389.002,28645.161,35022.120000000003
PSID_FULL:01333,PSID_FULL,1333,f937024e072b9a5d9d7d1f83141cdf854095ede671168e83e39e69fbd8866a1d,0,50,13,0,0,1,0,29389.002,29540.323,28076.805
PSID_FULL:01334,PSID_FULL,1334,2ff3da5c78c31692b61b4b38fd78bc3198acc30ff9b3292a1a3a4358b9b41d32,0,46,12,1,0,1,0,29389.002,30435.484,22165.899000000001
PSID_FULL:01335,PSID_FULL,1335,71fd7bbc75ceb21079398339808afe2cae3a5fbadbdfdbb2a26c3989032960df,0,43,14,0,0,0,0,29389.002,30435.484,29554.530999999999
PSID_FULL:01336,PSID_FULL,1336,235bb60401dc1863f5e5699fffae4dc1b02d7cc3e2e1741faeffaa85fc8ad3d6,0,26,14,0,0,0,0,29389.002,30435.484,29554.530999999999
PSID_FULL:01337,PSID_FULL,1337,66d3da5e83b946d1c78cf6830102a57de0c3a31261f9736ac27ef5f16c9dd3ec,0,33,17,0,0,1,0,29389.002,30435.484,31032.258000000002
PSID_FULL:01338,PSID_FULL,1338,f52452007d3173344ddda614e257b7e11901bcb104951f16db95e15096739cfa,0,33,17,0,0,1,0,29389.002,30435.484,19210.445
PSID_FULL:01339,PSID_FULL,1339,960f31be90c45f55739965f4b04255315d4f7256b05f4295fd63115f3f3418d1,0,42,12,0,0,1,0,29389.002,30437.274000000001,26007.988000000001
PSID_FULL:01340,PSID_FULL,1340,5943d0e2632554b467b3b9c20f18cef65796c56ebf007b04f0e701e3e4b80f09,0,34,12,0,0,1,0,29389.002,30793.547999999999,31180.030999999999
PSID_FULL:01341,PSID_FULL,1341,5943d0e2632554b467b3b9c20f18cef65796c56ebf007b04f0e701e3e4b80f09,0,34,12,0,0,1,0,29389.002,30793.547999999999,31180.030999999999
PSID_FULL:01342,PSID_FULL,1342,2dbbbf5bdcf9aa1a8be456db4625f2bd9668b0bfc184c50405af56a6c150379f,0,34,17,0,0,1,0,29389.002,31330.645,25712.441999999999
PSID_FULL:01343,PSID_FULL,1343,b9cead02efa8f044490ff6b0ebfdd578add13a30b0d556c8a3696354b2f272b6,0,37,17,0,0,1,0,29389.002,31330.645,33987.711000000003
PSID_FULL:01344,PSID_FULL,1344,fd27a6a78adb4c107ba9e0b49b75d952d910272da903bab25b79535db64309c8,0,34,17,0,0,1,0,29389.002,32225.806,32672.535
PSID_FULL:01345,PSID_FULL,1345,909febd202534d5e233ad6b432cfdf660c3a7b8ae024e03e1599ecb76f60882d,0,37,12,1,0,1,0,29389.002,32225.806,44331.796999999999
PSID_FULL:01346,PSID_FULL,1346,0b97ed7720d42f474a0e7cbd7373ed8cb95c46ea03ec310fcdd2b2bc79b5b88e,0,26,17,0,0,1,0,29389.002,32225.806,35465.438000000002
PSID_FULL:01347,PSID_FULL,1347,47dedecc77ab566c0042bc2fa3c0506f72c9d4c36342b0ce24e226ed69b4ee2b,0,36,17,0,0,1,0,29389.002,34911.290000000001,32509.985000000001
PSID_FULL:01348,PSID_FULL,1348,d720b50a653a3f3cb5c01e65f72e72139462d5de2d39cf6b370edbe3a2776fe9,0,28,14,0,0,0,0,29389.002,35448.387000000002,33987.711000000003
PSID_FULL:01349,PSID_FULL,1349,e91fd8d861bc798ebe710b621e6f035a8a5e97195177dc433eb02c0039276d94,0,31,12,0,0,1,0,29389.002,35806.451999999997,39159.754000000001
PSID_FULL:01350,PSID_FULL,1350,8632cc97bc7b9dec5d744e8f15912aa8a215aee94acc39c97ed968b5737dc681,0,25,14,0,0,1,0,29389.002,35806.451999999997,33839.938999999998
PSID_FULL:01351,PSID_FULL,1351,6b89a7f5ac5e8efc6cd9ddce5fc40eadc89bab8c0107e3b348ec4f38db172519,0,31,14,0,0,1,0,29389.002,35806.451999999997,56153.610000000001
PSID_FULL:01352,PSID_FULL,1352,1f89895734f4245a5fef49d8b08bbfc0f8049abc71b4c49c1481b07f12b89050,0,28,12,0,0,1,0,29389.002,41177.419000000002,47287.25
PSID_FULL:01353,PSID_FULL,1353,770a75400ad991894d5e186d594f8731dd8180d0dfe90b8259b2d62574612c2a,0,34,12,0,0,1,0,29389.002,42967.741999999998,31032.258000000002
PSID_FULL:01354,PSID_FULL,1354,6090a68609aa9362daca50be0b71c3af861d1c3d3d9bb042c0afe99fb7a53d5f,0,47,14,1,0,1,0,29390.960999999999,27750,36647.618999999999
PSID_FULL:01355,PSID_FULL,1355,115722fb586bd43e304dcb5b7a38b3e4a503971dbeee05ef5e0bb12ffa235497,0,35,12,0,0,1,0,29422.310000000001,28645.161,29554.530999999999
PSID_FULL:01356,PSID_FULL,1356,4e2e0213400028e32f246c26d3131e5302627597e5965760e20f3c08aa2e3cbb,0,35,15,1,0,1,0,29477.169000000002,34098.483999999997,19062.672999999999
PSID_FULL:01357,PSID_FULL,1357,4e2e0213400028e32f246c26d3131e5302627597e5965760e20f3c08aa2e3cbb,0,35,15,1,0,1,0,29477.169000000002,34098.483999999997,19062.672999999999
PSID_FULL:01358,PSID_FULL,1358,b8c5f2989b62004cf113a31447c5839e0baabea2680422bda302a2bffbe3e479,0,31,12,0,0,1,0,29584.929,26854.839,29554.530999999999
PSID_FULL:01359,PSID_FULL,1359,db8b6fc9d5da1379bf9c32757b32c1199b078e9efdd030ee5f5279209596ba4c,0,24,12,0,0,1,0,29780.855,30883.064999999999,32509.985000000001
PSID_FULL:01360,PSID_FULL,1360,d2ef5001bc773f9467ae972a4a64e87143fcbc0d35b46e3b59a12dd6926414ee,0,28,12,0,0,1,0,29976.781999999999,0,0
PSID_FULL:01361,PSID_FULL,1361,abd67d886f8147d6af71710bffb8527e53ef6c75c78ed803bb6c6e760b4f5703,0,27,16,0,0,1,0,29976.781999999999,30793.547999999999,51720.43
PSID_FULL:01362,PSID_FULL,1362,f9692cf2b0b3fcb9a60a1965572bc3133915c4ba985039f1dd3e7b0925a663e7,0,47,12,0,0,1,0,30074.744999999999,33312.531999999999,15072.811
PSID_FULL:01363,PSID_FULL,1363,f9692cf2b0b3fcb9a60a1965572bc3133915c4ba985039f1dd3e7b0925a663e7,0,47,12,0,0,1,0,30074.744999999999,33312.531999999999,15072.811
PSID_FULL:01364,PSID_FULL,1364,03ed5bd6bdaf08328eba2e20200d78d4dc654d85f24ad8dbd987e4ec097e2eed,0,37,14,0,1,1,0,30108.053,26854.839,26554.746999999999
PSID_FULL:01365,PSID_FULL,1365,03675acd65061b73332bf9dea25dbc186e1e9dc431bdf064707a89f3bc324411,0,22,14,0,0,1,0,30368.634999999998,20588.709999999999,27485.714
PSID_FULL:01366,PSID_FULL,1366,ca95573022eb2633691176afc9d68df4186127c7b290446840d762f92be3d18b,0,47,12,0,0,1,0,30368.634999999998,23274.194,25860.215
PSID_FULL:01367,PSID_FULL,1367,d88092f7b702889eb3a7935ee802aacbe761b988636631340a68f97ec27899a6,0,32,14,0,0,1,0,30368.634999999998,24169.355,22165.899000000001
PSID_FULL:01368,PSID_FULL,1368,6273a02c8821a88028104a9db0093f5d36d739d8fc3b96e5222beae6e96a0933,0,29,15,0,0,0,0,30368.634999999998,28645.161,44331.796999999999
PSID_FULL:01369,PSID_FULL,1369,99631810deb741a4e0f1bba5934b696fc6c69876c7de0d63b3ca5ee0bf087a1e,0,27,16,0,0,0,0,30368.634999999998,31330.645,36943.163999999997
PSID_FULL:01370,PSID_FULL,1370,83c0c63f8b1c206ae8d57ba0b1caf8e15119ae5d562005360ebc11ab762e0936,0,37,14,0,0,1,0,30368.634999999998,44758.065000000002,81274.962
PSID_FULL:01371,PSID_FULL,1371,83c0c63f8b1c206ae8d57ba0b1caf8e15119ae5d562005360ebc11ab762e0936,0,37,14,0,0,1,0,30368.634999999998,44758.065000000002,81274.962
PSID_FULL:01372,PSID_FULL,1372,e5c05192f881d6aa836ac0a22095b03bc41dfe75d88f6c50927b75e43dc6bb5d,0,43,12,0,0,1,0,30564.562000000002,23811.290000000001,31032.258000000002
PSID_FULL:01373,PSID_FULL,1373,e5c05192f881d6aa836ac0a22095b03bc41dfe75d88f6c50927b75e43dc6bb5d,0,43,12,0,0,1,0,30564.562000000002,23811.290000000001,31032.258000000002
PSID_FULL:01374,PSID_FULL,1374,9886df3be1079e5e52e34c62933d7db97e8abb2e6a2f6c6892fb26c924bf5994,0,34,12,0,0,1,0,30564.562000000002,24885.484,24678.034
PSID_FULL:01375,PSID_FULL,1375,f309db0798ab2e18ea4c9ba312937b2d21d5043b59e7b48293eed85ea4ce14af,0,30,12,0,0,1,0,30564.562000000002,26854.839,14777.266
PSID_FULL:01376,PSID_FULL,1376,fc7c0bdbae63fa63505bc5638d165d2f2a55d8c33ace1b26359155aa0c268dc3,0,39,16,0,0,0,0,30564.562000000002,28645.161,33987.711000000003
PSID_FULL:01377,PSID_FULL,1377,4590c4ea1c08c54c04ea10b61dadeae8dab6e4d6d339dfdedba19658ccae466d,0,35,16,0,0,1,0,30564.562000000002,29540.323,37120.491999999998
PSID_FULL:01378,PSID_FULL,1378,1fbc6dc939e9b14c0ae3989666b1bf2314c72d66ebce5aa96050430d3b74e3b3,0,28,12,0,0,1,0,30564.562000000002,32941.934999999998,36204.300999999999
PSID_FULL:01379,PSID_FULL,1379,00fee7e331a3c5193302483e86bb8e8da3fb2282701726ce3eaf13898caf7ce8,0,32,12,0,0,1,0,30564.562000000002,35806.451999999997,23052.535
PSID_FULL:01380,PSID_FULL,1380,4666f3d033de604d6dbb60f01715bb4271b402fa8d7d169e7083faefb9dab881,0,26,12,0,0,1,0,30564.562000000002,39387.097000000002,39898.618000000002
PSID_FULL:01381,PSID_FULL,1381,7064dc48b9e131b55e588f06557cc04490b64bf682e9053a20d9d58cf84eabac,0,30,12,1,0,1,0,30758.529999999999,35448.387000000002,48247.773000000001
PSID_FULL:01382,PSID_FULL,1382,635dc262ea4d9c893f8762286f314e7716a4318b9d36869f1ac3ae794b31e92d,0,27,12,0,0,1,0,30760.489000000001,25064.516,31908.549999999999
PSID_FULL:01383,PSID_FULL,1383,0f9eda48fce1a02394b6e89a94cb94e8bddc230c9ef92c3ac97461affd735c66,0,27,16,0,0,1,0,30760.489000000001,26317.741999999998,25860.215
PSID_FULL:01384,PSID_FULL,1384,6fc50f7a2306d65661f993738b30886b8e9f7f341e49f1dcfb95a947ae70a035,0,28,12,0,0,1,0,30760.489000000001,28824.194,39898.618000000002
PSID_FULL:01385,PSID_FULL,1385,73e448fcb2fcae5a0b4bcf5da828e414d42b0f8dfe4b6ea77ede13e0c19efbf2,0,39,12,0,0,1,0,30760.489000000001,32583.870999999999,34726.574999999997
PSID_FULL:01386,PSID_FULL,1386,e842c2809f6d442c87f5a672a671e960e7dce06a567e046c216838e9fe005194,0,28,15,1,0,1,0,30768.326000000001,33486.194000000003,30828.331999999999
PSID_FULL:01387,PSID_FULL,1387,7f1850596ef330f3e522e079899913ccd20c07db1b8509ac339a1475c7bffedf,0,48,12,0,0,1,0,30860.411,29269.984,34753.173999999999
PSID_FULL:01388,PSID_FULL,1388,f6c314fbc637403d9939377bbd236d8599c5a615f27aea8cccba9a4cb02136e3,0,48,14,0,0,1,0,30895.678,34732.258000000002,32509.985000000001
PSID_FULL:01389,PSID_FULL,1389,5250a7128cd80fdde5ec821c374da497275948e373e055f3015dd32bd56eb1f9,0,37,17,0,0,1,0,30956.415000000001,30435.484,27939.376
PSID_FULL:01390,PSID_FULL,1390,e3a4b285f9ff5b474ecdc095cfd3e2e698973b45322d6b07d7b7f93854b0c89f,0,49,17,0,0,1,0,30956.415000000001,31867.741999999998,35465.438000000002
PSID_FULL:01391,PSID_FULL,1391,93844f50c43623a62a2005f759eafc3850bb6ae06a2757e4c9ec1b27f0be0ec1,0,25,15,0,0,1,0,30956.415000000001,41177.419000000002,35465.438000000002
PSID_FULL:01392,PSID_FULL,1392,35379feaf85eb9a9a0e93af1b306ef5fbb8fd56e749658757e9d97432c9020fd,0,27,15,0,0,1,0,31152.342000000001,34016.129000000001,43001.843000000001
PSID_FULL:01393,PSID_FULL,1393,38d9b38813b42a1dcad713dbecff6479c8232122a23e0f91d1f9e0f9e2e457c6,0,51,17,0,1,1,0,31348.269,0,88663.593999999997
PSID_FULL:01394,PSID_FULL,1394,6b2d6995334a2a4a24d06df50345341b76f6ebd2229f391271572f4300453700,0,24,15,0,0,1,0,31348.269,26854.839,26599.078000000001
PSID_FULL:01395,PSID_FULL,1395,4c804fb07d4d178040a23d00b9d95ed4ff08f7e99c44db71469b70202f2bbc1a,0,31,17,0,0,1,0,31348.269,26854.839,32509.985000000001
PSID_FULL:01396,PSID_FULL,1396,4f806f0ad2e7dfce918ad1e296b7248c52a560ec040e150cb8b296b229633053,0,45,12,0,0,1,0,31348.269,27391.935000000001,25564.669999999998
PSID_FULL:01397,PSID_FULL,1397,4f806f0ad2e7dfce918ad1e296b7248c52a560ec040e150cb8b296b229633053,0,45,12,0,0,1,0,31348.269,27391.935000000001,25564.669999999998
PSID_FULL:01398,PSID_FULL,1398,de7038b282e7162209bc01a7d2c40e391a53cbaa14f33d20d2237f1d619d5560,0,39,14,0,0,1,0,31348.269,27750,47287.25
PSID_FULL:01399,PSID_FULL,1399,de7038b282e7162209bc01a7d2c40e391a53cbaa14f33d20d2237f1d619d5560,0,39,14,0,0,1,0,31348.269,27750,47287.25
PSID_FULL:01400,PSID_FULL,1400,6a497cf11ca79e4e215587a2d22b6d0619d9567fcd3a1237c80c206ba02df13c,0,25,17,0,0,1,0,31348.269,28249.5,35561.489999999998
PSID_FULL:01401,PSID_FULL,1401,d49fde528ad63d27e8054367b5655fdb9ffd6ad7a90afe7aec0c3f90ad40d51f,0,53,17,0,0,1,0,31348.269,28645.161,27929.031999999999
PSID_FULL:01402,PSID_FULL,1402,85fabefac25b1089703f7f4f0c091f185c64fc9899820ec4053a661ccf5c7984,0,26,16,0,0,1,0,31348.269,28645.161,35465.438000000002
PSID_FULL:01403,PSID_FULL,1403,14214b269bff6669d796377f64ebfa1f4611cf56b53eca7173ec88254fc1274b,0,31,12,0,0,1,0,31348.269,28645.161,27337.941999999999
PSID_FULL:01404,PSID_FULL,1404,ea0464c1d285fdc1438b0c39b568a424c391d96a8e83e77a5621adad0bfb65cd,0,32,17,0,0,1,0,31348.269,28645.161,28076.805
PSID_FULL:01405,PSID_FULL,1405,b8a01698a7fa659158b228372b8486424bb0033cf968b9bec9cc695a37ddf890,0,48,17,0,0,1,0,31348.269,29540.323,32951.824999999997
PSID_FULL:01406,PSID_FULL,1406,a96da75ad5faa82c43d57a40011049b9890721252bc227e0caa7b82040774ebf,0,47,17,0,0,0,0,31348.269,29540.323,29258.986000000001
PSID_FULL:01407,PSID_FULL,1407,55c13e4cb8b90696c13c1248ae4dd7e3467c3667883add138b8895450fea5c4b,0,44,16,0,0,1,0,31348.269,30435.484,19210.445
PSID_FULL:01408,PSID_FULL,1408,b82ce529a5c71fff31016b0d35ab9487ecbdf4dedcee2d600c853759a74bca71,0,41,16,0,0,1,0,31348.269,30435.484,20688.171999999999
PSID_FULL:01409,PSID_FULL,1409,9bd9c27de98773ba2787188e6e59e439da7431a168f0416de5de211705d2f9a4,0,44,16,0,0,1,0,31348.269,30435.484,33987.711000000003
PSID_FULL:01410,PSID_FULL,1410,66891f42fa41262fb8a6a193532db94fd0e65c938c6eabb00e4ba047600d58b2,0,52,17,0,0,1,0,31348.269,31293.047999999999,32509.985000000001
PSID_FULL:01411,PSID_FULL,1411,a7bcd5a774960882218602b62fb2563dd17417f6a37bb60caf276909716bb5e2,0,40,12,0,0,1,0,31348.269,31330.645,27633.487000000001
PSID_FULL:01412,PSID_FULL,1412,5887072384560e525d48a68e7f9b30417d274a7430798ca3628e89ab4405fd4b,0,52,12,0,0,0,0,31348.269,32225.806,32509.985000000001
PSID_FULL:01413,PSID_FULL,1413,6e54ba7e672f4131c0e036a8c1226c48c688e99624b1a4b6c0435c18a40fbd4b,0,53,16,0,0,1,0,31348.269,32225.806,32509.985000000001
PSID_FULL:01414,PSID_FULL,1414,a53effec17f81a85333ee2da4dad86a7a3da50cbdbef6d1f3124776af9b374ac,0,42,16,0,0,1,0,31348.269,32225.806,32214.438999999998
PSID_FULL:01415,PSID_FULL,1415,ea59c23fba1f1a8f08f4299ac52e3447ddbe5ca966b6b6a32679f360ca238d27,0,39,14,0,0,1,0,31348.269,32569.547999999999,31020.436000000002
PSID_FULL:01416,PSID_FULL,1416,c4483e6d8112e4469179c2b19da700760c0f45b8845bc23258a8bfd5b0f8cbf4,0,42,17,0,0,1,0,31348.269,32762.902999999998,39159.754000000001
PSID_FULL:01417,PSID_FULL,1417,156cc8ded21e41aef32137173dc30f5b736ebe5e7e3fbb78212ffd4ec7c001f0,0,31,14,0,0,1,0,31348.269,34016.129000000001,38986.860000000001
PSID_FULL:01418,PSID_FULL,1418,8cddb56d5271485ab04856b647c4a9dce047364db85369a383c98c7afbcae569,0,47,14,0,0,1,0,31348.269,34016.129000000001,25150.905999999999
PSID_FULL:01419,PSID_FULL,1419,fa386d930c05df25b258bf2778dc2531b617b9bea23fbf622679809497fc1414,0,51,16,0,0,1,0,31348.269,35448.387000000002,44331.796999999999
PSID_FULL:01420,PSID_FULL,1420,2e87f4fad4fe01fd575099b65da01a19001b961ebd19c1a4a538bf90d0925f83,0,44,13,0,0,1,0,31348.269,35806.451999999997,36943.163999999997
PSID_FULL:01421,PSID_FULL,1421,46078eeb3b34f935b3a31d84798348d7e712199a9ffcb7d4d89de8f1fedd8c09,0,35,14,0,0,1,0,31348.269,36630,42854.071000000004
PSID_FULL:01422,PSID_FULL,1422,7d459435a8a0593da966086e9cebb82f33276ceab09403fa38a6e6c9e362d9c4,0,44,16,1,0,1,0,31644.117999999999,30621.677,23495.852999999999
PSID_FULL:01423,PSID_FULL,1423,11e01f56093378f3b6f6c14538c1ea3225dd3eaca7b99078769fdc84fabccaa0,0,46,12,0,0,1,0,31740.121999999999,25780.645,17437.173999999999
PSID_FULL:01424,PSID_FULL,1424,2f94f9f155451a43363d3516a19ee716d33e74e4864493fc366c0ce06186c76d,0,32,14,0,0,1,0,31818.492999999999,31330.645,70930.876000000004
PSID_FULL:01425,PSID_FULL,1425,9c0aff45ce8600908ad704cc222bac6b58c8e217e819e70786ad65edb28fcc3f,0,29,16,0,0,1,0,31936.048999999999,26640,24825.806
PSID_FULL:01426,PSID_FULL,1426,77b031c815ece1c22f0b4210121fd91c881a9d575e3d8aa675b529591dabdf0e,0,38,17,0,0,0,0,31936.048999999999,33300,33805.951000000001
PSID_FULL:01427,PSID_FULL,1427,5a37328b2b3fea572dee24c4ec9bc6574cf43f752d4e29944dd058bf54b417c6,0,26,14,0,0,1,0,32131.975999999999,29898.386999999999,28032.473000000002
PSID_FULL:01428,PSID_FULL,1428,bbdae554f1c8746ce450a52b7b6616a4dce04fb1e5cb2240346a5ddd380af6c6,0,43,16,0,0,1,0,32131.975999999999,31330.645,33987.711000000003
PSID_FULL:01429,PSID_FULL,1429,9964c70d7d0bddfda20e862d01c7936a1afa37f8be43c0addb4390c2b8896a6c,0,45,16,0,0,0,0,32131.975999999999,31330.645,31401.689999999999
PSID_FULL:01430,PSID_FULL,1430,1ac0adcdb69380bf42a967752200c369bc444a936291b83a05bbaa9dccd8f69a,0,34,17,0,0,0,0,32131.975999999999,44758.065000000002,9161.9048000000003
PSID_FULL:01431,PSID_FULL,1431,79aa3c4f9c5562460fcbac8a52425cf637c23d9270230c6e63b4ee4779554488,0,49,14,0,0,1,0,32327.901999999998,14322.581,24530.260999999999
PSID_FULL:01432,PSID_FULL,1432,0d157cfef6d853ea56039858346595884e7fb040e59fc15ad91445d0fb6d253c,0,27,17,0,0,1,0,32327.901999999998,25064.516,36943.163999999997
PSID_FULL:01433,PSID_FULL,1433,89874156302a12e3199315374105f5de0007147913874499acd828fb393333ca,0,26,16,0,0,1,0,32327.901999999998,27750,32509.985000000001
PSID_FULL:01434,PSID_FULL,1434,1607da2b555ddb4d67e069dcd4456bb53a1dd2a8d111c339ac75b5f81b87e599,0,41,16,0,0,1,0,32327.901999999998,31330.645,0
PSID_FULL:01435,PSID_FULL,1435,45f38c29b1d5e9b246260b52c1e8f6092f494b022ca0ffd38f7d607b1fafc77c,0,43,14,0,0,1,0,32327.901999999998,31420.161,31032.258000000002
PSID_FULL:01436,PSID_FULL,1436,02d0955d2077966d811d34a788514d6d080d2b954a3c96d6c8a98ae6d0859208,0,28,13,0,0,1,0,32327.901999999998,31688.709999999999,40637.481
PSID_FULL:01437,PSID_FULL,1437,3f11097032a3bcc075912d862dffd09044d40e5015f5599203ab0e22cbbb69f3,0,28,12,1,0,1,0,32327.901999999998,32225.806,39898.618000000002
PSID_FULL:01438,PSID_FULL,1438,2fd3b52ac671cb18007d23dac32170ec9c26b515f3d692338c20bfdad1963874,0,27,16,0,0,1,0,32327.901999999998,32225.806,39159.754000000001
PSID_FULL:01439,PSID_FULL,1439,61b1618e454386565e3d94610cca7a8b0ced2aa103c06fb3f7617efa035daaca,0,32,12,0,0,1,0,32327.901999999998,32225.806,32509.985000000001
PSID_FULL:01440,PSID_FULL,1440,82012fe7f01db33c8a353b76f7cbcb0299217244f8a0e96c71c0b23f5088382a,0,31,12,0,0,1,0,32327.901999999998,32225.806,32509.985000000001
PSID_FULL:01441,PSID_FULL,1441,97cead2435b5588d6766a82808e34ca7d388f4d804ce3baaa2118e8ce76f55e4,0,38,17,0,0,0,0,32327.901999999998,32225.806,43297.389000000003
PSID_FULL:01442,PSID_FULL,1442,d760349e6cbf3d553b109bd66a13e380e38083ebd1dc1eaf98b1ff60ce961be5,0,43,12,0,0,0,0,32327.901999999998,33479.031999999999,33987.711000000003
PSID_FULL:01443,PSID_FULL,1443,83aca7e44bc21f36d1956bd89d3fc0dca4c994102801d43e89c6b1d6b1f2bb4f,0,34,17,0,0,1,0,32327.901999999998,34016.129000000001,33987.711000000003
PSID_FULL:01444,PSID_FULL,1444,75e77b229efcda0dfe1006b2a8e457b4023858f8cbedc0561f0494a19e7719bd,0,22,14,0,0,1,0,32327.901999999998,41177.419000000002,32509.985000000001
PSID_FULL:01445,PSID_FULL,1445,51982796ecd6fbc9ffe786494298254880aa3b4e5dfc546f71580ff06ceaa82e,0,50,14,0,0,1,0,32602.200000000001,27889.645,27314.297999999999
PSID_FULL:01446,PSID_FULL,1446,04191edde6f70f82cf463667ebaa57ef93aa75c63279737958bba35edce880a7,0,44,14,0,0,1,0,32719.756000000001,29540.323,26952.255000000001
PSID_FULL:01447,PSID_FULL,1447,585235a6b92cabe96fb119ec4a94715cfa77533df407d8aa8819cd08c7715e63,0,53,12,0,0,1,0,32868.660000000003,31509.677,18914.900000000001
PSID_FULL:01448,PSID_FULL,1448,93cfd5e12d21ea5c98cfe78a20b061889463442abcacae99206620554dd90829,0,47,12,0,0,1,0,32915.682000000001,27750,18914.900000000001
PSID_FULL:01449,PSID_FULL,1449,93cfd5e12d21ea5c98cfe78a20b061889463442abcacae99206620554dd90829,0,47,12,0,0,1,0,32915.682000000001,27750,18914.900000000001
PSID_FULL:01450,PSID_FULL,1450,81b69bbcfbc52d1524cdd8bd4fe899ebaaa35f41da2487a04536e745e9afeebd,0,41,16,1,0,1,0,33307.536,23274.194,22165.899000000001
PSID_FULL:01451,PSID_FULL,1451,81b69bbcfbc52d1524cdd8bd4fe899ebaaa35f41da2487a04536e745e9afeebd,0,41,16,1,0,1,0,33307.536,23274.194,22165.899000000001
PSID_FULL:01452,PSID_FULL,1452,81b69bbcfbc52d1524cdd8bd4fe899ebaaa35f41da2487a04536e745e9afeebd,0,41,16,1,0,1,0,33307.536,23274.194,22165.899000000001
PSID_FULL:01453,PSID_FULL,1453,d9ec31019e7006f8e916e6e5f0e5fbcce7ae825db7dc2615d999065046b8c49d,0,48,16,0,0,1,0,33307.536,26058.145,31918.894
PSID_FULL:01454,PSID_FULL,1454,d9ec31019e7006f8e916e6e5f0e5fbcce7ae825db7dc2615d999065046b8c49d,0,48,16,0,0,1,0,33307.536,26058.145,31918.894
PSID_FULL:01455,PSID_FULL,1455,2f544f5558568ab92ebf377027b510a97ef047e222c428b3991ef482357d781b,0,36,13,0,0,1,0,33307.536,28645.161,28372.349999999999
PSID_FULL:01456,PSID_FULL,1456,5dae4f0b5b4acacd24c7cc40214e3ade8272b43b34bca316c1e59dcc018189af,0,49,12,0,0,1,0,33307.536,28645.161,32580.916000000001
PSID_FULL:01457,PSID_FULL,1457,9a7394fc2a3228b368fac8cce58e3da137a8a292e527e3f5e271270efa4af234,0,33,17,1,0,1,0,33307.536,29540.323,17732.719000000001
PSID_FULL:01458,PSID_FULL,1458,fa37bbda0e30f829f5abb1dfa046062c9e59b835e5a569aeaa1a82f0ff0a1569,0,49,14,0,0,1,0,33307.536,30435.484,29554.530999999999
PSID_FULL:01459,PSID_FULL,1459,969ddfb220bc2136604f0c0dd284ce7c250050c9f6011c0b5d5ff460e23b82cc,0,36,12,0,0,1,0,33307.536,30435.484,31032.258000000002
PSID_FULL:01460,PSID_FULL,1460,8837264da2a86951806c508ddad8f3a6d3cb616c9674f71944748f030a8455a3,0,50,17,0,0,1,0,33307.536,30435.484,25860.215
PSID_FULL:01461,PSID_FULL,1461,474a91fc825d67f2ba994fdf34c518b13b35c8dc6b202c78d06d7e7fde586641,0,36,12,0,0,1,0,33307.536,30435.484,41376.343999999997
PSID_FULL:01462,PSID_FULL,1462,856a6b1fddd2f927e8370b54ad8bdee67bea270bd57151dcffabf7e2a47da8f1,0,27,16,0,0,1,0,33307.536,30435.484,0
PSID_FULL:01463,PSID_FULL,1463,1f1bd5a7f7b96c423d5d99db7ce2dac911a20e48b745ced7d8a668ee3800937c,0,52,16,0,0,1,0,33307.536,30793.547999999999,28815.668000000001
PSID_FULL:01464,PSID_FULL,1464,67bba55a495d61274678d08b2cc7541c9c993769c4771c312196b1d09d5fcf50,0,38,12,0,0,1,0,33307.536,31330.645,31771.120999999999
PSID_FULL:01465,PSID_FULL,1465,f025f3962e6c832d57f5252485df727082717e867dee7acd1960cff5dc78af34,0,25,14,0,0,1,0,33307.536,31330.645,35760.983
PSID_FULL:01466,PSID_FULL,1466,f710766330c570a2dfa86b0dc525bdbcc205e06baaf950d29932a4ef5b9d8172,0,33,17,0,0,1,0,33307.536,31867.741999999998,35465.438000000002
PSID_FULL:01467,PSID_FULL,1467,ee470e9c68f7a4dd7af7c5d35c001f57f7845692978d7455fb346706e287d6a9,0,30,12,0,0,1,0,33307.536,32046.774000000001,37682.027999999998
PSID_FULL:01468,PSID_FULL,1468,818d1d2b8102eff344ee2d37644e4fc450f7b9532549399c3509b74e16af201f,0,53,12,0,0,1,0,33307.536,32225.806,33544.392999999996
PSID_FULL:01469,PSID_FULL,1469,b493981e502b12859e217b809e125107199d8fe0de62af7bc6aefa4242322beb,0,34,12,0,0,1,0,33307.536,32583.870999999999,31032.258000000002
PSID_FULL:01470,PSID_FULL,1470,072893c0c36804c1a5e08edf6b787e705192412107475fe7ddb9f36083e558a4,0,36,12,0,0,1,0,33307.536,33120.968000000001,33987.711000000003
PSID_FULL:01471,PSID_FULL,1471,80e391cec8bdcbdcba9613e45d9e1200aa306f57b2c363f0eb11e16d643f4000,0,42,13,0,0,1,0,33307.536,33120.968000000001,44331.796999999999
PSID_FULL:01472,PSID_FULL,1472,5c07370dfebd418d940de6071e942c524dabcd2d555c89f998c5090210573f2d,0,34,12,0,0,1,0,33307.536,34016.129000000001,32509.985000000001
PSID_FULL:01473,PSID_FULL,1473,b45e7a26bea21914c616087537fd3a9b22f249d4ab365cc151304641fe85a654,0,29,17,0,0,1,0,33307.536,34016.129000000001,26980.331999999999
PSID_FULL:01474,PSID_FULL,1474,6448c388e177845b7154c7e883fe7da2c92e1d3d54398ce97a9a84ce93254662,0,52,12,0,0,1,0,33307.536,34171.887000000002,28667.896000000001
PSID_FULL:01475,PSID_FULL,1475,4c55ff741e01c6b764c34d1fdf519c18236b047755dbd51264bf210da7e48eb4,0,42,14,0,0,1,0,33307.536,37596.773999999998,48764.976999999999
PSID_FULL:01476,PSID_FULL,1476,5310ebc3f453d62db83a40f18ded3b4d976a41f009cc3610db8634dae15a703d,0,53,15,0,0,1,0,33307.536,37596.773999999998,38420.891000000003
PSID_FULL:01477,PSID_FULL,1477,beb4ce68e721b71de768c7dfe382af49a80ff08bfed924b2bdbbd6c9c414fb65,0,32,13,1,0,1,0,33307.536,37596.773999999998,46891.220000000001
PSID_FULL:01478,PSID_FULL,1478,129e58f85a1789cbbfdfef517bf9120081743fa7fa81694c62453772e52ed50b,0,39,12,0,0,1,0,33307.536,39387.097000000002,28076.805
PSID_FULL:01479,PSID_FULL,1479,0635c5ccb74227dafd06391cb3aeb2df4f7720fb44dc429bab74adbe1b0f1137,0,28,16,0,0,1,0,33307.536,39387.097000000002,34726.574999999997
PSID_FULL:01480,PSID_FULL,1480,1ecca3101a4d950cc7dccdfeef16f7209f112b0fdcfedf0b96683a7f89b6d854,0,28,12,1,0,1,0,33503.462,26854.839,25121.351999999999
PSID_FULL:01481,PSID_FULL,1481,b2ae1793de3341673db9f738790bfc5e132e025af62a0a2beff6a340136e4522,0,26,14,0,0,1,0,33503.462,36032.031999999999,34559.591
PSID_FULL:01482,PSID_FULL,1482,f17fce65d5c1bb19cfa0c426b7f64e194378eb22769f56efb472a137f909c0fc,0,25,14,1,0,1,0,33699.389000000003,17724.194,25121.351999999999
PSID_FULL:01483,PSID_FULL,1483,3fece567375a62fb9f14690510336e9e87c83ce1b58ea6d8f899c544783362d8,0,52,12,0,0,1,0,33895.315999999999,47622.580999999998,39011.982000000004
PSID_FULL:01484,PSID_FULL,1484,b979347bfdbb2a15c6e61d847a6bf580728cfae282133b0ba5281471024e46aa,0,35,16,0,0,1,0,34091.241999999998,26854.839,31032.258000000002
PSID_FULL:01485,PSID_FULL,1485,2f29e7fdf2a97f96825035e2242d88d6a340661b664401a8ff4e16cdcb2ec50c,0,44,12,0,0,1,0,34091.241999999998,32046.774000000001,35465.438000000002
PSID_FULL:01486,PSID_FULL,1486,1459c094306c6edd696c76b361dddf68dea90c7d447ee744342cda90ffbe970b,0,33,15,0,0,1,0,34091.241999999998,34016.129000000001,33248.847999999998
PSID_FULL:01487,PSID_FULL,1487,fbd3378789f187f1e26ba44a6e90a9b543650622b164b05d4e15f2a0a5929bb6,0,29,12,0,1,1,0,34287.169000000002,26541.531999999999,39159.754000000001
PSID_FULL:01488,PSID_FULL,1488,14a61b8c200484f05d8714a86376cd9b2eb129f9f2b7fc59d916968980460993,0,53,16,0,0,1,0,34287.169000000002,28645.161,22165.899000000001
PSID_FULL:01489,PSID_FULL,1489,8c6d622a1b1ebfd08d91de664480038d73bdcd9260b871a31e4e6f7547dbb214,0,26,16,0,0,1,0,34287.169000000002,32225.806,36943.163999999997
PSID_FULL:01490,PSID_FULL,1490,2dc084244de0129b93a9ade45422dde432e7155b63dc6e5eb05974e52e510039,0,37,17,0,0,1,0,34287.169000000002,35806.451999999997,41376.343999999997
PSID_FULL:01491,PSID_FULL,1491,2db4ab4c6cf83f8e6bed3ded6ed77284823ffd44e2b5af8fe72ab49889e9e5ae,0,45,12,0,0,1,0,34287.169000000002,35806.451999999997,31032.258000000002
PSID_FULL:01492,PSID_FULL,1492,b3de867d20a415ebe845b4325cbcac5b22f2020efdfa4aa94fa73c8af71fb148,0,27,17,0,0,1,0,34287.169000000002,37596.773999999998,39307.527000000002
PSID_FULL:01493,PSID_FULL,1493,c71e2b3b90cb98385a329ffe85a24e82a541c0880cec2c5f2654d347832e40b1,0,38,12,1,0,1,0,34483.095999999998,23632.258000000002,19210.445
PSID_FULL:01494,PSID_FULL,1494,76d218507b7faca0cd19e815146da13e6e46ce5294a664c23e0240619fb9a1fa,0,34,13,0,0,1,0,34483.095999999998,31509.677,33396.620999999999
PSID_FULL:01495,PSID_FULL,1495,ffef647e9646b9187749274cb136bdfd4757dc06f5fbd78b856147c8344b1970,0,34,12,0,0,1,0,34731.923000000003,30435.484,39898.618000000002
PSID_FULL:01496,PSID_FULL,1496,773ad7209a175a5780302a4a779911d31986075a798299d8d319aea359264b5b,0,32,14,0,0,1,0,34874.949000000001,35788.548000000003,41376.343999999997
PSID_FULL:01497,PSID_FULL,1497,05006c08ea12ea7a19a511b82f0a0ff71985ca05a5cf8bb4000753e2d4a7d588,0,32,12,0,0,0,0,35070.875999999997,32225.806,27337.941999999999
PSID_FULL:01498,PSID_FULL,1498,3d724dd5a1db692a65c2b29a28375c8735759604db72a598aacfa40bfa36308d,0,29,14,0,0,1,0,35266.802000000003,16112.903,20688.171999999999
PSID_FULL:01499,PSID_FULL,1499,851eec6971e0543922f0789c42b692690c5b1d7f56183bd251c6c876ceba44ae,0,38,12,1,0,1,0,35266.802000000003,25064.516,36943.163999999997
PSID_FULL:01500,PSID_FULL,1500,e753a8fb1f7f4bf0ca7efd77497c3fc388af9ab4edc85f3e405be97de7a2a502,0,25,14,1,0,1,0,35266.802000000003,25601.613000000001,33101.074999999997
PSID_FULL:01501,PSID_FULL,1501,8f9608e5e35fd996806dd3d6f8852095e9b282170105ac54021c8ede7c8acc0e,0,35,12,0,0,1,0,35266.802000000003,26854.839,32509.985000000001
PSID_FULL:01502,PSID_FULL,1502,8f9608e5e35fd996806dd3d6f8852095e9b282170105ac54021c8ede7c8acc0e,0,35,12,0,0,1,0,35266.802000000003,26854.839,32509.985000000001
PSID_FULL:01503,PSID_FULL,1503,d72502b3c9dc11c8e91da83574fdc0d100fa25adb0a7aac8752cb09171c50ebd,0,31,17,0,0,1,0,35266.802000000003,31806.870999999999,62064.516000000003
PSID_FULL:01504,PSID_FULL,1504,757a8e18954152a87e3bb2e480919ee8a94e23edf5d0a2d7b8fd325ed2425b8f,0,49,12,0,0,1,0,35266.802000000003,32225.806,47287.25
PSID_FULL:01505,PSID_FULL,1505,2ce6e906afc20d3d05a75fad8d6c655a213d59143095d0412eb7dccc3ec73bf9,0,55,12,0,0,1,0,35266.802000000003,32225.806,25860.215
PSID_FULL:01506,PSID_FULL,1506,4b95b0c89fbfd79f24811bfa31356276f2e7d108b57119a0ab6dae86c71c2aca,0,32,12,0,0,1,0,35266.802000000003,32225.806,33987.711000000003
PSID_FULL:01507,PSID_FULL,1507,926a7ce0ba7de26bdf472156f64180592b8ce663ed33723b8ca1ddb9207d7a0a,0,46,14,0,0,1,0,35266.802000000003,33120.968000000001,33987.711000000003
PSID_FULL:01508,PSID_FULL,1508,6e4268f4ae973eb82debfeefa4679e2a4546b116e7e7239d984634374b52c5c5,0,28,15,0,0,1,0,35266.802000000003,34016.129000000001,35465.438000000002
PSID_FULL:01509,PSID_FULL,1509,51b51adb579e846f78c52ceaf5da02a1c20b8170031ba64b17891000fccb6701,0,34,16,0,0,1,0,35266.802000000003,34016.129000000001,35465.438000000002
PSID_FULL:01510,PSID_FULL,1510,5a725639e4bb8c4da969a48c2baf0382fed88f4eb506364a02237e704fbe9a9d,0,35,16,0,0,1,0,35266.802000000003,34016.129000000001,40489.707999999999
PSID_FULL:01511,PSID_FULL,1511,3c49e1bf396ac61446418bdfb65eb9356750c4c80a99ad33518e6ae37fcc44e4,0,34,12,0,0,1,0,35266.802000000003,35806.451999999997,36943.163999999997
PSID_FULL:01512,PSID_FULL,1512,0961a8369cbb072887cb1ab7b2c9b7b920f807e22fadc8ad5c6c49dafe1f7721,0,40,16,0,0,1,0,35266.802000000003,35806.451999999997,36943.163999999997
PSID_FULL:01513,PSID_FULL,1513,0961a8369cbb072887cb1ab7b2c9b7b920f807e22fadc8ad5c6c49dafe1f7721,0,40,16,0,0,1,0,35266.802000000003,35806.451999999997,36943.163999999997
PSID_FULL:01514,PSID_FULL,1514,85e2fdab746463f97fbb3932f8af148bb3d3cb0c4039c71bb8a560d2464bd42f,0,29,14,0,0,1,0,35266.802000000003,37596.773999999998,45809.523999999998
PSID_FULL:01515,PSID_FULL,1515,0f9ea38801b3b0ea2bc6a2de17ad9dbfb63ae42e094903640f6af6851e5417ae,0,45,12,0,0,1,0,35266.802000000003,38366.612999999998,38420.891000000003
PSID_FULL:01516,PSID_FULL,1516,f750d32781d99b91cc88248ca140595ec148fc3781b12324c297354afb0d5a94,0,34,16,0,0,1,0,35266.802000000003,39387.097000000002,41671.889000000003
PSID_FULL:01517,PSID_FULL,1517,a42ccf0c8e07f17ceff332e115d67664e24113c5c0de7b9b4ecf4b732a0d5c14,0,47,12,0,0,1,0,35266.802000000003,40103.226000000002,42262.980000000003
PSID_FULL:01518,PSID_FULL,1518,d535fac3fc60c2e7bb82876a9d0302f321d0b72e6187808b1eac2db77ce90581,0,31,16,0,0,1,0,35266.802000000003,41177.419000000002,35465.438000000002
PSID_FULL:01519,PSID_FULL,1519,3ec5c39f89951fdfbcd2a4e35cd0d3aa9acc84a74d7db8cf3f6a4ac9c98248e3,0,53,12,1,0,1,0,35266.802000000003,42967.741999999998,35465.438000000002
PSID_FULL:01520,PSID_FULL,1520,cb8146500f13cd83ece5b6b2477ef04cb1924a2814d280c7120172857a203da1,0,51,12,0,0,1,0,35266.802000000003,44758.065000000002,0
PSID_FULL:01521,PSID_FULL,1521,3048213192ea44bd8aa8a88a4e14d9b11e534da72f27e49c8a74793b500b2a01,0,40,16,0,0,1,0,35266.802000000003,44758.065000000002,56153.610000000001
PSID_FULL:01522,PSID_FULL,1522,1ba166da2f3275952ab34fc06a9ba78c9484dde1152d4dfb74c87492b3ab3ee1,0,27,12,0,0,1,0,35266.802000000003,53888.709999999999,14777.266
PSID_FULL:01523,PSID_FULL,1523,4a9fdb46438b08117cb2e8042498eed45a15f4787d3094bf5fba9a9948ce3a57,0,33,16,0,1,1,0,35266.802000000003,85935.483999999997,96052.226999999999
PSID_FULL:01524,PSID_FULL,1524,9f5422ce75bb2f7044cf5dbf6f9cdf170d9b9c14930b4f74591c7f1a72e53192,0,41,16,0,0,1,0,35582.243999999999,34016.129000000001,42854.071000000004
PSID_FULL:01525,PSID_FULL,1525,9f5422ce75bb2f7044cf5dbf6f9cdf170d9b9c14930b4f74591c7f1a72e53192,0,41,16,0,0,1,0,35582.243999999999,34016.129000000001,42854.071000000004
PSID_FULL:01526,PSID_FULL,1526,8221b98bf060dd3f92597a12cab3474744f03d536dc195f614ad44e1b1ff2fe5,0,33,12,0,0,1,0,35658.656000000003,34016.129000000001,32509.985000000001
PSID_FULL:01527,PSID_FULL,1527,b041c66fdf53e750990176840f0a684f1111eb87b1b4820a883c5eb623121762,0,53,13,0,0,1,0,35658.656000000003,35806.451999999997,35465.438000000002
PSID_FULL:01528,PSID_FULL,1528,39508c116252fb6f76a35f1e6011facad20752581e90b6ac198657a67cb5d5b3,0,45,12,0,0,1,0,35756.618999999999,31509.677,27377.84
PSID_FULL:01529,PSID_FULL,1529,5a25a0498ccf80ed98908d977b71aaf77273274b30ffb3163b59cae1fb433813,0,50,17,0,0,1,0,36050.508999999998,37596.773999999998,13299.539000000001
PSID_FULL:01530,PSID_FULL,1530,f617e5bb757b368724e63465b29ca129e59d797b822c04bac4be7a741b2ee622,0,37,14,0,0,1,0,36197.453999999998,29361.290000000001,21870.352999999999
PSID_FULL:01531,PSID_FULL,1531,807fcf233fc468a81666dfde28dfc4c6b6837cd6d4926250f460641001a8dbbe,0,27,16,0,0,1,0,36246.436000000002,0,0
PSID_FULL:01532,PSID_FULL,1532,59708a5ed06a82fed2fb7598dc363e671e0847a91b8c2b372e0435c331f8a446,0,27,16,0,0,1,0,36246.436000000002,28192.209999999999,40903.472000000002
PSID_FULL:01533,PSID_FULL,1533,8919a6fb0ee01df8fe4f4b7892df9f058bc8b68b011c91c28a45799a3680e3b8,0,48,12,0,0,1,0,36246.436000000002,31330.645,32509.985000000001
PSID_FULL:01534,PSID_FULL,1534,9c1507efb285207a98ccea06ad5eca422d137e036def5906ee87ad45149337d0,0,47,12,0,0,1,0,36246.436000000002,31796.129000000001,42854.071000000004
PSID_FULL:01535,PSID_FULL,1535,b234e1ac110216578f6478186752ac9311c0ee06077a416412ad9a232ff8d626,0,47,17,0,0,1,0,36246.436000000002,34016.129000000001,35465.438000000002
PSID_FULL:01536,PSID_FULL,1536,7b43c270b7938a1729a014f41853e37d716c45b8e48d02f655dea597b0dfc8ed,0,33,15,0,0,1,0,36246.436000000002,34213.065000000002,35465.438000000002
PSID_FULL:01537,PSID_FULL,1537,3e22c89a21767bc9da15668951284e69b2e92b7e296719c240973f9c06edc0b1,0,32,17,0,0,1,0,36640.248,34016.129000000001,57631.336000000003
PSID_FULL:01538,PSID_FULL,1538,bc5ea4c2697f25bbfc33712f3d9d5c33afa55981ac3a4521e7df6d4076f593f2,0,34,14,0,0,1,0,36834.216,0,0
PSID_FULL:01539,PSID_FULL,1539,f3bce697ddc345a818f83064429ece9791a27af0b10da6608f34d18240eb79e8,0,43,17,0,0,1,0,37226.069000000003,16650,30441.167000000001
PSID_FULL:01540,PSID_FULL,1540,35f8f234e57ec7831847cbfef0e9ae702a112fd0e1a599361517266a94209a42,0,31,14,0,0,1,0,37226.069000000003,17903.225999999999,25860.215
PSID_FULL:01541,PSID_FULL,1541,deecc0c68b386ad8fd6d04eb4f42e4918642cee6d576da56f50b427217866273,0,26,12,0,0,1,0,37226.069000000003,25959.677,26599.078000000001
PSID_FULL:01542,PSID_FULL,1542,e5af047c529d748ad7133f189915ecc966639a0d3b1168c833db528d6cfef3f9,0,29,14,0,0,0,0,37226.069000000003,27284.516,36943.163999999997
PSID_FULL:01543,PSID_FULL,1543,85e1ddd3b3665e2d435357510d464eb4bd77030717764108c5ee08358bcf7b2a,0,44,17,0,0,1,0,37226.069000000003,32075.419000000002,37386.482000000004
PSID_FULL:01544,PSID_FULL,1544,a7b6c27e84d5ad8b90806acf763eefe077293d94d0dbeda4635918e4db3746e3,0,36,17,0,1,1,0,37226.069000000003,33300,39603.072
PSID_FULL:01545,PSID_FULL,1545,f661fcc1bd898482d48e8cae0231f42ee76d7425419cc5e469195430a3a5c544,0,26,17,0,0,1,0,37226.069000000003,34016.129000000001,44331.796999999999
PSID_FULL:01546,PSID_FULL,1546,218799e30b7df5c9fc0da5e3afa9f2cd8a972e789f4b86e09cb054eb5c5a232f,0,28,16,0,0,1,0,37226.069000000003,34016.129000000001,35465.438000000002
PSID_FULL:01547,PSID_FULL,1547,c7c58e6c5db55b906ace1183f4951805853b91cfd1fb695060914bffade2a345,0,35,17,0,0,1,0,37226.069000000003,35806.451999999997,39898.618000000002
PSID_FULL:01548,PSID_FULL,1548,4d8b302257edbc8ad6959a2908eed2674b5808476730d9085c982dfbb41992d5,0,52,12,0,0,1,0,37226.069000000003,35831.516000000003,48764.976999999999
PSID_FULL:01549,PSID_FULL,1549,0bc654e717fab08cf5bc02b745d2f84788312bdbfd10a8ecc58d7a29cb221177,0,36,13,0,0,0,0,37226.069000000003,36150.194000000003,44308.154000000002
PSID_FULL:01550,PSID_FULL,1550,86ff6aab480f7e74962203e502e7d23ad7482ffaa19b6792a6b2a0c2a6cedab7,0,28,17,0,0,1,0,37226.069000000003,37507.258000000002,38420.891000000003
PSID_FULL:01551,PSID_FULL,1551,51c9e6354cb2778479a4fcc894168df0adc5d3da1bb89bb2542d77450cb0cdc8,0,44,17,0,0,1,0,37226.069000000003,37596.773999999998,36204.300999999999
PSID_FULL:01552,PSID_FULL,1552,94e975a13bdb3a764735520777d069dd9c4216695a284bdd9c79f1e6c544d223,0,37,13,0,0,1,0,37226.069000000003,37596.773999999998,39529.186000000002
PSID_FULL:01553,PSID_FULL,1553,88d5fb9c7df9f48fe89cfbe31dd83d16bae25b47b4dd34c00bffcdbd25c12798,0,51,12,0,0,1,0,37226.069000000003,38939.516000000003,35465.438000000002
PSID_FULL:01554,PSID_FULL,1554,a7027f72c3c5f4b0302b5b1efabb330742ad51412aedb41b04150291eda6b580,0,50,12,0,0,1,0,37226.069000000003,39029.031999999999,36943.163999999997
PSID_FULL:01555,PSID_FULL,1555,dcbcdb1159112e84b8e1608a710aee9522e2d3ce81ce998c7cd3ed4975c27bd4,0,29,12,0,0,1,0,37226.069000000003,39924.194000000003,27918.687999999998
PSID_FULL:01556,PSID_FULL,1556,aedefad81dcb07eb57d8a46e653b5fee0a405151d93bedb0a58960c72e4e41f8,0,32,17,0,0,1,0,37226.069000000003,46548.387000000002,25121.351999999999
PSID_FULL:01557,PSID_FULL,1557,2ab9773a52d501f340a1da88ef86e107da91516e4de42b0328b1ea9198030a4d,0,38,14,0,0,1,0,37226.069000000003,50129.031999999999,44331.796999999999
PSID_FULL:01558,PSID_FULL,1558,33e3bb3f165b4abe54e666e9081b7ee23835ed45f67d3386af167c553b27207e,0,47,17,0,0,1,0,37343.625,28906.547999999999,35732.906000000003
PSID_FULL:01559,PSID_FULL,1559,33e3bb3f165b4abe54e666e9081b7ee23835ed45f67d3386af167c553b27207e,0,47,17,0,0,1,0,37343.625,28906.547999999999,35732.906000000003
PSID_FULL:01560,PSID_FULL,1560,d2b27de09f57952bbd5dd39fbf9bcb3187f6476b8a5f34019d442f735c61c76b,0,31,17,0,0,1,0,38009.775999999998,36705.194000000003,42854.071000000004
PSID_FULL:01561,PSID_FULL,1561,50c42caef2d55c237e1423abe621fb26989d30877693bf18fd928779802aea3c,0,50,16,0,0,1,0,38205.703000000001,34911.290000000001,33987.711000000003
PSID_FULL:01562,PSID_FULL,1562,d748b40978282ec95f417ba5c6ee8e8fe31224743cbb3b41d2521f781fffac7d,0,39,12,0,0,1,0,38205.703000000001,39387.097000000002,43740.707000000002
PSID_FULL:01563,PSID_FULL,1563,7ef5506725e5eddec262287734880d20fb3b6a4c2310f986d3d9485c92fcf65a,0,27,13,0,0,1,0,38401.629000000001,34016.129000000001,11128.759
PSID_FULL:01564,PSID_FULL,1564,9147a1c46d7486e77501e652a5924c20113eb0f007eb8a86d4be934c25dd60c3,0,46,16,0,0,1,0,38597.555999999997,37596.773999999998,48764.976999999999
PSID_FULL:01565,PSID_FULL,1565,9147a1c46d7486e77501e652a5924c20113eb0f007eb8a86d4be934c25dd60c3,0,46,16,0,0,1,0,38597.555999999997,37596.773999999998,48764.976999999999
PSID_FULL:01566,PSID_FULL,1566,ca637d5cdc34f96d42097bb4e8cae0258aa01d5ee2b91d7eea467c848444d727,0,33,16,0,0,1,0,38597.555999999997,41177.419000000002,42854.071000000004
PSID_FULL:01567,PSID_FULL,1567,5616b0d871e118a978dbf446f091cc800ae1551c5036cd472596d4588c6f0c99,0,25,16,0,0,0,0,39185.336000000003,0,23389.455999999998
PSID_FULL:01568,PSID_FULL,1568,8685d5ccbc3161a8ba0577cae75b0ed5585bbae68dce20ad5cd65cae5d151158,0,36,12,0,0,1,0,39185.336000000003,15217.742,16254.992
PSID_FULL:01569,PSID_FULL,1569,6e80be35b5256dd3a451a6ec1682d55e25b31299966e6fc728adab9ea17f31e0,0,39,12,0,0,1,0,39185.336000000003,24169.355,23643.625
PSID_FULL:01570,PSID_FULL,1570,8b0a302d7df8758c9b65776b14fdbcff6076d5d5a28c5a053af5c9030c4ba2f0,0,35,17,0,0,1,0,39185.336000000003,30435.484,33426.175000000003
PSID_FULL:01571,PSID_FULL,1571,8b0a302d7df8758c9b65776b14fdbcff6076d5d5a28c5a053af5c9030c4ba2f0,0,35,17,0,0,1,0,39185.336000000003,30435.484,33426.175000000003
PSID_FULL:01572,PSID_FULL,1572,f9ba29f7616051305514b52509f0e3a19d6988b01af2641846fe68755369514f,0,46,17,0,0,1,0,39185.336000000003,31330.645,31298.249
PSID_FULL:01573,PSID_FULL,1573,4b696f491050c124c428c8e87c095abf113d1ee4e65cd7c9b8d6807331eccb58,0,31,17,0,0,1,0,39185.336000000003,33120.968000000001,47287.25
PSID_FULL:01574,PSID_FULL,1574,2c8fc428bdb940503cd35ffaaacc27ed193893c059bae902a587437c58e1315d,0,52,15,0,0,1,0,39185.336000000003,35806.451999999997,38420.891000000003
PSID_FULL:01575,PSID_FULL,1575,a012508f9d1821fdd7625bd5b5364770872662105815f6482ab88a8923c2946c,0,50,16,0,0,0,0,39185.336000000003,35806.451999999997,40637.481
PSID_FULL:01576,PSID_FULL,1576,fe7afd206a2e1bfe6cf7bdd51ba7fd812ad850875a9b3b65d19fcd7611b66aa1,0,49,12,0,0,1,0,39185.336000000003,35806.451999999997,33987.711000000003
PSID_FULL:01577,PSID_FULL,1577,f39641b372685bceca5238054bd268657b271a48ec450c15201744402bf7070a,0,53,16,0,0,1,0,39185.336000000003,35806.451999999997,51720.43
PSID_FULL:01578,PSID_FULL,1578,043e465b5f38a6e04df4480472892380e8c9362655bad7670c9a86d14d9cd116,0,44,14,0,0,1,0,39185.336000000003,35806.451999999997,35465.438000000002
PSID_FULL:01579,PSID_FULL,1579,caa1104bbf47ac49f399adc48526d4f49af3454f7f2989f02e3ded0df2fcac46,0,46,16,0,0,1,0,39185.336000000003,35806.451999999997,36943.163999999997
PSID_FULL:01580,PSID_FULL,1580,4b0fd634501f737bb68978c3a9d87a08131acc18a50ef78f0e594925071607ca,0,42,14,0,0,1,0,39185.336000000003,36701.612999999998,39898.618000000002
PSID_FULL:01581,PSID_FULL,1581,df3bfdca2788929b8268a8bdeaeb4e0b29e3d026ad587f522a01923568ac77fe,0,43,12,0,0,1,0,39185.336000000003,36701.612999999998,45809.523999999998
PSID_FULL:01582,PSID_FULL,1582,6a4ebd94ed0d0b93a72ade08b7715a54dea3a382aba675d64aeaff03af44c8e5,0,28,12,1,0,1,0,39185.336000000003,36776.805999999997,34726.574999999997
PSID_FULL:01583,PSID_FULL,1583,15d2b978fb62b8fe2ff1b2d16f36c864e1301066daabcf0bc28691c0771f2b68,0,54,15,0,0,1,0,39185.336000000003,37471.451999999997,39304.571000000004
PSID_FULL:01584,PSID_FULL,1584,b1b2de349bd42fe57c2a4d620e8a15ccef2a93248f302e99f8b9e310e549fa6b,0,42,16,0,0,1,0,39185.336000000003,37596.773999999998,47287.25
PSID_FULL:01585,PSID_FULL,1585,a1d017a0a66eebf3c790620de647085314acf026223b2dc2eaec28e0528eb1fb,0,34,16,0,0,1,0,39185.336000000003,37596.773999999998,39898.618000000002
PSID_FULL:01586,PSID_FULL,1586,c56696828b06d982289b2e453bd98620fcac36bb090ed81d6d8bdbd445c3b0f6,0,29,13,1,0,1,0,39185.336000000003,37596.773999999998,38420.891000000003
PSID_FULL:01587,PSID_FULL,1587,f2019078e838473916f188ac7b758fda6353a83920b18b07aea00dcc7c42035d,0,47,16,0,0,1,0,39185.336000000003,39387.097000000002,38420.891000000003
PSID_FULL:01588,PSID_FULL,1588,c84faa17d94ff6bc9e864d0fbadc278d437d8568917d0f4660440b24a0c34b83,0,33,16,0,0,1,0,39185.336000000003,39387.097000000002,44331.796999999999
PSID_FULL:01589,PSID_FULL,1589,cef304395bdaa14c1c442eeba7ebc3e0a3db39dda03435803ca61036e7491a4a,0,40,17,0,1,1,0,39185.336000000003,41177.419000000002,33987.711000000003
PSID_FULL:01590,PSID_FULL,1590,cef304395bdaa14c1c442eeba7ebc3e0a3db39dda03435803ca61036e7491a4a,0,40,17,0,1,1,0,39185.336000000003,41177.419000000002,33987.711000000003
PSID_FULL:01591,PSID_FULL,1591,208a48c0a6266d2c219e1f8ac134f0f77cb58c864026f95d54ee62128291c696,0,45,14,0,0,1,0,39185.336000000003,42538.065000000002,36943.163999999997
PSID_FULL:01592,PSID_FULL,1592,a9e8404cc57c690fdc2d3e4aaeb7d840cf49f8a294a7533fc097e87fe57b0d6f,0,31,16,0,0,1,0,39185.336000000003,42967.741999999998,76841.782000000007
PSID_FULL:01593,PSID_FULL,1593,dc8d1051e868e845b3470cca0d5a59a48ddf27926b2241e7bd7c74ed3eb23132,0,32,12,0,0,1,0,39185.336000000003,42967.741999999998,41376.343999999997
PSID_FULL:01594,PSID_FULL,1594,539912c4a1b44fbbc5fbe34d44dd108a797d0e135d9c6409620605205191bb24,0,27,17,0,0,1,0,39185.336000000003,44758.065000000002,29554.530999999999
PSID_FULL:01595,PSID_FULL,1595,c99d9a128466092a02ad98ca8c6d679d35436c8e251b3e7f78cbcdb12d9ec421,0,44,17,0,0,1,0,39185.336000000003,44758.065000000002,51720.43
PSID_FULL:01596,PSID_FULL,1596,7ac98b55458d61d8004a94b1162b99578a65c10d38e3d60d59108a900ae84949,0,38,17,0,0,1,0,39185.336000000003,48338.709999999999,47287.25
PSID_FULL:01597,PSID_FULL,1597,b0998eccf8b98a3b757bcaca60f73e1ca017f7df8cbc2c5fe536003389d493e1,0,27,17,0,0,0,0,40164.968999999997,41177.419000000002,44331.796999999999
PSID_FULL:01598,PSID_FULL,1598,09b094fadf94d2faa9e1b157fbb9fac411852f38771420076f0f185a0f6f0c8a,0,38,12,1,0,1,0,40570.538,10741.934999999999,27190.169000000002
PSID_FULL:01599,PSID_FULL,1599,891c1735464c20fe3b0af8b160b7b1ef2c9684ba93a596251bc1580ff3f9ce24,0,39,17,0,0,1,0,40752.749000000003,0,0
PSID_FULL:01600,PSID_FULL,1600,a65403a796f8ce2aa5e9a895e92b285aa3a376ac9df684c6aa818cd4009ef215,0,46,14,0,0,1,0,41144.603000000003,30256.452000000001,35465.438000000002
PSID_FULL:01601,PSID_FULL,1601,b4adc305ad5651d786296d18952cd9466663d35d1c7077291a2b5d879c6ef096,0,25,17,0,0,1,0,41144.603000000003,35806.451999999997,38420.891000000003
PSID_FULL:01602,PSID_FULL,1602,9527f02a38a6eb6561529c9c0ccc04b1342a25456db860efcc0f9e0cb6b3c0d2,0,52,12,0,0,1,0,41144.603000000003,37596.773999999998,36943.163999999997
PSID_FULL:01603,PSID_FULL,1603,44f0f4ab8ea6326dae36b76f89bec2349d23e10a79be9c0779d55d2cddfe9bd5,0,35,15,0,0,1,0,41144.603000000003,39387.097000000002,35465.438000000002
PSID_FULL:01604,PSID_FULL,1604,08ea29b5ee54e8027ee930423728db4a12bd8c9b1359d3f2f74b1a7cd12cd896,0,53,12,0,0,1,0,41144.603000000003,42967.741999999998,39898.618000000002
PSID_FULL:01605,PSID_FULL,1605,b67c85b52fef93efbfdc3d40da92af2167f463776a19f53677c97ab7ca598e70,0,33,16,0,0,1,0,41144.603000000003,42967.741999999998,41080.798999999999
PSID_FULL:01606,PSID_FULL,1606,4f380f18ef1d24432dd1112cf9244ea81208d635b46b2a42403d2c1d4c283579,0,30,16,0,0,1,0,41144.603000000003,42967.741999999998,47287.25
PSID_FULL:01607,PSID_FULL,1607,c6e6b01e8e4a3a758c5eee7ebe0d8c7131e80e67f49903c5c934aa12207d8356,0,51,16,0,0,1,0,41144.603000000003,44758.065000000002,48764.976999999999
PSID_FULL:01608,PSID_FULL,1608,06a55eba2ffdd7a9f19c74ec71e48d5b8b262a67c81945620950e80c9b4ab891,0,36,12,1,0,1,0,41732.383000000002,37596.773999999998,31032.258000000002
PSID_FULL:01609,PSID_FULL,1609,db811decb6a3e7262af45560dbdddbba015cf9e6cddfdf874da83e51f8c76a83,0,33,13,0,0,1,0,41732.383000000002,47264.516000000003,51073.186000000002
PSID_FULL:01610,PSID_FULL,1610,9e3256c0339f2b33bafc92c33a24b92d082ee8590a77db1aa3b60d189d88f398,0,50,17,0,0,1,0,42124.235999999997,0,70930.876000000004
PSID_FULL:01611,PSID_FULL,1611,9e7c6e0722135064c191e94b4751d2a8309a6424812394ad3d7697598a8fa54e,0,47,16,0,0,1,0,42124.235999999997,41177.419000000002,44331.796999999999
PSID_FULL:01612,PSID_FULL,1612,d3b2e582330ec7c1415f786e452c5026a6b8c105e93c8e7e71d8cd6aa6754f6f,0,36,14,0,0,1,0,42124.235999999997,42072.580999999998,41376.343999999997
PSID_FULL:01613,PSID_FULL,1613,6117afde03ddb99dfc216cbc5a073c8b8a50ab50ad35c944609f56f867807ad4,0,48,12,0,0,1,0,42124.235999999997,42967.741999999998,36943.163999999997
PSID_FULL:01614,PSID_FULL,1614,6117afde03ddb99dfc216cbc5a073c8b8a50ab50ad35c944609f56f867807ad4,0,48,12,0,0,1,0,42124.235999999997,42967.741999999998,36943.163999999997
PSID_FULL:01615,PSID_FULL,1615,a2ed1f18f6482f09edb053b52a081ddbd51c14c06fdb1d5865e991d74d0174e7,0,48,17,0,0,1,0,42294.692000000003,41177.419000000002,41376.343999999997
PSID_FULL:01616,PSID_FULL,1616,8cf1272f5d849a8012a833a5edd179f0994bf4568c20173085c172027aeb5684,0,37,17,0,0,1,0,42712.016000000003,43862.902999999998,31032.258000000002
PSID_FULL:01617,PSID_FULL,1617,581b5dfa3b3e5e15d6a19ecb19b70d7c19efa9b30080b7de1e740c3e908e0882,0,50,17,0,0,1,0,42907.942999999999,44758.065000000002,39898.618000000002
PSID_FULL:01618,PSID_FULL,1618,e3d4206b470c31dd0694267beb3dbfbcf8c2301b526aa3821cd24ceea9abc0c7,0,34,16,0,0,1,0,43103.870000000003,21304.839,20688.171999999999
PSID_FULL:01619,PSID_FULL,1619,4e1727684c7e0e42ae932a624082c88b797e2eef38d3542269e4fe6740388c67,0,30,12,1,0,1,0,43103.870000000003,21483.870999999999,26599.078000000001
PSID_FULL:01620,PSID_FULL,1620,d89e3077507c4999840abac02451f06f0926ea920cf6e637ee2053fea50c3270,0,28,16,0,0,1,0,43103.870000000003,32225.806,38420.891000000003
PSID_FULL:01621,PSID_FULL,1621,eebc067a0520c1e9600bbfde983ef76657c29cfcab16456cb6cb88e7f00e946f,0,37,12,0,0,0,0,43103.870000000003,32225.806,32509.985000000001
PSID_FULL:01622,PSID_FULL,1622,7a29cf4963259e1c6ad66ef94e9cabde8552ec171681adc73020c720afe73347,0,46,12,0,0,1,0,43103.870000000003,35806.451999999997,31032.258000000002
PSID_FULL:01623,PSID_FULL,1623,5da84bc333cefa5a33edf36c95bbb5a384426d52cc9be52d79fbcc4f019b5ed6,0,32,12,0,1,1,0,43103.870000000003,37596.773999999998,38420.891000000003
PSID_FULL:01624,PSID_FULL,1624,30fbb41f2f5aaa46481ffa1762d894ed9481b2d0c5d2d0b91a43ebb9fcea0434,0,29,12,0,0,0,0,43103.870000000003,37596.773999999998,50242.703999999998
PSID_FULL:01625,PSID_FULL,1625,9b38d5499e0bab7b7f1321725405be19d9165565cb7e03d6b86d7d9230242008,0,40,16,0,0,1,0,43103.870000000003,39387.097000000002,45809.523999999998
PSID_FULL:01626,PSID_FULL,1626,aff08061f33430a6d8e984719238e9e12b1eff2042331d050e26b070f8a7bc6c,0,44,15,0,0,1,0,43103.870000000003,39387.097000000002,51232.779999999999
PSID_FULL:01627,PSID_FULL,1627,9d3706f66e898b3c48c457b3bbb6ce9a1e9b6693cc8ceb41f58895c1c26f8a1a,0,38,12,0,0,1,0,43103.870000000003,41177.419000000002,36943.163999999997
PSID_FULL:01628,PSID_FULL,1628,b16a91a640f297b11336f979c4f9a2e440f2d66f52b09643aab0810713da927d,0,51,12,0,0,1,0,43103.870000000003,41356.451999999997,7388.6328999999996
PSID_FULL:01629,PSID_FULL,1629,b78a6b14f281be569581e950a92078da267f9da4f895ca0d47cfffd3f1464cbe,0,33,17,0,0,1,0,43103.870000000003,43236.290000000001,40415.822
PSID_FULL:01630,PSID_FULL,1630,bddd1f9e824296f12eb12af64441acaf5639e10b8e31f1af4317eb66d87f4a05,0,31,16,0,0,0,0,43103.870000000003,44364.194000000003,54675.883000000002
PSID_FULL:01631,PSID_FULL,1631,33bbb320b759ae1887219817b3b3e0b753e7b5501659c11c61fca4e9283b252b,0,43,17,0,0,1,0,43103.870000000003,44758.065000000002,41376.343999999997
PSID_FULL:01632,PSID_FULL,1632,5b413a709f81874d7adf157d8a9440a982e2336ffa3fcafe6e22d5c95ee04ecb,0,45,16,0,0,1,0,43103.870000000003,48338.709999999999,59109.063000000002
PSID_FULL:01633,PSID_FULL,1633,997b351c044130bfa8dd6039958f9c5881dc447dbc6656715edd35f2850ea3e4,0,33,17,0,0,1,0,43566.256999999998,42967.741999999998,40785.252999999997
PSID_FULL:01634,PSID_FULL,1634,a58c85b09af3a7fb83e7f5c625e2cb47363082dd83d555397d81b1dfe42f32f5,0,25,12,0,0,1,0,43691.650000000001,30435.484,33987.711000000003
PSID_FULL:01635,PSID_FULL,1635,894c699fbee2cb4523e13ba27fee97abed069a1c46a5c5f284a7d0d50586c60b,0,51,12,0,0,1,0,44083.502999999997,41177.419000000002,48764.976999999999
PSID_FULL:01636,PSID_FULL,1636,6b66c628745e218835deec87e2805f0a0e3b6eada55832bd72feb7213989b671,0,41,17,0,0,1,0,44083.502999999997,43862.902999999998,66497.695999999996
PSID_FULL:01637,PSID_FULL,1637,4f421ce850832a25944e98a66e651584deba9f13b5e41d40d3ab144518a16839,0,42,12,0,0,1,0,44475.356,47232.290000000001,70930.876000000004
PSID_FULL:01638,PSID_FULL,1638,d81f20525fe377cbabb09a806f0a8df7c2e62b9730a0fc48d37c308c531c9925,0,37,13,0,0,1,0,45063.135999999999,35806.451999999997,27337.941999999999
PSID_FULL:01639,PSID_FULL,1639,166d8e3155f21e0dc261297b5bcef3be01ba2bdf5386b6ea4d9bd02331e4ce87,0,29,17,0,0,1,0,45063.135999999999,35806.451999999997,0
PSID_FULL:01640,PSID_FULL,1640,dc1850ff9284dd7f19a452f41a2f1b76bb2dc3afa2c528edbc5b000935bf6e5c,0,37,15,0,1,1,0,45063.135999999999,39387.097000000002,45809.523999999998
PSID_FULL:01641,PSID_FULL,1641,24953b1ec9dbd66b465590839696ecbb8dd622c2c10807bec3a0e39549b11339,0,46,16,0,0,1,0,45063.135999999999,46011.290000000001,42854.071000000004
PSID_FULL:01642,PSID_FULL,1642,ded5e7e75e29f944f53dab8a13f2178871b51c811079ec4d29141c87550686ec,0,40,12,0,0,1,0,45063.135999999999,48338.709999999999,44331.796999999999
PSID_FULL:01643,PSID_FULL,1643,4d93d6b80f3192bec37e426a76d72749da40b00880705e858a089fb6fb00aa1e,0,46,17,0,0,1,0,45063.135999999999,57290.322999999997,36943.163999999997
PSID_FULL:01644,PSID_FULL,1644,17414047c4eb97d36ac16baf41d4f3f3631eb7c3353190a92224fd01c09c44ae,0,47,12,0,0,1,0,45063.135999999999,62661.290000000001,0
PSID_FULL:01645,PSID_FULL,1645,d0d47c690956c010f0c9bc64c571b05ab5f6a6068ed1ec4399ca3f0da75c3ef5,0,34,13,0,0,1,0,45846.843000000001,42072.580999999998,41376.343999999997
PSID_FULL:01646,PSID_FULL,1646,7cda87165015c6e5416223c4e00f0e55039628eae4df8517bc8bc3f323589c17,0,52,17,0,0,1,0,46042.769999999997,59080.644999999997,70930.876000000004
PSID_FULL:01647,PSID_FULL,1647,7cda87165015c6e5416223c4e00f0e55039628eae4df8517bc8bc3f323589c17,0,52,17,0,0,1,0,46042.769999999997,59080.644999999997,70930.876000000004
PSID_FULL:01648,PSID_FULL,1648,35241fab56daad252bab93c823cc0be316ea49813758f1e83c30ef7f172354d8,0,50,12,0,0,1,0,47022.402999999998,44758.065000000002,8866.3593999999994
PSID_FULL:01649,PSID_FULL,1649,b0f1d3253e088270e569da2e315e988adf6631617f5a59d94f23e05ab8e15c83,0,49,17,0,0,1,0,47022.402999999998,46548.387000000002,42854.071000000004
PSID_FULL:01650,PSID_FULL,1650,a9db0240756133a83989d45c5a8e3dce19f800dbb883f0474231dfff14c596b3,0,49,17,0,0,1,0,47022.402999999998,48338.709999999999,44331.796999999999
PSID_FULL:01651,PSID_FULL,1651,a9db0240756133a83989d45c5a8e3dce19f800dbb883f0474231dfff14c596b3,0,49,17,0,0,1,0,47022.402999999998,48338.709999999999,44331.796999999999
PSID_FULL:01652,PSID_FULL,1652,13fe46ecc8d31698ac249e6f14732d5cade597eaace7ad8e7df46b91d3118c54,0,53,12,0,0,1,0,47649.368999999999,47894.709999999999,50242.703999999998
PSID_FULL:01653,PSID_FULL,1653,285155d9e931ec93ccc94f6662b2947fe9f14a5af6a93a7392387c5778243e92,0,33,13,0,0,1,0,48981.669999999998,32225.806,0
PSID_FULL:01654,PSID_FULL,1654,06d183c3dc415fb8c98424a07b137b7f886e638722bbc13bf990598d10d83df1,0,54,15,0,0,1,0,48981.669999999998,35806.451999999997,88663.593999999997
PSID_FULL:01655,PSID_FULL,1655,06d183c3dc415fb8c98424a07b137b7f886e638722bbc13bf990598d10d83df1,0,54,15,0,0,1,0,48981.669999999998,35806.451999999997,88663.593999999997
PSID_FULL:01656,PSID_FULL,1656,ee6ed4985c00d69b8660f52a714d8e6648ad17c9eac2ec186c41212cd914a5b6,0,44,17,0,0,1,0,48981.669999999998,42967.741999999998,39898.618000000002
PSID_FULL:01657,PSID_FULL,1657,3bb8a4936507bed09ac1ae276441afab2863eb49eda2e27cdafdbb719dbc754f,0,37,17,0,0,1,0,48981.669999999998,44758.065000000002,44331.796999999999
PSID_FULL:01658,PSID_FULL,1658,234f0b00224dfe84d44fd53602f6bfede31bae1134c43f866656b710427da36e,0,55,16,0,0,1,0,48981.669999999998,46548.387000000002,47878.341
PSID_FULL:01659,PSID_FULL,1659,234f0b00224dfe84d44fd53602f6bfede31bae1134c43f866656b710427da36e,0,55,16,0,0,1,0,48981.669999999998,46548.387000000002,47878.341
PSID_FULL:01660,PSID_FULL,1660,90cb657cc386da61161b2cf3d35a3377393d47958b400e02e2d939fe08188327,0,37,17,0,0,1,0,48981.669999999998,46548.387000000002,49503.839999999997
PSID_FULL:01661,PSID_FULL,1661,84942206b186107ad5dc3c507481ece475b00d2000d0df55c93745f1997599a4,0,44,14,0,0,1,0,48981.669999999998,48338.709999999999,50242.703999999998
PSID_FULL:01662,PSID_FULL,1662,77fec99ee12b06a5f50f724f701a24b87a509222df606ff789f7d680b3fad251,0,41,13,0,0,1,0,48981.669999999998,48338.709999999999,38420.891000000003
PSID_FULL:01663,PSID_FULL,1663,4ab45d8785a4998c44261218dc6ed787442cd4428f78a7b1292ab7bf41d1ffc1,0,39,17,0,0,1,0,48981.669999999998,48338.709999999999,51720.43
PSID_FULL:01664,PSID_FULL,1664,1a3af9775f0fa6054f3241db2e05d5c1cdd8481033739cf29e452ae4f6d75af7,0,48,16,0,0,1,0,48981.669999999998,50129.031999999999,48764.976999999999
PSID_FULL:01665,PSID_FULL,1665,2a512a0b1ff51a6d736c870f1b9339879b291fb61891a4e514ac9e2ed834e58d,0,39,17,0,0,1,0,48981.669999999998,50129.031999999999,44331.796999999999
PSID_FULL:01666,PSID_FULL,1666,fbb535932917d92a77200e5885b9f9c5ac45ae8c1ad19b75f0d58ea2ae262212,0,45,12,0,0,1,0,48981.669999999998,50487.097000000002,46548.387000000002
PSID_FULL:01667,PSID_FULL,1667,ead3e2d9e603e5793484e728437f4660b4a4f25e98d55805b3c6636bbe26d186,0,26,16,0,0,1,0,48981.669999999998,53709.677000000003,45809.523999999998
PSID_FULL:01668,PSID_FULL,1668,d1365f4372218806524adfcb2b9e8477ae25b4b938b1d2e1eacebf16a432e4a6,0,34,16,0,0,1,0,48981.669999999998,62661.290000000001,54675.883000000002
PSID_FULL:01669,PSID_FULL,1669,8ccc05740311ecc5e594206ad0effb34045854858f0ca0c364a28dbfd28b21d9,0,47,16,0,0,1,0,48981.669999999998,62741.855000000003,65019.968999999997
PSID_FULL:01670,PSID_FULL,1670,4c6916be96aed780b5c729edb197c2c318a80c73cee812430d8a4ad53cfc2005,0,55,16,0,0,1,0,48981.669999999998,71612.903000000006,35110.783000000003
PSID_FULL:01671,PSID_FULL,1671,f0134df2e3077485b8aafebab21dc5ba0357a13629887c9b381b0b4d7bb8748d,0,37,16,0,0,1,0,49961.303,41177.419000000002,39898.618000000002
PSID_FULL:01672,PSID_FULL,1672,a687e2672803f200d4fc0c89c78b815df2695cc0f4fb133d7162c0e17e600aec,0,43,17,0,0,1,0,49961.303,48338.709999999999,51424.885000000002
PSID_FULL:01673,PSID_FULL,1673,0b5a1e2971aef0a6b07cda8a208e163b3fbebbd6c236af9e0ea0a1e8673a4390,0,43,16,0,0,1,0,49961.303,50129.031999999999,52969.108999999997
PSID_FULL:01674,PSID_FULL,1674,d1e7a48e8f61389c668edeb4da69661a989624281e47dbccbbcc8ccca5abefa3,0,33,17,0,0,1,0,50940.936999999998,39387.097000000002,46105.069000000003
PSID_FULL:01675,PSID_FULL,1675,705ceb320de1640060f1e0623d717d6a2332faecc3de7f6001283600eeddddfb,0,29,17,1,0,1,0,50940.936999999998,41177.419000000002,39603.072
PSID_FULL:01676,PSID_FULL,1676,ebea13abd72dfb6632ab4037c902eab54c00b2abc92808c36d923d9e63b0aed6,0,36,14,0,0,1,0,50940.936999999998,42967.741999999998,44331.796999999999
PSID_FULL:01677,PSID_FULL,1677,af55426770869a83687626612e1ff8c62737618560bf47b6986d687368f3ea7f,0,37,17,0,0,1,0,50940.936999999998,44758.065000000002,50242.703999999998
PSID_FULL:01678,PSID_FULL,1678,fd6e0b1973e1cfa16c4299769d8c86994a12609fe44bb2ba5678d13fe9b65991,0,44,12,0,0,1,0,50940.936999999998,44758.065000000002,41376.343999999997
PSID_FULL:01679,PSID_FULL,1679,27162a173f8f96933fa2deeef9e2b6b5968f8d7bca81539495ee1d63ea367425,0,42,17,0,0,0,0,50940.936999999998,50129.031999999999,48764.976999999999
PSID_FULL:01680,PSID_FULL,1680,1b0603ab02780749264d73f36612df99b95b0d460889d666950eeeff997bf533,0,47,16,0,0,1,0,50940.936999999998,53709.677000000003,54675.883000000002
PSID_FULL:01681,PSID_FULL,1681,57302ea3eb24e28016cac45efe667dc9c3c55d41396fa884d0becd3a7bc58e52,0,38,13,0,0,1,0,50940.936999999998,73403.225999999995,25121.351999999999
PSID_FULL:01682,PSID_FULL,1682,290b0939752681ef3611cea1255bdebbc454daf9362439a06de1cff628d3c141,0,28,16,0,0,1,0,51920.57,48875.805999999997,56153.610000000001
PSID_FULL:01683,PSID_FULL,1683,34b190102b8cf4bd7399c82f2644b27f33023c57f4b6dd1eb0133771e290084e,0,44,17,0,0,1,0,51920.57,56753.226000000002,53198.156999999999
PSID_FULL:01684,PSID_FULL,1684,8de23eadb467050d462adeb3df1e8318ea3baed34bbde043aeb368f3b821b04c,0,32,16,0,0,1,0,52900.203999999998,48338.709999999999,0
PSID_FULL:01685,PSID_FULL,1685,e41217f0d5e87daae76c8472cca0e38cfa8a0a1423b427b8f45d2d1e85f68bfa,0,47,17,0,0,1,0,52900.203999999998,49233.870999999999,54675.883000000002
PSID_FULL:01686,PSID_FULL,1686,489576408ffa06556420f98ff854739d8c5169c9108448cdbea156cb682d7611,0,28,16,0,0,1,0,52900.203999999998,59080.644999999997,36943.163999999997
PSID_FULL:01687,PSID_FULL,1687,87c7ab895223500539bdeeb068c74582559c3987c5b8696ea50aabd835fea38c,0,45,15,0,0,1,0,53879.837,51919.355000000003,45809.523999999998
PSID_FULL:01688,PSID_FULL,1688,37552d2ee7046bd40ac82b915a55b3d2aa7305caa837b9aad5d8602e6864d16e,0,52,16,0,0,1,0,53879.837,53709.677000000003,63837.788
PSID_FULL:01689,PSID_FULL,1689,0e06e10963264a9afea647b3a352710550011a90a35b640741f3419537082daa,0,32,12,0,0,1,0,54859.470000000001,39387.097000000002,40878.349999999999
PSID_FULL:01690,PSID_FULL,1690,91abfd6ac75b9292d541847d7f8959f4ea523107b0cb649251f5a054872517f9,0,33,17,0,0,1,0,54859.470000000001,46548.387000000002,76841.782000000007
PSID_FULL:01691,PSID_FULL,1691,1b2795ba6e93fca03ac3e82340db379eddbff5dd5621bbb1eb174fac2fbb92bb,0,41,17,0,0,1,0,54859.470000000001,52993.548000000003,50242.703999999998
PSID_FULL:01692,PSID_FULL,1692,132dd4b290b655c7bfee90d56d0444aa3c83764a48ac45d38dc61e660e92076b,0,42,16,0,0,1,0,54859.470000000001,53709.677000000003,53641.474999999999
PSID_FULL:01693,PSID_FULL,1693,00f1dc2bb3dc5b2eac44c1a91a34b8d4102943bda5e1fe04fd909be1295f87be,0,48,16,0,0,1,0,54859.470000000001,53709.677000000003,73886.328999999998
PSID_FULL:01694,PSID_FULL,1694,00f1dc2bb3dc5b2eac44c1a91a34b8d4102943bda5e1fe04fd909be1295f87be,0,48,16,0,0,1,0,54859.470000000001,53709.677000000003,73886.328999999998
PSID_FULL:01695,PSID_FULL,1695,091f4f149b8c6a06a5f3c56d3673b3487c3dbddb154c4a714675dfc86845c934,0,46,12,0,0,1,0,56818.737000000001,48338.709999999999,73886.328999999998
PSID_FULL:01696,PSID_FULL,1696,c5303fd27ef3c0b64279cf38597f183da072828b667f66e5ab3cfb1e2fab6a0f,0,48,14,0,0,1,0,56818.737000000001,57290.322999999997,57631.336000000003
PSID_FULL:01697,PSID_FULL,1697,28934884d8686dcf80916a0d39b81c2fa8f3884bb08b7040f75fc616a61056ee,0,47,14,0,0,1,0,58778.004000000001,26854.839,32509.985000000001
PSID_FULL:01698,PSID_FULL,1698,7f320d8305c2985eb5962c0f2eb8e83ade2714790dbb217962946fe5cff0253d,0,36,17,0,0,1,0,58778.004000000001,46548.387000000002,56153.610000000001
PSID_FULL:01699,PSID_FULL,1699,dfb8ff110303f13a16a2c2b28f470d939aaeb2e67613a52fb0de23a8663f8ce5,0,38,16,0,0,1,0,58778.004000000001,50129.031999999999,38420.891000000003
PSID_FULL:01700,PSID_FULL,1700,fa24102b8fdee6b03e7eced9b0cbd6db9bd9848628d9d454fb46b5318572bf5f,0,48,17,1,0,1,0,58778.004000000001,51842.370999999999,59109.063000000002
PSID_FULL:01701,PSID_FULL,1701,74d2c397acd62b484fc979ca771e6ac13542d98add887114f180e27ef6a63f31,0,44,17,0,0,1,0,58778.004000000001,53709.677000000003,53198.156999999999
PSID_FULL:01702,PSID_FULL,1702,4256aa1d850f607c27a6f6dceb9900a063eab4c6484b6c93b355c0defc158009,0,38,16,0,0,1,0,58778.004000000001,53709.677000000003,41376.343999999997
PSID_FULL:01703,PSID_FULL,1703,c679b39078557690ed5b008f9e49d59850ea74afa49a645aa55c31994dc74eb4,0,39,14,0,0,1,0,58778.004000000001,57290.322999999997,74625.191999999995
PSID_FULL:01704,PSID_FULL,1704,2c3b59120200438ed7e826da6ce49d928859ffb3f94f1fc18e49da0cab87a5e6,0,41,17,0,0,1,0,59385.377,59438.709999999999,82752.687999999995
PSID_FULL:01705,PSID_FULL,1705,1b27d175fba4f6d3d9006b1002e79b4cc418406a6de74aa5796345655b8b351f,0,47,16,0,0,1,0,60737.271000000001,60870.968000000001,78319.508000000002
PSID_FULL:01706,PSID_FULL,1706,1b27d175fba4f6d3d9006b1002e79b4cc418406a6de74aa5796345655b8b351f,0,47,16,0,0,1,0,60737.271000000001,60870.968000000001,78319.508000000002
PSID_FULL:01707,PSID_FULL,1707,42c4e4c495abe79e11a9d7830964dee675e8749f4c1e2dd6a9c505b84a7bfd7a,0,46,16,0,0,1,0,62696.538,57290.322999999997,63542.243000000002
PSID_FULL:01708,PSID_FULL,1708,8817f07a3c6d8294c0bf1d222f075e4a461f3ebb799ad8889303c5092e3556d0,0,30,13,0,0,1,0,62696.538,75193.547999999995,70930.876000000004
PSID_FULL:01709,PSID_FULL,1709,20da27f3a43e9a51ba3785d63d708feb6f019945b395bf5fba594cbe4562710a,0,52,17,0,0,1,0,63676.171000000002,60870.968000000001,59109.063000000002
PSID_FULL:01710,PSID_FULL,1710,0a2136f5e6cde278b1a5d6313f361998b64a0dadb6ae13ce2a2b364692025161,0,40,16,0,0,1,0,66615.070999999996,57290.322999999997,66497.695999999996
PSID_FULL:01711,PSID_FULL,1711,f51d09bf66bdfa9835684ef2c8709d52dc69e2012dbff8ff3f4d74a2e9700898,0,51,12,0,0,0,0,67594.705000000002,62661.290000000001,71669.739000000001
PSID_FULL:01712,PSID_FULL,1712,09bedd871f6d2a9d22313caf2e2c17181c14e73b0f0ad838cd1322c4b0eb78ba,0,47,17,0,0,1,0,68574.338000000003,38670.968000000001,0
PSID_FULL:01713,PSID_FULL,1713,8767e8d25e06cd7d23556e91cbb0c5df54e9a92adafdd02c3750e8c68a41ce29,0,53,16,0,0,1,0,68574.338000000003,39387.097000000002,67236.558999999994
PSID_FULL:01714,PSID_FULL,1714,9d642321c4150498848bdc823fc87b8f9b42d231d70ae3c08a72519352a5591d,0,48,16,0,0,1,0,68574.338000000003,59080.644999999997,62064.516000000003
PSID_FULL:01715,PSID_FULL,1715,9a6e57e5bea4f26d3bb23ec1f7b5fd17bd558f943ce7ab3a425ef379cea594ce,0,28,15,0,0,1,0,68574.338000000003,62661.290000000001,66497.695999999996
PSID_FULL:01716,PSID_FULL,1716,b071acdf24676894731247bc64ac67252009a7d3ca1315fdebaebe0138401195,0,42,17,0,0,1,0,68574.338000000003,64451.612999999998,62064.516000000003
PSID_FULL:01717,PSID_FULL,1717,4f5be7623de8c050356917a1c94e0dffb796f0218a0b8ff49b556e61fd957cec,0,47,16,0,0,1,0,68574.338000000003,71612.903000000006,73886.328999999998
PSID_FULL:01718,PSID_FULL,1718,b33f6d0c290b3cff8ef7582decd5008bd878f0dfa25fc3a5266fa923614ae175,0,50,14,0,0,1,0,70533.604999999996,29540.323,51720.43
PSID_FULL:01719,PSID_FULL,1719,140b95595daf3009931cd5c50ddc107886a69fd1b3820d4b7fb17f57afac9af3,0,49,12,0,0,1,0,72492.872000000003,71433.870999999999,0
PSID_FULL:01720,PSID_FULL,1720,3115613af72337f4cb1ad1dcaf65ab8d70f862d8f82da241a26a81df157f9489,0,48,15,0,0,1,0,73472.505000000005,71612.903000000006,85708.141000000003
PSID_FULL:01721,PSID_FULL,1721,cf0a8e08a9c722cec12726895dbaeb07a7326c69b51fec484de4a9af13dad7e1,0,51,17,0,0,1,0,74452.138000000006,0,0
PSID_FULL:01722,PSID_FULL,1722,48ea9e794123f1cf738244c1830ef24d9dac3e19809e024633e53c2d1fda1d3e,0,32,17,0,0,1,0,76411.404999999999,64451.612999999998,99007.679999999993
PSID_FULL:01723,PSID_FULL,1723,cbda31024ae1925cbdcf758f991c14b8b0fea3a6d77b6ac91f66eb7d9bfdeda1,0,47,16,0,0,1,0,78370.672000000006,78774.194000000003,97677.726999999999
PSID_FULL:01724,PSID_FULL,1724,819a1c08f5c1af0ff107ec53e730a8551ec221cebcf6201273d86c31372956f8,0,37,17,0,0,1,0,82289.206000000006,85040.323000000004,110829.49000000001
PSID_FULL:01725,PSID_FULL,1725,c1f27be085bd2771926e2c6f5c036b6d155ee8868a08d3a39bf7c2a85896103f,0,55,17,0,0,1,0,88167.005999999994,98467.741999999998,88663.593999999997
PSID_FULL:01726,PSID_FULL,1726,e46f2a5e0682f5a629dea675a9c20052a3170b01d7483a3a377908a031b5692d,0,49,16,0,0,1,0,94044.807000000001,98467.741999999998,73886.328999999998
PSID_FULL:01727,PSID_FULL,1727,a9de9797ff0eb5386647e96c056bd5ac739ef65b916338425c93add5973d15cc,0,50,16,0,0,1,0,97963.339999999997,34016.129000000001,33987.711000000003
PSID_FULL:01728,PSID_FULL,1728,01fd4e5cedfe2b5982f208ca8596b0c9db26d6d0d1802b54183875559a1d1992,0,28,16,0,0,1,0,97963.339999999997,89516.129000000001,70930.876000000004
PSID_FULL:01729,PSID_FULL,1729,21c508cf134fa2403101d3b1ac45e84a8ab5e53d6f21541ec11e2f5f630ab52b,0,42,16,0,0,1,0,103841.14,93096.774000000005,100485.41
PSID_FULL:01730,PSID_FULL,1730,acd566ade3302aae9fbe6ffe31d7d661642b6fdda12b5b7953f6cb3d834f239a,0,45,12,0,0,1,0,137148.67999999999,156653.23000000001,88663.593999999997
PSID_FULL:01731,PSID_FULL,1731,47005ba0f74a6f9d4f67c59a9feff36a9aeb5543d1045c399a6ea937c8ef6ddf,0,54,3,1,0,0,1,0,0,221.65898999999999
PSID_FULL:01732,PSID_FULL,1732,6196df6bc69969cc14083fe12403db1a48620d2b0ff18d09a3d0a570fd31312f,0,54,3,1,0,1,1,0,0,0
PSID_FULL:01733,PSID_FULL,1733,6196df6bc69969cc14083fe12403db1a48620d2b0ff18d09a3d0a570fd31312f,0,54,3,1,0,1,1,0,0,0
PSID_FULL:01734,PSID_FULL,1734,6196df6bc69969cc14083fe12403db1a48620d2b0ff18d09a3d0a570fd31312f,0,54,3,1,0,1,1,0,0,0
PSID_FULL:01735,PSID_FULL,1735,e4f4289303469a20680c766bf77d7757308e55e54a6dc95dd2ec90b3cc1c9be4,0,53,4,1,0,0,1,0,0,0
PSID_FULL:01736,PSID_FULL,1736,dc26dd0b9476e17c7624863ee513dc21c7e1ac7a9cc7dab96926acab13e9b216,0,51,4,1,0,1,1,0,0,0
PSID_FULL:01737,PSID_FULL,1737,d582a3a64bfb656f6332413a17fa6aea9bb6984614a872105191b2f6c8d12644,0,51,5,1,0,0,1,0,0,0
PSID_FULL:01738,PSID_FULL,1738,e476ad5fe7a6acb835ade95d13ef0cb069068df5fc6a4565e90bc0a6719d9500,0,46,6,1,0,1,1,0,0,0
PSID_FULL:01739,PSID_FULL,1739,86b6b63581974a328384aca6e968146ea6507b07b75b0a072a82769248b42b32,0,53,6,0,0,1,1,0,0,0
PSID_FULL:01740,PSID_FULL,1740,3fff18752660e5454ebb1fd0a17cf257e855a69f50ba559759c9b99574c6c401,0,41,6,1,0,1,1,0,0,0
PSID_FULL:01741,PSID_FULL,1741,901ce9411be1454d7a4fd5faade2b7f6a77425a2d5b7f74ea3df7ed2521fd77b,0,45,7,1,0,1,1,0,0,11821.813
PSID_FULL:01742,PSID_FULL,1742,0331d623c7d4792de8b9c8cf3bbdb2f854737ed4b777d83970ea3c74db0f43a4,0,53,7,0,1,0,1,0,0,0
PSID_FULL:01743,PSID_FULL,1743,fd34ccc00a83a6491d68d5d0dc29ef1c6d91c99065ad00c59d63768a4e3e937b,0,47,8,0,0,0,1,0,0,0
PSID_FULL:01744,PSID_FULL,1744,6dcec0c3677d5e21a3ed42b1049aecda9639d794a31aba758cbce0df24216ada,0,55,8,1,0,1,1,0,0,0
PSID_FULL:01745,PSID_FULL,1745,37bc13759aa403050aea8295f684df2c12338bc9933096d1ed6c9648704e6ee4,0,55,8,0,0,1,1,0,0,0
PSID_FULL:01746,PSID_FULL,1746,cfcf03577c3a3a275166962825f408743a8e9173c8b6d8c832c6fe3bc82b6e53,0,53,8,1,0,1,1,0,0,0
PSID_FULL:01747,PSID_FULL,1747,02205a776aea6b5e5ef9a73491c8d3694841c4fbc3bfa2029bba3628924a2044,0,41,8,0,0,1,1,0,0,0
PSID_FULL:01748,PSID_FULL,1748,4be25b5ce3b3e6be4a35f7b937958c7af425ca256dd7fea94ce87f1481c737e8,0,45,8,0,0,1,1,0,0,0
PSID_FULL:01749,PSID_FULL,1749,4c074631cf6f5b4d3bb3602942221c8ce2f0e8fe5163831a87c2b8983b62a6c7,0,45,9,1,0,1,1,0,0,0
PSID_FULL:01750,PSID_FULL,1750,3cb97fdb452aeb027c55aea947b7740ce3d6bcacc4b69a1069ab3081112f0c9c,0,46,9,0,1,1,1,0,0,0
PSID_FULL:01751,PSID_FULL,1751,d3f9f8edfe6acf0d22c569b0ac7157d9b8e34878b9218629ef82de1572063329,0,48,9,0,0,1,1,0,0,0
PSID_FULL:01752,PSID_FULL,1752,3cb97fdb452aeb027c55aea947b7740ce3d6bcacc4b69a1069ab3081112f0c9c,0,46,9,0,1,1,1,0,0,0
PSID_FULL:01753,PSID_FULL,1753,4c074631cf6f5b4d3bb3602942221c8ce2f0e8fe5163831a87c2b8983b62a6c7,0,45,9,1,0,1,1,0,0,0
PSID_FULL:01754,PSID_FULL,1754,3b0844c3cb99b977c325b8bc2d05cd90b1777a9fc064d775091ba746d4f56c01,0,54,9,0,0,1,1,0,0,0
PSID_FULL:01755,PSID_FULL,1755,d344567ac628be3331a600530d25224701d499a52f599ed40f23b12828334477,0,23,9,1,0,0,1,0,0,218.70353
PSID_FULL:01756,PSID_FULL,1756,5e56cd2127d8506273543211308b0f472cc65cf12c3a211945be3a52ef461ebf,0,40,10,0,1,1,1,0,0,0
PSID_FULL:01757,PSID_FULL,1757,fd24cb89cf5d8a203cda35937c9b2d57392ec5b2b19cf0088012a0aaad372eeb,0,54,10,1,0,1,1,0,0,0
PSID_FULL:01758,PSID_FULL,1758,fd24cb89cf5d8a203cda35937c9b2d57392ec5b2b19cf0088012a0aaad372eeb,0,54,10,1,0,1,1,0,0,0
PSID_FULL:01759,PSID_FULL,1759,451cfef3d2830ac5686f121e7a0a4f39b2bff3eef4ebc160783a6f477255bfa6,0,25,11,1,0,0,1,0,0,3694.3164000000002
PSID_FULL:01760,PSID_FULL,1760,64340d9d28998e15e870bd30f1aa8c88a10ebd61f011d1716495e95911123f92,0,41,11,0,0,1,1,0,0,14481.719999999999
PSID_FULL:01761,PSID_FULL,1761,79af1123b30a7e01b5d34edad9c242f7d6f276c679c126978084d56ef5354717,0,23,11,1,0,0,1,0,0,0
PSID_FULL:01762,PSID_FULL,1762,79af1123b30a7e01b5d34edad9c242f7d6f276c679c126978084d56ef5354717,0,23,11,1,0,0,1,0,0,0
PSID_FULL:01763,PSID_FULL,1763,e50c45c57c9c8da268ea180764fadf1c19592a8429c8b7e57f5373f8e02aeebf,0,52,8,0,0,1,1,0,0,0
PSID_FULL:01764,PSID_FULL,1764,622e47152d67045472296864968bdde2d51349cff473942492765eb9ab57c4b0,0,45,9,0,0,1,1,0,0,0
PSID_FULL:01765,PSID_FULL,1765,5d03d5a42d2e3fd9548d7f3e264fcf90464ea6c134778d2b86d7919623bab0f2,0,40,8,0,0,1,1,0,0,0
PSID_FULL:01766,PSID_FULL,1766,c140c054cca408840d2144b3a0fabb2aff89821cc1027eef4d87b0a7ce3f81eb,0,37,10,0,0,1,1,0,0,0
PSID_FULL:01767,PSID_FULL,1767,1db92b4cc1018da956fd5c16500ec29ebfe79fc62e6dacb19cc4617e3abe762f,0,48,11,0,0,1,1,0,0,11821.813
PSID_FULL:01768,PSID_FULL,1768,b52cf1f9e494901fac1de386adbb263c28c4b6cb6f203802fc06ca8434806fc4,0,36,9,0,0,1,1,0,0,0
PSID_FULL:01769,PSID_FULL,1769,a007d32e7285dc0e44bae99526ec10b7b6a65292b46c2afcc10ff4b500a1ca42,0,40,7,0,0,1,1,0,0,8866.3593999999994
PSID_FULL:01770,PSID_FULL,1770,a007d32e7285dc0e44bae99526ec10b7b6a65292b46c2afcc10ff4b500a1ca42,0,40,7,0,0,1,1,0,0,8866.3593999999994
PSID_FULL:01771,PSID_FULL,1771,2960d6069ad423f9d3a0e497f4c135e4bab1ff6da069f54b4328c9db92be3aea,0,38,11,0,0,1,1,0,0,0
PSID_FULL:01772,PSID_FULL,1772,153f1303c47ae3d4a05647be0b791bce492b63fbafb7c106220dbdc1dd4e13cc,0,53,7,0,0,1,1,0,0,0
PSID_FULL:01773,PSID_FULL,1773,8d6e5cbf7caf4d30d6c2cbf8562badebd864bd81ef43f34e54bd29b8f4b8c8d9,0,52,10,1,0,1,1,0,0,0
PSID_FULL:01774,PSID_FULL,1774,f1712ddab00cbd66da7e3c8566f97eb59cf44bf4fe9d5fbb144de9e0856ef792,0,52,7,0,0,1,1,0,0,0
PSID_FULL:01775,PSID_FULL,1775,360dfa2967b63808686a699211b405a2b006cf68082cbf4a520ace7cd190b073,0,43,9,1,0,1,1,0,0,0
PSID_FULL:01776,PSID_FULL,1776,d891de627b63bb35ebb98a758f8781e6e5237c33d926af8849abb7d8f378532b,0,54,4,1,0,1,1,0,0,0
PSID_FULL:01777,PSID_FULL,1777,6338bf828c6b48ac8ca7da651f12206d410c641e1e49973022f29976ab3c3d22,0,46,6,0,0,1,1,0,0,0
PSID_FULL:01778,PSID_FULL,1778,5d03d5a42d2e3fd9548d7f3e264fcf90464ea6c134778d2b86d7919623bab0f2,0,40,8,0,0,1,1,0,0,0
PSID_FULL:01779,PSID_FULL,1779,79e76ace9ed2e530c89508fb1a154d0e4fe17e486fca28ae626436912d721c05,0,53,8,0,0,1,1,0,0,0
PSID_FULL:01780,PSID_FULL,1780,e16a2b5783543ca01f7ee2b3e129627607c2468b28740125991e3fec978de086,0,50,11,0,0,1,1,0,0,10344.085999999999
PSID_FULL:01781,PSID_FULL,1781,42d678406f58cad3673022141af95392a9d905a395a19dfe61889873a89cf41e,0,33,11,0,0,1,1,0,0,0
PSID_FULL:01782,PSID_FULL,1782,42d678406f58cad3673022141af95392a9d905a395a19dfe61889873a89cf41e,0,33,11,0,0,1,1,0,0,0
PSID_FULL:01783,PSID_FULL,1783,e50c45c57c9c8da268ea180764fadf1c19592a8429c8b7e57f5373f8e02aeebf,0,52,8,0,0,1,1,0,0,0
PSID_FULL:01784,PSID_FULL,1784,c7f29001a7b833f0787a70e904be2d1ca8d016ed6a2479bc9ae6995dfd2cb854,0,49,4,1,0,1,1,0,0,0
PSID_FULL:01785,PSID_FULL,1785,2449d56c60051c97087a378fb8265d356992e8ee058c614c0f6de07f2ab75306,0,50,8,0,0,1,1,0,0,0
PSID_FULL:01786,PSID_FULL,1786,451b52389356f11c638f1931b03d1e0e8e17b991aa23c7897ea8af498f0bf939,0,41,8,0,0,1,1,0,0,7093.0875999999998
PSID_FULL:01787,PSID_FULL,1787,dc0d9d5190066e48f5aa6bdb2dac57bb390593b50bd4588916e4b239f0ed2575,0,53,9,0,0,1,1,0,0,0
PSID_FULL:01788,PSID_FULL,1788,4b3d4ab023f1c6a5cfc163a41e90bf4b95696187d9d46c7ee2dc06153dfb44dd,0,48,11,0,0,0,1,0,0,0
PSID_FULL:01789,PSID_FULL,1789,abbae30bef4761a0adb051236e2f6d5f8d03819c5d00ebd07a90fb5f810fb9b7,0,31,9,0,0,1,1,0,0,0
PSID_FULL:01790,PSID_FULL,1790,5433c7c144a54578678360c2fe34cb34f779adb3601cbd349716c010ad6cf22f,0,42,8,0,0,1,1,0,0,0
PSID_FULL:01791,PSID_FULL,1791,df9464c920e6712d7efb1bab965a17f8f9ba2fe0bc01016a7810913124b4a221,0,54,10,0,0,1,1,0,0,0
PSID_FULL:01792,PSID_FULL,1792,743eef6f15543254634a56f298990b6e3972783c84cdd5789ff7d1d3ba6158df,0,50,10,0,0,1,1,0,0,0
PSID_FULL:01793,PSID_FULL,1793,244938df6b75c2e6a6e5e54e36f1d012709d665efd7455e62f93ac5e923d3577,0,48,6,0,1,1,1,0,0,0
PSID_FULL:01794,PSID_FULL,1794,ac97c0fa12aa6a50f21e42151d8c276439b87b8d9c736fd0e5c53c83edeebdba,0,22,9,0,0,1,1,0,0,16846.082999999999
PSID_FULL:01795,PSID_FULL,1795,02205a776aea6b5e5ef9a73491c8d3694841c4fbc3bfa2029bba3628924a2044,0,41,8,0,0,1,1,0,0,0
PSID_FULL:01796,PSID_FULL,1796,02205a776aea6b5e5ef9a73491c8d3694841c4fbc3bfa2029bba3628924a2044,0,41,8,0,0,1,1,0,0,0
PSID_FULL:01797,PSID_FULL,1797,9522c3449961a35c7fa4973524f6246c7666ff1c12054615b04e5b3d659d465b,0,45,9,0,0,1,1,0,313.30644999999998,4063.7480999999998
PSID_FULL:01798,PSID_FULL,1798,ec823cde6b73e72552ac77ecd436ec7a4062827941b013e4bdbb36912fff8c12,0,21,8,1,0,0,1,0,895.16129000000001,2305.2534999999998
PSID_FULL:01799,PSID_FULL,1799,a3b29028b06dcd7770135c75bef782395afbbc42c2fd1b0b8349eadf8fdee15e,0,46,8,0,0,1,1,0,8951.6129000000001,0
PSID_FULL:01800,PSID_FULL,1800,a3b29028b06dcd7770135c75bef782395afbbc42c2fd1b0b8349eadf8fdee15e,0,46,8,0,0,1,1,0,8951.6129000000001,0
PSID_FULL:01801,PSID_FULL,1801,edfa1cf05bb3a2e45a937b8812f622cf5fa18685609555fb8881deb9c7cf5096,0,21,11,1,0,0,1,0,9846.7741999999998,5615.3609999999999
PSID_FULL:01802,PSID_FULL,1802,8acae4d9c277289be9cedbc311c4bee04c388f88ce688cc42f989fac34014234,0,53,8,0,0,1,1,0,14322.581,0
PSID_FULL:01803,PSID_FULL,1803,e0b679ccc25c897963e461c8905326fed42a6b49ac06d3c956853e631bb61ecb,0,53,6,0,0,1,1,0,17187.097000000002,45809.523999999998
PSID_FULL:01804,PSID_FULL,1804,7508b61cfe7aa0690e43cc7dcb2006cb58264109cfcae4a745dd4302643d6b27,0,34,11,0,0,1,1,0,19693.547999999999,14777.266
PSID_FULL:01805,PSID_FULL,1805,5dd25f8703efadd953a9e64c9cf57472aeddbdac363d2d2077fbb0c7e3771e31,0,49,9,0,0,1,1,0,21483.870999999999,69453.149000000005
PSID_FULL:01806,PSID_FULL,1806,fe2d0029877e54c83c5e26b18a1ef4e46b9d807dfaa075c390164a73a5511064,0,28,11,0,0,1,1,0,62661.290000000001,118218.13
PSID_FULL:01807,PSID_FULL,1807,45505676b7af3f5a59eecf136da4cf6d6fa28384dac96a0af7e30808fd201d1b,0,43,3,1,0,1,1,17.633400999999999,0,0
PSID_FULL:01808,PSID_FULL,1808,638c5d3f3a8f014c4a33801b8e56d3722f70ccece3a2be3b8d3e1ea0ea660de4,0,52,6,1,0,1,1,235.11202,1246.0645,1477.7266
PSID_FULL:01809,PSID_FULL,1809,46347a3d8a492f0df3ede601254f1b984efc1765d9ad9ec2ede051dbecda355a,0,54,8,0,0,1,1,293.89001999999999,537.09676999999999,295.54530999999997
PSID_FULL:01810,PSID_FULL,1810,25b1acd21d09b3be4ba32bdf6d9b68fc0c1f2025ee12d4e6132ca0e19aa5df4a,0,52,7,1,0,0,1,293.89001999999999,5012.9031999999997,0
PSID_FULL:01811,PSID_FULL,1811,18a0927c744fb37eb6dca4c764868f70dfd6bd65e194961fa586ee028f3280bc,0,29,11,1,0,1,1,783.70672000000002,0,23643.625
PSID_FULL:01812,PSID_FULL,1812,3d595fa16af919f9b76331391acdc23860b448a7e961eb991e7ddaee1791bb83,0,37,9,0,0,0,1,940.44807000000003,3544.8386999999998,1152.6267
PSID_FULL:01813,PSID_FULL,1813,0c488e9446853a16e9543de920aed2105c93b519c4b48a55c3551f03a8c3f431,0,38,2,0,0,0,1,1077.5967000000001,6266.1289999999999,2955.4531000000002
PSID_FULL:01814,PSID_FULL,1814,d9bc5ce809745e412ddb23c7d4c67aa232f74b48ab34386138e4ed97e38c2bed,0,20,10,0,0,0,1,1381.2831000000001,3523.3548000000001,9309.6774000000005
PSID_FULL:01815,PSID_FULL,1815,07a23369a06fa4fe6b356b738ddb4bd15c8f73a3a801b8250b29eaa2348e5c7d,0,31,6,1,0,0,1,1410.6721,555,16059.932000000001
PSID_FULL:01816,PSID_FULL,1816,34341c7defc8fc487ef4905b4577b9b885af2664b1bb2bf8065abc56ef809224,0,23,10,1,0,0,1,1469.4501,5370.9677000000001,0
PSID_FULL:01817,PSID_FULL,1817,d695aa3ed41a09c3c596784fd033629d0773b37a2dc2d47862af26d406925bfb,0,19,11,1,0,0,1,1567.4133999999999,0,0
PSID_FULL:01818,PSID_FULL,1818,3e809c5cf548bd59c6736acfba4479c8b58cf53abfdddad2ce70638f14dd7b3a,0,20,11,0,0,1,1,1567.4133999999999,3222.5805999999998,2955.4531000000002
PSID_FULL:01819,PSID_FULL,1819,1d828519bd77e1ed9eb418b805f3d4ef846239ab02431009f297f56a4e324ec9,0,35,9,1,0,0,1,1567.4133999999999,5370.9677000000001,5910.9062999999996
PSID_FULL:01820,PSID_FULL,1820,4c844424e61b8eec4978d352196665c423c82b242c38ce67cc6bfa20c082b388,0,21,10,1,0,0,1,1567.4133999999999,8145.9677000000001,8275.2687999999998
PSID_FULL:01821,PSID_FULL,1821,bf5264d551a1dbde8c34f044fd00e123659b585b29b7ec22c8f0e329d8c51c90,0,41,8,1,0,1,1,1716.3177000000001,8378.7096999999994,7388.6328999999996
PSID_FULL:01822,PSID_FULL,1822,bf5264d551a1dbde8c34f044fd00e123659b585b29b7ec22c8f0e329d8c51c90,0,41,8,1,0,1,1,1716.3177000000001,8378.7096999999994,7388.6328999999996
PSID_FULL:01823,PSID_FULL,1823,b44f6778461512ed3337f9a71951c3e2d7ae0d8c30868808c7779b1cb5aa81fa,0,42,8,0,0,1,1,1763.3400999999999,0,8866.3593999999994
PSID_FULL:01824,PSID_FULL,1824,b44f6778461512ed3337f9a71951c3e2d7ae0d8c30868808c7779b1cb5aa81fa,0,42,8,0,0,1,1,1763.3400999999999,0,8866.3593999999994
PSID_FULL:01825,PSID_FULL,1825,374323a0fb79c5238e984e74ae7bde1f18920d22e61fb573ded0e80665ceee8f,0,20,8,1,0,0,1,1880.8960999999999,3652.2581,1018.1536
PSID_FULL:01826,PSID_FULL,1826,7b0c0dee9ff8c86879e65b6040ad04d6a3579dba50d0d73225d354e417745276,0,30,9,1,0,0,1,1959.2668000000001,162.91935000000001,16809.139999999999
PSID_FULL:01827,PSID_FULL,1827,def3ab45c0c90c2b3938b3d319cf53e7fce4668389cb96984649412d2074e334,0,29,10,1,0,0,1,2037.6375,2685.4839000000002,0
PSID_FULL:01828,PSID_FULL,1828,4f1de915a6b11bc51349adb6560200a81e3efeff7d0f6d6430c9013b34c290e3,0,22,11,1,0,0,1,2351.1201999999998,0,879.24730999999997
PSID_FULL:01829,PSID_FULL,1829,b432bc8639b8aa762f69043321862added5bc030c4f1b1a28c2be20508ee67bc,0,25,10,1,0,0,1,2838.9776000000002,5370.9677000000001,11437.603999999999
PSID_FULL:01830,PSID_FULL,1830,6320c78d32aa2e8902894ec07a6de99f8f0d6589ad9f9cdf18af1d91b3a641e3,0,20,8,1,0,0,1,2938.9002,1838.6613,1226.5130999999999
PSID_FULL:01831,PSID_FULL,1831,e7d094528084873b4dade90243dc925a6a36d5cb8c3707c20dbea8bf3d9ff5de,0,55,7,0,0,0,1,2938.9002,8342.9032000000007,0
PSID_FULL:01832,PSID_FULL,1832,d9400a8adbfb6571b88bbe18bab4427f7cf07428884239814bd25e3518cd2fb4,0,20,10,0,0,0,1,2938.9002,8951.6129000000001,10344.085999999999
PSID_FULL:01833,PSID_FULL,1833,736c002dc4668b1b8c20efd42191eccfe214628619afd663cfb8741a214971b5,0,40,4,1,0,0,1,2962.4114,1933.5483999999999,1034.4086
PSID_FULL:01834,PSID_FULL,1834,a35b9bfcc65954c5479020ab4ee1cfbd008e2e042b68ab31e9ba67b07515555a,0,52,0,0,0,1,1,3134.8269,0,295.54530999999997
PSID_FULL:01835,PSID_FULL,1835,81302bd9dfee3c7fbc7045c71150ee76952429979ef5558753f2df6c3f2f39ef,0,22,9,1,0,0,1,3134.8269,4345.1129000000001,13299.539000000001
PSID_FULL:01836,PSID_FULL,1836,4761b8c3ec05e4809ee705a1c9525ce831c0e150b177fde432f300f58a065c3f,0,24,10,1,0,0,1,3152.4603000000002,3902.9032000000002,7447.7419
PSID_FULL:01837,PSID_FULL,1837,250ed2a6ad9c7a36d90a5779324ebf73a4344729d7c903192935a75ada5472d9,0,19,11,0,0,0,1,3221.0346,12532.258,14777.266
PSID_FULL:01838,PSID_FULL,1838,914284d23ea34969014d9e7890b4e261e2833b9d21760e66c9e81ae77fdfd1d0,0,51,7,0,0,1,1,3291.5682000000002,8951.6129000000001,0
PSID_FULL:01839,PSID_FULL,1839,948bb52f0eeec03eda1b334b24e511a15a1d21802a0644b7f09940867dedaab8,0,19,6,1,0,0,1,3526.6801999999998,0,0
PSID_FULL:01840,PSID_FULL,1840,837ed878b8a2bba25c57b433012e749660c72dbf971b1e5485fae2149b687355,0,50,10,1,0,1,1,3526.6801999999998,0,0
PSID_FULL:01841,PSID_FULL,1841,4137a41823b629b9e43b3716755ea0470b6cb9726c1c90aa3f7cdd31b1cae76b,0,23,11,0,1,0,1,3526.6801999999998,2685.4839000000002,8127.4961999999996
PSID_FULL:01842,PSID_FULL,1842,840f7d6ee666f9a96908cac79728ea2faef97289292e9b96dd85aa7824c858e9,0,38,3,1,0,1,1,3722.6069000000002,5729.0322999999999,17732.719000000001
PSID_FULL:01843,PSID_FULL,1843,840f7d6ee666f9a96908cac79728ea2faef97289292e9b96dd85aa7824c858e9,0,38,3,1,0,1,1,3722.6069000000002,5729.0322999999999,17732.719000000001
PSID_FULL:01844,PSID_FULL,1844,d1e6db7f0fbadb981afc157740dcc1b7fbcb9e7ff067059a1f9d2ac90a9461c2,0,20,11,0,0,0,1,3844.0814999999998,9846.7741999999998,13299.539000000001
PSID_FULL:01845,PSID_FULL,1845,7f7270dc150268b4371c6453e836c1e2b5b661711d7b989c25dd27b98dbd8dc0,0,43,10,1,0,1,1,3918.5336000000002,2148.3870999999999,0
PSID_FULL:01846,PSID_FULL,1846,850153a978b8d01379617036c172571c361c6ffca08df1bedb10aebb8f798c3a,0,30,6,1,0,1,1,3918.5336000000002,3401.6129000000001,4433.1796999999997
PSID_FULL:01847,PSID_FULL,1847,88b87af1b2327b2f0e8daec4166f50c9c2ff3bb23d3079d44ac697064df807a3,0,35,10,1,0,1,1,3918.5336000000002,3795.4839000000002,7802.3963000000003
PSID_FULL:01848,PSID_FULL,1848,88b87af1b2327b2f0e8daec4166f50c9c2ff3bb23d3079d44ac697064df807a3,0,35,10,1,0,1,1,3918.5336000000002,3795.4839000000002,7802.3963000000003
PSID_FULL:01849,PSID_FULL,1849,88b87af1b2327b2f0e8daec4166f50c9c2ff3bb23d3079d44ac697064df807a3,0,35,10,1,0,1,1,3918.5336000000002,3795.4839000000002,7802.3963000000003
PSID_FULL:01850,PSID_FULL,1850,8c833cb78f5a30500052d00c3395801af8ceec0677fa507f074212d3bf63f7b2,0,40,10,0,0,1,1,3918.5336000000002,4833.8710000000001,7248.2488000000003
PSID_FULL:01851,PSID_FULL,1851,728b58e89841057d2f2cc482c16cbbf360b2a6c1d800ab32880e8957969fcced,0,44,11,1,0,1,1,3918.5336000000002,5370.9677000000001,2955.4531000000002
PSID_FULL:01852,PSID_FULL,1852,b91bac0c53134f21c824fa795257380da5e28e7efea127754d31ce3b8b5074a0,0,23,10,1,0,0,1,3918.5336000000002,7161.2902999999997,6649.7695999999996
PSID_FULL:01853,PSID_FULL,1853,7fe3b012b66347483f9a5d58ff4b34e8f81a60ce0a09a9f75df6e944dafc16bd,0,41,8,1,0,1,1,3918.5336000000002,11171.612999999999,5910.9062999999996
PSID_FULL:01854,PSID_FULL,1854,8653e14aedf1edf4a33b11a2ca96213080e9a287d2db6aac61eed2d45c41901a,0,39,5,1,0,1,1,4051.7637,13427.419,14629.493
PSID_FULL:01855,PSID_FULL,1855,8653e14aedf1edf4a33b11a2ca96213080e9a287d2db6aac61eed2d45c41901a,0,39,5,1,0,1,1,4051.7637,13427.419,14629.493
PSID_FULL:01856,PSID_FULL,1856,8653e14aedf1edf4a33b11a2ca96213080e9a287d2db6aac61eed2d45c41901a,0,39,5,1,0,1,1,4051.7637,13427.419,14629.493
PSID_FULL:01857,PSID_FULL,1857,8cee860e462a3e6f16315ef3d03721038acb5246e469f24436d24a170524cd6d,0,25,11,1,0,0,1,4055.6822999999999,11637.097,0
PSID_FULL:01858,PSID_FULL,1858,7a281efd5413a195df307dfea036767ab64a77f771c7f576a5c607abcac0858e,0,19,11,0,0,0,1,4114.4602999999997,4654.8387000000002,8570.8140999999996
PSID_FULL:01859,PSID_FULL,1859,4a73929186868265b2061d55c85fffbaa6dc770daf48c79a6135759e89a5f86e,0,23,6,0,0,1,1,4114.4602999999997,7161.2902999999997,8127.4961999999996
PSID_FULL:01860,PSID_FULL,1860,725f154b1f57bbaaca7410b4bb1b4982d232689a3420c5334700f919e87cfd0b,0,38,9,1,0,1,1,4228.0977999999996,7941.8710000000001,11245.499
PSID_FULL:01861,PSID_FULL,1861,0b6902d047d1412f0478501646674884b9e75c6d1d64384e8c071a51cd5b2311,0,50,9,1,0,1,1,4333.8981999999996,7469.2258000000002,6383.7788
PSID_FULL:01862,PSID_FULL,1862,95b40f68849f411b228032c7eaa7988b57b8d0045e3420096202be3f18ea421c,0,18,11,0,0,0,1,4351.5316000000003,32270.564999999999,2364.3625000000002
PSID_FULL:01863,PSID_FULL,1863,58aa7a905c85b5ec0da94bb20380e7842643d2a053661640e6b2179ec2b751b0,0,22,11,1,0,1,1,4449.4948999999997,6187.3548000000001,14570.384
PSID_FULL:01864,PSID_FULL,1864,85c8c336db8e64be3e7644dd614d5ff49f6985da6fafd7ba305fb39901ada9b1,0,19,10,1,0,0,1,4702.2403000000004,3437.4194000000002,2364.3625000000002
PSID_FULL:01865,PSID_FULL,1865,131e06a4760b2f42717ca118ba1476a30511282e314e47ae877f9adaf82aa28c,0,25,10,1,0,1,1,4702.2403000000004,4282.4516000000003,4947.4286000000002
PSID_FULL:01866,PSID_FULL,1866,e9e389646669b594d611cacc51d4a2aa6bb66fc4fecb18f984d3ff3d8e8026a3,0,47,6,1,0,1,1,4702.2403000000004,4296.7741999999998,13481.299999999999
PSID_FULL:01867,PSID_FULL,1867,e71641ec7dcb7440bb9c727ac62afce8197c80dab894025bacb2d54ed89eb9d8,0,47,4,0,0,1,1,4702.2403000000004,8593.5483999999997,24641.091
PSID_FULL:01868,PSID_FULL,1868,023cf9234257629a77c2480ccad33375b2bccc97af2ad5a1aa2f38e215c16c16,0,51,7,0,0,1,1,4702.2403000000004,8951.6129000000001,11082.949000000001
PSID_FULL:01869,PSID_FULL,1869,6af8f36e9fbf4ef51857211e373c1207abf141cf4b6060e965d0a6905ec7db43,0,19,9,0,0,1,1,4858.9817000000003,6087.0968000000003,10639.630999999999
PSID_FULL:01870,PSID_FULL,1870,394879daa7161ed869db26a3c2d1b688119e4abe59ebdd265dbff84667858843,0,24,8,1,0,1,1,4898.1670000000004,5370.9677000000001,8127.4961999999996
PSID_FULL:01871,PSID_FULL,1871,6d0d5677a7b67e91ab48b93dd2c561e31f23810761e7e321c63449cf9c8c0fe4,0,19,10,0,0,0,1,5094.0937000000004,4296.7741999999998,14777.266
PSID_FULL:01872,PSID_FULL,1872,0c8404880885a52cd4f0836eca25d0a6432dc3a15ad8fbbaa975354a9f767da4,0,44,11,1,0,0,1,5172.4643999999998,6266.1289999999999,0
PSID_FULL:01873,PSID_FULL,1873,2695a9ba5231c0c4a576252b566093cbf00c29232888f6b5eaaab2b3bb45f9e4,0,52,8,0,0,1,1,5290.0204000000003,0,6797.5421999999999
PSID_FULL:01874,PSID_FULL,1874,fb86fbe1ee1dac74e83043c61e057bb2e42b15f66d00e54c8e858a44f5e70b2d,0,20,9,0,0,1,1,5387.9836999999998,8951.6129000000001,13299.539000000001
PSID_FULL:01875,PSID_FULL,1875,3296165dd7f04615a3b951b7361263b07c3cffc92ea00ab5678327d34a7e79ca,0,24,11,1,0,1,1,5427.1689999999999,0,1329.9539
PSID_FULL:01876,PSID_FULL,1876,687939d943c3b8a2367d6fffc609dd6503cf078f1d812097d62e6c650e0f8ae7,0,19,11,1,0,1,1,5485.9470000000001,7590.9677000000001,11348.940000000001
PSID_FULL:01877,PSID_FULL,1877,6a5b69c46c6a6d225c1f9d19e234bbdc0ac0651e441f8ede2f0d291f16887546,0,22,11,1,0,0,1,5485.9470000000001,13427.419,8866.3593999999994
PSID_FULL:01878,PSID_FULL,1878,64e204ce8ddbe6b83fc69d4b8e3fa78ff350fc0f809bd9bb40c913a9eabf510a,0,30,6,1,0,1,1,5681.8737000000001,0,0
PSID_FULL:01879,PSID_FULL,1879,7bed113fffcf0ae71807ffa5aadbbd31df14b7be6e8684af8b30a6417ef19a9e,0,50,10,1,0,1,1,5681.8737000000001,0,0
PSID_FULL:01880,PSID_FULL,1880,8db623b98a60c3f6a83508b6791ef80078444e9fe9378d673604e2f0475a639f,0,20,8,0,0,0,1,5681.8737000000001,3584.2258000000002,7240.8602000000001
PSID_FULL:01881,PSID_FULL,1881,9b3df0331ad57ab8396a2545e161a8effd624e26b011260148521f80302b016d,0,26,8,1,0,1,1,5681.8737000000001,4296.7741999999998,7093.0875999999998
PSID_FULL:01882,PSID_FULL,1882,7ca498400d26507d9416b8f5fce36e8f033ec68f2584ed33451bd552f3dc2e7f,0,46,6,1,0,0,1,5838.6151,9678.4838999999993,7873.3271999999997
PSID_FULL:01883,PSID_FULL,1883,c78c145edff378df03cdb499fba1f2e46892293ad350ae11d490355ab6f42fcb,0,38,10,1,0,1,1,5877.8004000000001,0,0
PSID_FULL:01884,PSID_FULL,1884,59033ec1bf341c0d50b7b1ae707ab77840ab93dfd2702fea80a9f0685458cdf0,0,25,8,0,0,1,1,5877.8004000000001,0,8866.3593999999994
PSID_FULL:01885,PSID_FULL,1885,d47a46f79724435a96ce4577a86cb72ea9469a4166ac0a59b1dd2f2b61960282,0,24,9,1,0,0,1,5877.8004000000001,5370.9677000000001,13299.539000000001
PSID_FULL:01886,PSID_FULL,1886,ffe20414dfedb9eab9fcabade7bc6e348f01d829816dd6a3ae6e879f10633521,0,55,3,1,0,1,1,5877.8004000000001,5370.9677000000001,4137.6343999999999
PSID_FULL:01887,PSID_FULL,1887,388900cb97cc4736c6a9edf6cd2bd67bd8cbae99a7a55ad761b37f2c29fd8784,0,40,5,1,0,1,1,5877.8004000000001,5370.9677000000001,22165.899000000001
PSID_FULL:01888,PSID_FULL,1888,00beb909c5e9808dddcd18511b256d0171c96d9f2f63a5cb28cf265401004e01,0,25,9,1,0,1,1,5877.8004000000001,6266.1289999999999,12560.675999999999
PSID_FULL:01889,PSID_FULL,1889,2445efa5a6f08480b553dafbc2a5816a11b902fc54aa80811f5619e707797511,0,43,7,1,0,1,1,5877.8004000000001,6815.7581,295.54530999999997
PSID_FULL:01890,PSID_FULL,1890,6032a27374b73d86d85ffacf494aef50b30d32e845f6ead86985fe5892dffa95,0,18,11,1,0,0,1,5877.8004000000001,6932.1289999999999,9457.4501
PSID_FULL:01891,PSID_FULL,1891,cd1b657428c63562acc99ed4f0f6268e5f4a051dad4d2c8b5d602a52452fb752,0,28,7,1,0,1,1,5877.8004000000001,8142.3870999999999,1477.7266
PSID_FULL:01892,PSID_FULL,1892,d9e39901f4b7f5cdb0a7802080baabc9b10d4aba3302a26750520eca5c247a9a,0,52,4,1,0,1,1,5877.8004000000001,11637.097,22165.899000000001
PSID_FULL:01893,PSID_FULL,1893,239dbec92b994de3eb60a89e2075321a0a338d46c8d45ca8043bf806c29595a9,0,22,8,1,0,1,1,5877.8004000000001,12030.968000000001,857.08141000000001
PSID_FULL:01894,PSID_FULL,1894,fb8ec546c44150a3aed4925edbd85c3d5ce0bb03c7a7e6f52d1a30bfbac8f815,0,34,7,1,0,1,1,5877.8004000000001,12532.258,14777.266
PSID_FULL:01895,PSID_FULL,1895,f1555df6abaefdd4d15fbf7943e8419eb0ecb6caefe0f312c77f0cb09cff1261,0,25,9,0,0,0,1,5877.8004000000001,13427.419,12117.358
PSID_FULL:01896,PSID_FULL,1896,10de63a06f933ddc0ae5fc069210391989d47235aee6b7e99e9284d10f2d09f6,0,43,10,0,0,1,1,5877.8004000000001,17903.225999999999,20688.171999999999
PSID_FULL:01897,PSID_FULL,1897,2d9a74aff8426cbca9044582f15365d6b5c5e3557eef5d81d6d44c56051efd17,0,31,9,1,0,1,1,6024.7453999999998,5621.6129000000001,10196.313
PSID_FULL:01898,PSID_FULL,1898,a35b2746fd64ebd578859ba016c2df17ba6665c173db32072f647c9b7ea8705d,0,27,8,1,0,0,1,6269.6538,6624.1935000000003,7388.6328999999996
PSID_FULL:01899,PSID_FULL,1899,a7e2aa0d64a653ef4410ac720239f15d33acbc41a532cb4ce5fb5a4f36670c6d,0,22,11,0,0,1,1,6442.0691999999999,5818.5483999999997,2216.5898999999999
PSID_FULL:01900,PSID_FULL,1900,83ef88bdc7bcccb4a67c6a66bfb83055f54e03b94d93b4d3f522434f80559ae8,0,32,11,1,0,1,1,6524.3585000000003,0,930.96774000000005
PSID_FULL:01901,PSID_FULL,1901,fe131b63313b5d339ee0fe571047b961b694934feb79f6fd0d498a28b0b756da,0,49,5,1,0,0,1,6583.1364999999996,5729.0322999999999,12560.675999999999
PSID_FULL:01902,PSID_FULL,1902,bee6b7102ab9fc08b5919b479d47140f06382efb604e84d2b3ddc527f7139070,0,55,8,0,0,1,1,6661.5070999999998,3820.5484000000001,4255.8525
PSID_FULL:01903,PSID_FULL,1903,071877a7039aece25e192f7d518261e95b8f1a4be2ef4a8b17d8c9025f4daa3d,0,20,11,0,0,1,1,6661.5070999999998,5370.9677000000001,1182.1813
PSID_FULL:01904,PSID_FULL,1904,13bed42abf1dc817a02e4238254fc8ea32d2c3a034e91037292905b4584fb5a5,0,33,8,1,0,1,1,6661.5070999999998,8579.2258000000002,9169.2934000000005
PSID_FULL:01905,PSID_FULL,1905,fb594332d2a32fcf72679391ae4fb2e2746879a3ae972a1aed4eade01a47bf8d,0,22,11,0,0,1,1,6802.5743000000002,1790.3226,7388.6328999999996
PSID_FULL:01906,PSID_FULL,1906,98771553ef7a23c7ad7661caa16f923b5c170018b86b1db7e625653838337223,0,26,8,1,0,1,1,6857.4337999999998,3580.6451999999999,1994.9309000000001
PSID_FULL:01907,PSID_FULL,1907,405d4a82a7c8f9e209b211d42e14b2efbdf3df59dbd1b4de40ae3cb1b1831b9c,0,20,10,1,0,1,1,6857.4337999999998,6831.8710000000001,9457.4501
PSID_FULL:01908,PSID_FULL,1908,9b95b0379133ba16da998ca43be6335cc6ca63cc72c515cb8a794dbe9bfd62b0,0,45,2,0,1,1,1,6857.4337999999998,7161.2902999999997,4433.1796999999997
PSID_FULL:01909,PSID_FULL,1909,f6f210855475a9439ce703dceb1a2c59cfe7eff47bff5418ee80f053dc6a7df2,0,45,8,1,0,1,1,6857.4337999999998,9537.0483999999997,9408.6851000000006
PSID_FULL:01910,PSID_FULL,1910,e7213e016fcf9788489f98abcaf5cca51c2f5245f8ca8301a75dee7754f5fe1d,0,33,11,1,0,1,1,6857.4337999999998,11637.097,0
PSID_FULL:01911,PSID_FULL,1911,1b59c37075057e85270783f95a65091dfdeff5d9fc113ff29af117ef8bd14a4b,0,41,3,1,0,1,1,6990.6639999999998,3222.5805999999998,9497.3487000000005
PSID_FULL:01912,PSID_FULL,1912,c9078c19da934b6141f0ce98f5a91048a83bf7376dd4fd47ae61d4a8aac3d978,0,25,7,1,0,1,1,7131.7312000000002,10741.934999999999,8866.3593999999994
PSID_FULL:01913,PSID_FULL,1913,118a48608366bdd08deb0b08f78d5454da5e4f5c5e9fee8165c3d50160adf69d,0,35,11,1,0,1,1,7335.4948999999997,8557.7419000000009,7388.6328999999996
PSID_FULL:01914,PSID_FULL,1914,118a48608366bdd08deb0b08f78d5454da5e4f5c5e9fee8165c3d50160adf69d,0,35,11,1,0,1,1,7335.4948999999997,8557.7419000000009,7388.6328999999996
PSID_FULL:01915,PSID_FULL,1915,cd59761833e92bbef56ea7b9bef75e7130294c20f87cdefce3b24862ddd73e33,0,29,10,0,0,1,1,7347.2505000000001,0,0
PSID_FULL:01916,PSID_FULL,1916,cf7028df90683c92370af828c0e1ed3e94a65c1ae4c65038a9538c3187a21002,0,41,4,1,0,0,1,7494.1954999999998,5370.9677000000001,5910.9062999999996
PSID_FULL:01917,PSID_FULL,1917,947b853d8d3d6659a80adbd7cb58eb12b3b2a52814d8450ac205dfc71c9b3389,0,36,6,1,0,0,1,7494.1954999999998,7447.7419,4433.1796999999997
PSID_FULL:01918,PSID_FULL,1918,b1da31c19c73a3dce386b3b6679be885c57d638c91894e7ac09e65547d3d7925,0,52,5,1,0,1,1,7523.5844999999999,4296.7741999999998,2216.5898999999999
PSID_FULL:01919,PSID_FULL,1919,b1da31c19c73a3dce386b3b6679be885c57d638c91894e7ac09e65547d3d7925,0,52,5,1,0,1,1,7523.5844999999999,4296.7741999999998,2216.5898999999999
PSID_FULL:01920,PSID_FULL,1920,29c6821c1dc26a9251d971301bc8f5c4b7fc8d41bfbc2bc68c0f00524a1dbbaa,0,41,10,0,1,1,1,7562.7699000000002,9134.2258000000002,11821.813
PSID_FULL:01921,PSID_FULL,1921,d1d33af3ac764093a1a5b3d4cfa1858e91cbe8d08b8766559c808f79e45e25f4,0,29,10,1,0,1,1,7641.1405000000004,8122.6935000000003,5910.9062999999996
PSID_FULL:01922,PSID_FULL,1922,d2ded6481ed23602a5ef0848c8bc5ad64aa123f44b8fffa0c5c6a0695ebe3dd4,0,42,10,1,0,0,1,7837.0672000000004,1718.7097000000001,0
PSID_FULL:01923,PSID_FULL,1923,c3e8b61ecf02afb1c2ee75bfd90dc8ebd47a5b9af365680f7a9cad965f567e77,0,22,11,1,0,1,1,7837.0672000000004,5012.9031999999997,3694.3164000000002
PSID_FULL:01924,PSID_FULL,1924,d232c25b3c47224676d0fb658e8032bac725e6c32c0ff0ef8cc07ba6b769f830,0,27,11,1,0,1,1,7837.0672000000004,5370.9677000000001,7388.6328999999996
PSID_FULL:01925,PSID_FULL,1925,84203ffb806e21f686d1dd52b8a413fde005af652fa05cb93649cc46e1f96b31,0,42,5,1,0,1,1,7837.0672000000004,7161.2902999999997,14777.266
PSID_FULL:01926,PSID_FULL,1926,84203ffb806e21f686d1dd52b8a413fde005af652fa05cb93649cc46e1f96b31,0,42,5,1,0,1,1,7837.0672000000004,7161.2902999999997,14777.266
PSID_FULL:01927,PSID_FULL,1927,63769e0aa75b50fd841dc6cb768e7cae9886eaedb525017dab1b7ddfa9ca770a,0,49,5,0,0,1,1,7837.0672000000004,8056.4516000000003,11821.813
PSID_FULL:01928,PSID_FULL,1928,b65e70853844a9271b06b1fe133be28835aea52891ff41c4c974a25ce98ba620,0,28,9,1,0,1,1,7837.0672000000004,8235.4838999999993,8718.5867999999991
PSID_FULL:01929,PSID_FULL,1929,2e229b942349b6b7c5de502677f0db0c51c2f020be93103aa0420309b4da8e08,0,45,9,1,0,1,1,7837.0672000000004,8951.6129000000001,8866.3593999999994
PSID_FULL:01930,PSID_FULL,1930,7e5eeb1a7d0317be477fcbba8c4f11d5bc269bd651525a8337dae2d9322e7f7f,0,45,6,1,0,1,1,7837.0672000000004,8951.6129000000001,9605.2227000000003
PSID_FULL:01931,PSID_FULL,1931,14fe32eca2f12d033a0e95b36937d91f010c2c7b2c982a38c7dca2aec938e71a,0,39,8,0,0,1,1,7837.0672000000004,9846.7741999999998,0
PSID_FULL:01932,PSID_FULL,1932,3489679bdd9df0b93a9c5f9537621aef44b7fbfddcaa1cbc439cb1d7040332c3,0,34,9,1,0,1,1,7837.0672000000004,11211,12037.561
PSID_FULL:01933,PSID_FULL,1933,1b184c841b415c7c677f71ead720ac33d36c98a71df2a1c1399bd1363f3f2e84,0,22,11,0,0,1,1,7837.0672000000004,13964.516,15072.811
PSID_FULL:01934,PSID_FULL,1934,cbacf57fae11e09c7da5d31665ea4721729cf047996655dcd01f852159bbe70b,0,32,10,0,0,1,1,7837.0672000000004,16112.903,11082.949000000001
PSID_FULL:01935,PSID_FULL,1935,9eb343e70801e7a83c89d695b84821621ee73cd0352180ec477e160f9f20bfc4,0,49,5,1,0,1,1,7944.8269,7698.3870999999999,11993.228999999999
PSID_FULL:01936,PSID_FULL,1936,6419599f60e40aba3db2d5d5846e05182f9d00e4a2acafc8a37b0740acff3350,0,27,7,1,0,1,1,7954.6232,7161.2902999999997,5910.9062999999996
PSID_FULL:01937,PSID_FULL,1937,338163f1a9e451d3638e4cfaece46ae774c626b88b1cc50b7fb0369d79586210,0,21,11,1,0,1,1,8032.9939000000004,4848.1935000000003,8570.8140999999996
PSID_FULL:01938,PSID_FULL,1938,0ac75254e91e2ebbf2b321f5e22505afe212b639d8a209669a097f691e4b2e47,0,40,11,0,0,1,1,8072.1791999999996,0,1477.7266
PSID_FULL:01939,PSID_FULL,1939,b5d37531ae5aef466cfd34696a70a6a3d1b01d77d59bf53aefa4b481fc2d55cd,0,26,8,0,0,1,1,8150.5499,7447.7419,9900.768
PSID_FULL:01940,PSID_FULL,1940,3a17a18a7950c6468a0a247f800beaa4972b6f1245c6b522318cda3cc6a8352b,0,33,10,0,0,1,1,8272.0244000000002,2619.2419,0
PSID_FULL:01941,PSID_FULL,1941,2936de052083d2da033e8ae36b78183c99bb0411f9d289011ed3eb8b73531a7d,0,54,6,1,0,1,1,8354.3135999999995,0,0
PSID_FULL:01942,PSID_FULL,1942,ff5981ff6baef352589909798b4ee14b08c5bcd69facf07d079cc39802bef176,0,40,9,1,0,1,1,8424.8472999999994,6572.2741999999998,8866.3593999999994
PSID_FULL:01943,PSID_FULL,1943,9f5c1a9577b36317544479d2229e786d7ec373e470bb913de7b231ed7cd3d3bd,0,27,8,0,0,1,1,8424.8472999999994,7698.3870999999999,15072.811
PSID_FULL:01944,PSID_FULL,1944,839057b8aa18dd37d59a5e4be3ee5cb356f1bd5c24d58fc8203c5669a3adce0e,0,41,5,1,0,1,1,8424.8472999999994,10741.934999999999,8689.0323000000008
PSID_FULL:01945,PSID_FULL,1945,ce3b153e38dfb98bd5f248b884b41d0ddb419271cb23caa7004b242d094a386f,0,29,10,1,0,1,1,8464.0326000000005,8325,23643.625
PSID_FULL:01946,PSID_FULL,1946,3ecbb42bc0bedb07ffb6c8e51e982ded76953641b4fa54f984e3a2dddb07887c,0,29,10,1,0,1,1,8659.9593000000004,10892.323,51.72043
PSID_FULL:01947,PSID_FULL,1947,0a5ae152fdfbbe6ef572e2cfa0479932859cb0859482cc998c9e548cc735b1f2,0,26,10,1,0,1,1,8816.7006000000001,0,7388.6328999999996
PSID_FULL:01948,PSID_FULL,1948,a364816ae4b1637279fd5f7f6a9afe9c6b0fc07f80185225368cbc61413410c4,0,25,10,0,1,1,1,8816.7006000000001,8056.4516000000003,13299.539000000001
PSID_FULL:01949,PSID_FULL,1949,ec6a5b24d3b4dd24d4ceed087ccf3362b4a404fcb4eadb1209bd1c78c3545747,0,40,8,1,0,1,1,8816.7006000000001,8056.4516000000003,7184.7066000000004
PSID_FULL:01950,PSID_FULL,1950,a68687d244787bd259b498d7b3a75735dc1e27e966b906c3b669392f813ad96b,0,40,7,1,0,1,1,8816.7006000000001,8951.6129000000001,11821.813
PSID_FULL:01951,PSID_FULL,1951,2660d2eebe5252a407f94a56413b5949ab24f996ec73176d0c561edd24d97b00,0,49,7,1,0,0,1,8816.7006000000001,11270.081,8969.8003000000008
PSID_FULL:01952,PSID_FULL,1952,68d7c6aa1986ace4dc590e9b9dd75f8ce058f6c274500d64762d21aaeb3de4ca,0,46,9,0,0,1,1,8816.7006000000001,14322.581,13299.539000000001
PSID_FULL:01953,PSID_FULL,1953,9bb6039974ecddb3b3cbe8317d12c99738f14b74f00a43ec7e61bee11c4e157c,0,50,8,1,0,1,1,8985.1975999999995,9846.7741999999998,9102.7957000000006
PSID_FULL:01954,PSID_FULL,1954,fffb22301c63197b20c1a953f472b385bc4042d06760edc8437431ce5533db15,0,24,8,1,0,1,1,9008.7088000000003,13033.548000000001,16254.992
PSID_FULL:01955,PSID_FULL,1955,a50d914aaba864847b8504c76e37912055f7d9cd6f67fc5d369e2c7bab8ebdfe,0,23,9,0,0,1,1,9012.6273000000001,0,14777.266
PSID_FULL:01956,PSID_FULL,1956,27154a2f2c953f4abb0a2450f7ee74fb5dc183e24030a0a7ca30b2296b4f429a,0,24,10,1,0,1,1,9012.6273000000001,6624.1935000000003,8955.0229999999992
PSID_FULL:01957,PSID_FULL,1957,0867008ed8e8326839989014541a693b2026eed08dbfe9efab9cda826d5e8ed3,0,20,10,0,1,1,1,9208.5540000000001,8951.6129000000001,16254.992
PSID_FULL:01958,PSID_FULL,1958,a08f6b9fdda7f24ede1e90658593514a0d15fa051ba0bbbc76339130620b8cb8,0,30,11,1,0,1,1,9228.1466,8808.3870999999999,17881.969000000001
PSID_FULL:01959,PSID_FULL,1959,034712e1650ddd07f8d98a4f1b29da2709aa2696d35cec63987c7fd90f0bffb3,0,47,4,0,0,1,1,9355.4989999999998,20884.113000000001,20512.323
PSID_FULL:01960,PSID_FULL,1960,e272d5b010f3dab4e5a15430abea1b3b22b6ce1d63105e61101ead9979a8d45c,0,26,10,1,0,1,1,9404.4807000000001,4923.3870999999999,17732.719000000001
PSID_FULL:01961,PSID_FULL,1961,d1c6dd60405e9a5425a0fef9a7d864d8f7edb1a1bcecf733e4df039f64767d46,0,50,5,1,0,1,1,9404.4807000000001,10136.806,9266.8233
PSID_FULL:01962,PSID_FULL,1962,4a762aa2aeb2223cd75747f0b5971fed0546efa9503dec71a28157d94055b962,0,49,11,0,0,1,1,9404.4807000000001,11637.097,9457.4501
PSID_FULL:01963,PSID_FULL,1963,d6b507dfd44d094cae39088ac9f78675567dbc01a359695892ae723ed4039d95,0,27,10,0,0,1,1,9404.4807000000001,11812.548000000001,11821.813
PSID_FULL:01964,PSID_FULL,1964,e53773309e58c02beb854b52f08090c8b7de231184b532c07e8e0fe409af5983,0,28,8,0,0,1,1,9404.4807000000001,14322.581,12560.675999999999
PSID_FULL:01965,PSID_FULL,1965,2211361db9a1baba14f30f893b39ea4bcf32a68c018234b09fc4414eb8205954,0,22,10,1,0,1,1,9717.9632999999994,9023.2258000000002,13299.539000000001
PSID_FULL:01966,PSID_FULL,1966,4167d905ea2e5035c390947fb9f39b0e1e6454f58b0a4319510b019f92781188,0,40,7,1,0,1,1,9737.5560000000005,8674.1129000000001,9221.0138000000006
PSID_FULL:01967,PSID_FULL,1967,b34eb5cc580ed0d36ed296dfbc10dab38c4d22a02812c57fa6822202a9e2a7be,0,52,5,1,0,1,1,9796.3340000000007,1074.1935000000001,0
PSID_FULL:01968,PSID_FULL,1968,d3c917a40ae69f3a8eff0528a7fe43c5f61d5210df2a0bad64cb2b4b80ab7ffa,0,34,10,0,0,1,1,9796.3340000000007,2327.4194000000002,26599.078000000001
PSID_FULL:01969,PSID_FULL,1969,1b68996af403d775219412630daa5dfb5975da4af315c933195d8a11dda4cf6e,0,38,7,0,0,1,1,9796.3340000000007,5370.9677000000001,11821.813
PSID_FULL:01970,PSID_FULL,1970,9fa941984e58dbd9ae74c0b1f065562070c980925932720265e187a656cfd517,0,49,5,1,0,1,1,9796.3340000000007,5370.9677000000001,0
PSID_FULL:01971,PSID_FULL,1971,79851e0e69ea9a7adcf0df4adf4080de9736459d07e949983847d1a36b64aeb3,0,20,10,1,0,1,1,9796.3340000000007,5370.9677000000001,7388.6328999999996
PSID_FULL:01972,PSID_FULL,1972,de051f59c4e37b166303d7d24951a7767a2dd799fb2cff5f444e86174d3e777f,0,44,5,1,0,1,1,9796.3340000000007,8951.6129000000001,8866.3593999999994
PSID_FULL:01973,PSID_FULL,1973,377da4c6bf218b73abf7cff5d160daf6dff8b4ec7508cbdd3f1435abba5c6602,0,34,9,1,0,1,1,9796.3340000000007,8951.6129000000001,10344.085999999999
PSID_FULL:01974,PSID_FULL,1974,4ea0a0289ebd2b4e0a8ecd918350d87f4779985c4c7514e5ce62c87e60239696,0,46,9,1,0,0,1,9796.3340000000007,9309.6774000000005,8866.3593999999994
PSID_FULL:01975,PSID_FULL,1975,aefe57ce2290ed73a11312370d1d4d294c283e1a65fe5eb1dfd1fd6a3f70543a,0,47,4,1,0,0,1,9796.3340000000007,10741.934999999999,5910.9062999999996
PSID_FULL:01976,PSID_FULL,1976,4a63fe0bcb5a54711715170049ad565bac879314a571da9740fc43fef9896399,0,24,11,1,0,1,1,9796.3340000000007,10741.934999999999,13299.539000000001
PSID_FULL:01977,PSID_FULL,1977,c5e7a0b8f0d7fa8476f2a238ad980938cc9b66e0814860e4350e601808db6088,0,39,5,1,0,1,1,9796.3340000000007,10741.934999999999,19210.445
PSID_FULL:01978,PSID_FULL,1978,26b4b0f54b635b584bba78ed25d099a9121f42109e2347ab5ce830e02d412bba,0,32,11,1,0,0,1,9796.3340000000007,14322.581,886.63594000000001
PSID_FULL:01979,PSID_FULL,1979,32e1a644e0c35a216328e3f3aab4214207539e2b4f208f5ab7025a09546dca5a,0,43,11,0,0,1,1,9796.3340000000007,21483.870999999999,22165.899000000001
PSID_FULL:01980,PSID_FULL,1980,1a0d6d8b18b8ddc6275109305a91f26eb9bf734dcb8e2fb3ab5438f4aeb7437d,0,24,11,0,0,1,1,9796.3340000000007,24885.484,25121.351999999999
PSID_FULL:01981,PSID_FULL,1981,bdf35995076a9471be97f7181473a3b4b17c535ee5b431f310dfbd74c3ef115a,0,37,7,0,0,1,1,9796.3340000000007,29719.355,5172.0429999999997
PSID_FULL:01982,PSID_FULL,1982,7d14a42eb351058f99536be80bb89875b5ac1862fd902524f711e7e3776a0be3,0,23,11,1,0,1,1,9980.5051000000003,6266.1289999999999,10344.085999999999
PSID_FULL:01983,PSID_FULL,1983,b27740023a25461cc8273323b7aa9ece4814b793ccdc5834899e81caca6ef133,0,21,11,0,1,1,1,9992.2607000000007,4114.1612999999998,17732.719000000001
PSID_FULL:01984,PSID_FULL,1984,119de40feb5519cd5e6fbf4b06893d7425d83a259e174df67f69c87f8814732d,0,39,11,1,0,1,1,9992.2607000000007,11637.097,7260.0707000000002
PSID_FULL:01985,PSID_FULL,1985,73ab47c644555cb516c3402b58194660f5c04fd408256b7f2e32a8be4213ca55,0,27,6,0,0,1,1,9992.2607000000007,11637.097,13299.539000000001
PSID_FULL:01986,PSID_FULL,1986,a032ab6b5777fbbcfec61ce4f09916698816b69a0c95554d6c3d3dbad05ca475,0,41,10,1,0,1,1,10090.224,14757.629000000001,9752.9953999999998
PSID_FULL:01987,PSID_FULL,1987,eb3a313142e765fbd1d6d21d7467cec6d9799f31b50b964417dcf23087f1ebe7,0,32,10,1,0,0,1,10188.187,8951.6129000000001,0
PSID_FULL:01988,PSID_FULL,1988,bede754b45a89a65e1dccc0113b684ca42ae8f09239909b4472ed3cc0445a93b,0,40,5,1,0,1,1,10188.187,12174.194,0
PSID_FULL:01989,PSID_FULL,1989,9f26107e0e7a93d4e3c89c8547c6f0425ea5cb4fa7b6cc0f9d7fd831b7a813e2,0,37,11,1,0,1,1,10188.187,13964.516,13299.539000000001
PSID_FULL:01990,PSID_FULL,1990,9f26107e0e7a93d4e3c89c8547c6f0425ea5cb4fa7b6cc0f9d7fd831b7a813e2,0,37,11,1,0,1,1,10188.187,13964.516,13299.539000000001
PSID_FULL:01991,PSID_FULL,1991,395099cab1a57c1de3c3d4cc0504762fab266762ca95138dda4dd03e76fb6831,0,50,11,1,0,0,1,10188.187,17903.225999999999,14777.266
PSID_FULL:01992,PSID_FULL,1992,c7a8a2db1c2355837ecba56baf153f2274c7cd3b9c7cabce85bbcb3044719a92,0,47,8,0,1,1,1,10286.151,7161.2902999999997,1477.7266
PSID_FULL:01993,PSID_FULL,1993,089c8665e14480adca5836eac77f1219666d673737b1f3ba87b79b479d7c7de2,0,29,10,1,0,1,1,10384.114,7304.5160999999998,11501.146000000001
PSID_FULL:01994,PSID_FULL,1994,e7ddb66f3dbd17d1902c909b3c53d78c42c80185ed3d4e7cab491ebeebcb1071,0,19,10,0,0,1,1,10431.136,6982.2581,9752.9953999999998
PSID_FULL:01995,PSID_FULL,1995,cc4463b77fd9df0987e1a32b97484a6e972c6837666f8ae13a957ca296c3427b,0,44,6,0,0,1,1,10450.728999999999,13427.419,17023.41
PSID_FULL:01996,PSID_FULL,1996,a0c70acca96ad69d133823e8d8b14ecc7b13fe35a7d136712d6be638aa35135c,0,28,7,1,0,1,1,10487.955,8260.5483999999997,8127.4961999999996
PSID_FULL:01997,PSID_FULL,1997,07e3c110c4a85d463da029144799b7e24aff458f3fe195e08764501a0df0554b,0,25,10,0,0,1,1,10580.040999999999,8647.2580999999991,8866.3593999999994
PSID_FULL:01998,PSID_FULL,1998,6be394720651b2b559ee1098b92732127873e2fbacc1d02bcf11472be06fbd2b,0,39,9,1,0,1,1,10580.040999999999,9667.7419000000009,11821.813
PSID_FULL:01999,PSID_FULL,1999,6be394720651b2b559ee1098b92732127873e2fbacc1d02bcf11472be06fbd2b,0,39,9,1,0,1,1,10580.040999999999,9667.7419000000009,11821.813
PSID_FULL:02000,PSID_FULL,2000,6b069bcac7b9ca48be5c38fd19550b10a448105fcea88e400816d6149644a909,0,34,8,1,0,1,1,10580.040999999999,12532.258,19210.445
PSID_FULL:02001,PSID_FULL,2001,e93a4280330ce5bd53904758f099b1fb5a7d60bcad5e58794cd134c0b01236bc,0,39,7,0,0,1,1,10580.040999999999,17545.161,0
PSID_FULL:02002,PSID_FULL,2002,8021a80dd7f317680420a51238f47b1fc82a1b019f2fdc2aa6fec31190d9bcee,0,53,7,1,0,1,1,10583.959000000001,17525.468000000001,15926.937
PSID_FULL:02003,PSID_FULL,2003,8021a80dd7f317680420a51238f47b1fc82a1b019f2fdc2aa6fec31190d9bcee,0,53,7,1,0,1,1,10583.959000000001,17525.468000000001,15926.937
PSID_FULL:02004,PSID_FULL,2004,0fb176931df1f3672f00eb2774ca35b92f4dd8c7bce98b783faa4e58969a769b,0,28,8,0,0,1,1,10678.004000000001,10382.081,15146.697
PSID_FULL:02005,PSID_FULL,2005,f6cd52b067cb79b0e53751f4793ddd5a4e1818ea1dd13693a4eed9ec109d0cde,0,49,10,1,0,1,1,10775.967000000001,0,5319.8157000000001
PSID_FULL:02006,PSID_FULL,2006,f6cd52b067cb79b0e53751f4793ddd5a4e1818ea1dd13693a4eed9ec109d0cde,0,49,10,1,0,1,1,10775.967000000001,0,5319.8157000000001
PSID_FULL:02007,PSID_FULL,2007,2318f70100efa1f5840ad7067f57f8fa6560e2b8cda694f0dc8abc3544274393,0,47,6,1,0,1,1,10775.967000000001,8056.4516000000003,0
PSID_FULL:02008,PSID_FULL,2008,84d93090c3ff5fa3d6fb7d67871db7eac649899c44efb8453917e2f5aee48d9c,0,30,9,1,0,1,1,10775.967000000001,8951.6129000000001,16254.992
PSID_FULL:02009,PSID_FULL,2009,29f5bfce64512244df7cf9322b2fe2e4fd8bbca8838aa8ebc2e256fbeb382862,0,31,9,1,0,1,1,10775.967000000001,8951.6129000000001,5910.9062999999996
PSID_FULL:02010,PSID_FULL,2010,f05b8d49ded48e8da6ec9466723ae46fe374ce4a5bcd02cc7377a94f142c70d5,0,29,8,0,0,1,1,10775.967000000001,8951.6129000000001,9605.2227000000003
PSID_FULL:02011,PSID_FULL,2011,149948a93119857831392c6aa9fa218ef12297c3310910b8f5bf4ba3b3b501b6,0,44,7,1,0,1,1,10775.967000000001,10741.934999999999,1078.7403999999999
PSID_FULL:02012,PSID_FULL,2012,e8c2934ca235986f7b703250ac9f41c6eccdf899294d747f73bca60b637af411,0,19,10,0,0,1,1,10775.967000000001,14322.581,23643.625
PSID_FULL:02013,PSID_FULL,2013,a42dc8a4d4902c59d4d4fcf3b09d8e161eb576d1b9275ddcf4c3398b384e7377,0,42,6,0,1,1,1,10775.967000000001,22558.064999999999,11821.813
PSID_FULL:02014,PSID_FULL,2014,f86e1414a8f9638a36553eb1c63eed4e3f7d391bcbdb707cfbb6f3efd71e1e21,0,54,10,0,0,1,1,10775.967000000001,32225.806,19210.445
PSID_FULL:02015,PSID_FULL,2015,a5eaa10d24fff86a842f515e165b4c6077eba3bd11b53cc357a702d34ea2170d,0,48,10,1,0,1,1,10785.763999999999,5370.9677000000001,14895.484
PSID_FULL:02016,PSID_FULL,2016,08bbf3432bebe585685af6565d63ac342907cf645aeefe66558708c13817c044,0,27,11,1,0,1,1,10897.441999999999,3938.7096999999999,7684.1782000000003
PSID_FULL:02017,PSID_FULL,2017,f05b155f7afc3e6b5b7421551c98fa4fdcdd27874a2a2a5e5f03823a5964edd6,0,22,11,1,0,0,1,10971.894,7161.2902999999997,7675.3118000000004
PSID_FULL:02018,PSID_FULL,2018,a1c1d1cfb46e8ff6a454e67a7d6d33f48c0176604defbab8d6af21496a1066cb,0,33,10,0,0,1,1,10971.894,12174.194,24825.806
PSID_FULL:02019,PSID_FULL,2019,6a18442e990aa80792c86af467fce5e0a7807e4df8e99bda37dc72a43c76e6bf,0,37,8,0,0,1,1,10971.894,13427.419,14777.266
PSID_FULL:02020,PSID_FULL,2020,8f3dd3bdb943f1014f221e55cdf11d91205bf0bcbf8e8de92b92294cc61427f5,0,22,11,1,0,0,1,11069.857,5191.9354999999996,9605.2227000000003
PSID_FULL:02021,PSID_FULL,2021,483d41f6a5dcdcbaca06c8ed86d03601324c4d75bc60413eec070c6ab7b134cc,0,21,11,0,0,0,1,11167.821,5370.9677000000001,13151.767
PSID_FULL:02022,PSID_FULL,2022,45a827e2c1de2e3527e529a9f98b64f40696e1281331d9371a21a56f5a608753,0,23,9,0,0,1,1,11167.821,11995.161,11891.266
PSID_FULL:02023,PSID_FULL,2023,d0d52297524ab5b0da27df0da412c129d44ae48f53740d290a17751521660dc9,0,35,8,0,0,1,1,11167.821,18796.597000000002,13299.539000000001
PSID_FULL:02024,PSID_FULL,2024,d4a0ad302a814c3f04c3a78dd665841f283db2642d10c355b359842ae7b2d4fc,0,31,8,0,0,1,1,11167.821,19335.484,20688.171999999999
PSID_FULL:02025,PSID_FULL,2025,d795ca93b11b1c10fd9a1fe33d77f5eaa194392e030c3894685e76f27d3141c5,0,26,6,1,0,1,1,11461.710999999999,9807.3870999999999,7979.7235000000001
PSID_FULL:02026,PSID_FULL,2026,f56e97cd0aec68f162a57b80bdf8b8c6379a5d2b5dc6632feda71b61399a9b1b,0,22,9,1,0,1,1,11708.578,10419.677,9079.1520999999993
PSID_FULL:02027,PSID_FULL,2027,5eec86502f79d977ae8910c55919d8913bfe613434a0c382dc5bf7119c30bb73,0,33,6,1,0,1,1,11739.927,5958.1935000000003,9788.4608000000007
PSID_FULL:02028,PSID_FULL,2028,a20954bf1cfed56ca588cc454d67f5478aa121a3dbba459b2df4b7ae3f13c5ad,0,27,9,0,0,1,1,11749.723,2327.4194000000002,19210.445
PSID_FULL:02029,PSID_FULL,2029,5ae0a5ba4af6ae964af8bc15541d5077b3f355cdd8177259441633bbd2d11377,0,34,11,1,0,0,1,11755.601000000001,2148.3870999999999,15516.129000000001
PSID_FULL:02030,PSID_FULL,2030,e8ef4390cd518d20a7a4dd03fb80e41c9de7d1c0622c759509c72bbbd773cc6e,0,23,11,1,0,1,1,11755.601000000001,5818.5483999999997,10048.540999999999
PSID_FULL:02031,PSID_FULL,2031,ff10a6fc612c8020033631bb3c38cb39dc5729f32b7d7164cbba8319f8cc911f,0,25,9,1,0,0,1,11755.601000000001,7161.2902999999997,6649.7695999999996
PSID_FULL:02032,PSID_FULL,2032,7ba9b81d0300b1eb707e3fe22c223d91ad87a86693ec64ae1501e9cba8725fb3,0,28,9,1,0,1,1,11755.601000000001,7161.2902999999997,11821.813
PSID_FULL:02033,PSID_FULL,2033,a2ba9175f7f8346405ac7e398073eb69442e15725f3ba1d5e04117e84dc29224,0,46,10,0,0,1,1,11755.601000000001,7161.2902999999997,10166.759
PSID_FULL:02034,PSID_FULL,2034,a2ba9175f7f8346405ac7e398073eb69442e15725f3ba1d5e04117e84dc29224,0,46,10,0,0,1,1,11755.601000000001,7161.2902999999997,10166.759
PSID_FULL:02035,PSID_FULL,2035,0f362f68347f550bda170e2b19350354e28a8b38aacc059ad0fbfb6fdacf0155,0,53,2,0,0,1,1,11755.601000000001,8593.5483999999997,0
PSID_FULL:02036,PSID_FULL,2036,894661a6a22faea1d9924d48fedfa518a2d5b5a98ae4ab220e62fcc3f0117e42,0,48,8,0,0,1,1,11755.601000000001,8844.1934999999994,3073.6713
PSID_FULL:02037,PSID_FULL,2037,894661a6a22faea1d9924d48fedfa518a2d5b5a98ae4ab220e62fcc3f0117e42,0,48,8,0,0,1,1,11755.601000000001,8844.1934999999994,3073.6713
PSID_FULL:02038,PSID_FULL,2038,a9bab7dfd0546c9ee4464203770e57a630d1dd5058c5636a44b241833f3b6b3e,0,35,11,1,0,1,1,11755.601000000001,8951.6129000000001,0
PSID_FULL:02039,PSID_FULL,2039,334ead78c4d8acb95d9ea3023f66ed03289498e2ea0c90b6109454a39b527bba,0,29,10,1,0,1,1,11755.601000000001,9780.5323000000008,8866.3593999999994
PSID_FULL:02040,PSID_FULL,2040,0cddfc1d4b5f393bc962c1b7d54f3d2c30022579a3b24af60df4f9a2026b9d84,0,43,9,0,0,1,1,11755.601000000001,10741.934999999999,10344.085999999999
PSID_FULL:02041,PSID_FULL,2041,698f379e5fdc5f242eef4f43f50fb4ee602a42efc749ca9bf1ff40cd2290a633,0,42,8,1,0,1,1,11755.601000000001,10741.934999999999,11821.813
PSID_FULL:02042,PSID_FULL,2042,f5877d5a62049dc9682cb197336620ce29308b1d328a24aba3235ffd020bfb5b,0,47,11,1,0,1,1,11755.601000000001,10741.934999999999,14260.061
PSID_FULL:02043,PSID_FULL,2043,0a62940f26837b9c3639d2e3b7756a71e68e0b4195c4e1546d33d0d13deca0e6,0,34,10,0,0,1,1,11755.601000000001,12174.194,11821.813
PSID_FULL:02044,PSID_FULL,2044,84d4a16e00a779e9a7ebb1efdcd6da4850bd860f41684f3203c75bb01cd61330,0,39,10,1,0,0,1,11755.601000000001,12532.258,25248.436000000002
PSID_FULL:02045,PSID_FULL,2045,039f58ed3797d73ef8f1d808370115eb1cc2788f5f3d399491d962586e130b33,0,43,8,1,0,1,1,11755.601000000001,12532.258,12930.108
PSID_FULL:02046,PSID_FULL,2046,039f58ed3797d73ef8f1d808370115eb1cc2788f5f3d399491d962586e130b33,0,43,8,1,0,1,1,11755.601000000001,12532.258,12930.108
PSID_FULL:02047,PSID_FULL,2047,e229667ca30108ff75cb4e52d270768d398485537c23b79d3a9e2cb25003cb8e,0,28,10,1,0,1,1,11755.601000000001,15217.742,10639.630999999999
PSID_FULL:02048,PSID_FULL,2048,fe8ae7dfe9e3898548b65eb97516ac6a7ad080c3e02f96f710e67a7e2b7148c8,0,47,11,1,0,1,1,11755.601000000001,16053.823,0
PSID_FULL:02049,PSID_FULL,2049,eb0240cd49bfcd209caebe33c98701c6c71c5e000e7355251aafa67c9de8d46a,0,45,0,0,1,1,1,11755.601000000001,16112.903,10344.085999999999
PSID_FULL:02050,PSID_FULL,2050,ca85051233f7503d73b0a91779b54a282975a7dcbe30d6653b23793c9f619ce8,0,53,4,1,0,1,1,11892.749,8951.6129000000001,10344.085999999999
PSID_FULL:02051,PSID_FULL,2051,bbed4537528863a1d1b8b3d5688d044bd6c52398e90b2e85c887d4a30c441c64,0,54,4,1,0,0,1,11933.894,10965.726000000001,11821.813
PSID_FULL:02052,PSID_FULL,2052,7dcaf2da08460c6bb2cc3bf170f2b3a24d4b71326238ec58217bacb064665477,0,41,9,0,0,1,1,11951.528,12890.323,8718.5867999999991
PSID_FULL:02053,PSID_FULL,2053,2c0013ccd359ed70aeb94f0054b2fb7f9f34e5b090a284d12cdbee5a33ba131a,0,44,7,1,0,1,1,11967.201999999999,14566.065000000001,14147.754000000001
PSID_FULL:02054,PSID_FULL,2054,2f9f43dd1097be79f90b20479d4c9bef593c0ac8b44ea6f3cb998481d0d3e05d,0,51,8,0,0,1,1,11986.794,1546.8387,0
PSID_FULL:02055,PSID_FULL,2055,10a866cf13c50d673e108384dab868510a1b1bbb1a7b6cdfb4926e225580799d,0,26,10,0,0,0,1,12000.509,14322.581,17732.719000000001
PSID_FULL:02056,PSID_FULL,2056,815c66f04f4c547ed2c3b8b41921d3be1e7ad9ab8cb8c1f68fa7cbe9d4f14c00,0,53,4,0,0,1,1,12039.695,2660.4194000000002,7388.6328999999996
PSID_FULL:02057,PSID_FULL,2057,bf1ac9e50aa77b370f4b396ab9dcabf5466f789e81bde482234ee7645baf7104,0,30,9,0,0,1,1,12178.802,11493.870999999999,12847.355
PSID_FULL:02058,PSID_FULL,2058,f1a8e4151a4b114a5a6bb22fd8275aa0bbb6608917c0ab01e4ea707d4c489be1,0,54,3,1,0,1,1,12225.825000000001,9606.8709999999992,11821.813
PSID_FULL:02059,PSID_FULL,2059,d78334e48fdb67bd0d825ad6b49a959c8390a77e6ebd8edfbad194a9d6b8324a,0,53,8,0,0,1,1,12235.620999999999,0,7240.8602000000001
PSID_FULL:02060,PSID_FULL,2060,22cbe1cb6d33a6d727ef17ab4989e848d31e9d5cf0f0116aa0856a3f39a1840e,0,34,10,1,0,1,1,12343.380999999999,11637.097,9900.768
PSID_FULL:02061,PSID_FULL,2061,509bac1176f02b62e80fa9d929d681ea189a3ad090d0fff7ab02a778f946e2f7,0,48,5,1,0,1,1,12343.380999999999,13606.451999999999,13323.183000000001
PSID_FULL:02062,PSID_FULL,2062,9f065388bb250f9de9e86523b8457750802a4dd7faac9a85dd5068c213592e76,0,45,11,0,0,1,1,12382.566000000001,21483.870999999999,0
PSID_FULL:02063,PSID_FULL,2063,9f065388bb250f9de9e86523b8457750802a4dd7faac9a85dd5068c213592e76,0,45,11,0,0,1,1,12382.566000000001,21483.870999999999,0
PSID_FULL:02064,PSID_FULL,2064,16025bb99ad362359ac5f75f22b11f76b47e42ff868bace77fd9a4bada9a2d11,0,49,6,0,1,1,1,12539.308000000001,16470.968000000001,13595.084000000001
PSID_FULL:02065,PSID_FULL,2065,16025bb99ad362359ac5f75f22b11f76b47e42ff868bace77fd9a4bada9a2d11,0,49,6,0,1,1,1,12539.308000000001,16470.968000000001,13595.084000000001
PSID_FULL:02066,PSID_FULL,2066,d51829424092d44d4f9d3fb88bafa6124c05223df45c66bb6169741b8e15a0ef,0,22,11,1,0,1,1,12539.308000000001,21483.870999999999,13299.539000000001
PSID_FULL:02067,PSID_FULL,2067,33c105451327ef6d00937fec508d3c2cfdb862e9003192ac79f84bd5a7e71740,0,25,10,1,0,1,1,12696.049000000001,8951.6129000000001,14777.266
PSID_FULL:02068,PSID_FULL,2068,75bd87129f6ae489bdcb4ccab380590895d3f9349bc4261c20b8d9604a14fb2e,0,37,11,0,0,1,1,12735.234,0,0
PSID_FULL:02069,PSID_FULL,2069,3bb41b346176156e1f72306446f5252d9415d6915fa7abc705cf49c0e9da6d27,0,33,9,0,0,1,1,12735.234,6266.1289999999999,8866.3593999999994
PSID_FULL:02070,PSID_FULL,2070,3bb41b346176156e1f72306446f5252d9415d6915fa7abc705cf49c0e9da6d27,0,33,9,0,0,1,1,12735.234,6266.1289999999999,8866.3593999999994
PSID_FULL:02071,PSID_FULL,2071,9f08fe88be73de9fd63eda4cfeba0b559fff8ac50e1f9b276975c4ad439ea7e0,0,20,11,0,0,1,1,12735.234,7161.2902999999997,14038.402
PSID_FULL:02072,PSID_FULL,2072,6e760e4d79211406be188b5cd0be6facb98e4c2e02e16697c685b4df75cf1c73,0,44,8,0,0,1,1,12735.234,10312.258,12412.903
PSID_FULL:02073,PSID_FULL,2073,12730f75d5d5e340ea61d6c08a952062526a00cd82a2d1efb135220964358843,0,53,6,1,0,1,1,12735.234,10741.934999999999,13299.539000000001
PSID_FULL:02074,PSID_FULL,2074,8e0b2338fdfc8d274b90b2a6b3cba6731a8641dd5e7fcbf5e3eb4d4342eade58,0,31,6,1,0,0,1,12735.234,10741.934999999999,5910.9062999999996
PSID_FULL:02075,PSID_FULL,2075,46caa22976c80010b467659c8c5598a74fb4008d65cd569b92a285e96ba6c1a3,0,28,9,0,0,1,1,12735.234,12532.258,17732.719000000001
PSID_FULL:02076,PSID_FULL,2076,2fb9e40ed9d1c622910fa158f095dedb041c9ba0410b5509c47af526b70008dd,0,25,11,0,0,1,1,12735.234,21483.870999999999,8204.3379000000004
PSID_FULL:02077,PSID_FULL,2077,eb686b2e994f823536d2071d467f12d4842a56e8cff1ba5f2b9daefdacd6877c,0,50,6,1,0,1,1,13033.043,4092.6774,0
PSID_FULL:02078,PSID_FULL,2078,6cfe5243e5a409c68d3ecfafa79d16bf9bb646d704016770430dfe1a96f54c77,0,35,7,0,0,1,1,13127.088,12711.290000000001,13447.312
PSID_FULL:02079,PSID_FULL,2079,6cfe5243e5a409c68d3ecfafa79d16bf9bb646d704016770430dfe1a96f54c77,0,35,7,0,0,1,1,13127.088,12711.290000000001,13447.312
PSID_FULL:02080,PSID_FULL,2080,c3245b9c1610b60c3ea69392f483779c8b6e6ed8432cb440f6250bc9b109dbaf,0,31,11,1,0,1,1,13127.088,14859.677,16254.992
PSID_FULL:02081,PSID_FULL,2081,bc106cf246d96f820dd1c97f4215ab9d826c9928ffeec90223cfe782e7a7574e,0,21,9,1,0,0,1,13127.088,16327.742,8866.3593999999994
PSID_FULL:02082,PSID_FULL,2082,acb4bde6e0695cd51cd3cd9d12f1dce926493403251ebf63057f3b41ce76c6e9,0,36,11,1,0,1,1,13140.802,12532.258,12811.888999999999
PSID_FULL:02083,PSID_FULL,2083,6f40fe6c919533f89e990c08a5698e4e2516b2800777f9fc30005eb8768978eb,0,40,10,1,0,1,1,13244.644,19693.547999999999,17732.719000000001
PSID_FULL:02084,PSID_FULL,2084,56b42726ce8395929c4e712d1f9a9d493a916841f0a8e2983bf12d012fea3bd6,0,30,8,0,0,1,1,13303.422,17903.225999999999,14333.948
PSID_FULL:02085,PSID_FULL,2085,7f96cf86c5b4574b5cd12a472b9a292d10c05b49203fd35f9b67766dbf6c86f7,0,44,9,1,0,1,1,13366.118,14644.839,12435.069
PSID_FULL:02086,PSID_FULL,2086,d28905c239bd72b23ea471dd75fc9fdbf0292bdc7c9417a7fdf5cac9550fbaa7,0,41,9,0,0,1,1,13518.941000000001,13964.516,17732.719000000001
PSID_FULL:02087,PSID_FULL,2087,5f7d180de8b105e0f7216fcd2ea92244e4cdf63b4e463f570470cbe6faf1902c,0,40,10,0,0,0,1,13616.904,10741.934999999999,15368.356
PSID_FULL:02088,PSID_FULL,2088,5c68741c3ad5fadd11c01d6435863019fafeec9d4f6ce785f6f6b3f4f30a08e9,0,20,11,0,0,0,1,13714.868,6194.5160999999998,14777.266
PSID_FULL:02089,PSID_FULL,2089,a983bdc49020f29ee8a714b3f5080859d914546ee7ea0b5e5d75b8ed567eaab3,0,19,11,0,0,1,1,13714.868,6416.5160999999998,27781.259999999998
PSID_FULL:02090,PSID_FULL,2090,2785a853bc62ad1e3ba0d1802d6c9e849468fb323a20675d4d3296b1328f401c,0,39,7,0,0,1,1,13714.868,6624.1935000000003,0
PSID_FULL:02091,PSID_FULL,2091,12ab0b8ba8ccd8a04813019ad1a590152ffc607771e19312ca77cf1062651ebe,0,46,8,1,0,1,1,13714.868,7089.6773999999996,0
PSID_FULL:02092,PSID_FULL,2092,9db1bee33e039a01437435ed7aaeefb3ab512a6104a431fc44bd4ed8204a11dc,0,22,11,0,0,1,1,13714.868,8593.5483999999997,8866.3593999999994
PSID_FULL:02093,PSID_FULL,2093,a7d99e28fe59ce1e2d4b2fa20278eb6ed020288394f156eca5bca5257d355aa2,0,37,11,0,0,1,1,13714.868,9259.5483999999997,0
PSID_FULL:02094,PSID_FULL,2094,f60648a10e6e54e9f165e69ee736c1cd46d01ea405698abc0d4c0ca91cc2dda9,0,48,6,1,0,0,1,13714.868,11637.097,10604.165999999999
PSID_FULL:02095,PSID_FULL,2095,8bdb0110474741fd503143b09c0f18589dee1486b0ab02138041b738a471e589,0,52,10,0,0,1,1,13714.868,12174.194,23643.625
PSID_FULL:02096,PSID_FULL,2096,bf8aa7c5712d63782f14a838815e54b4297c67114b11d9e43f1138853e8c9a20,0,50,7,1,0,1,1,13714.868,12532.258,16254.992
PSID_FULL:02097,PSID_FULL,2097,bf8aa7c5712d63782f14a838815e54b4297c67114b11d9e43f1138853e8c9a20,0,50,7,1,0,1,1,13714.868,12532.258,16254.992
PSID_FULL:02098,PSID_FULL,2098,3315d5b6a504d544cf62e3b85f22c935b3736586b393371366b9111cc4faeea2,0,26,11,1,0,1,1,13714.868,13248.387000000001,11082.949000000001
PSID_FULL:02099,PSID_FULL,2099,a1db42f054b92e38098691f681bd405c3d6e329dd27ad907caa03d9f75ae9628,0,31,11,0,0,1,1,13714.868,13785.484,20688.171999999999
PSID_FULL:02100,PSID_FULL,2100,cdbfee08341c943b3d5ddb8c26db79be236453f887926290d04a9ffb37ac1bb8,0,21,10,0,0,1,1,13714.868,14080.887000000001,7249.7266
PSID_FULL:02101,PSID_FULL,2101,39b4d417d6b7d94cb9db623d90b61122f44a425fafdfc86c553058dd773d7c4a,0,52,8,0,0,1,1,13714.868,14322.581,8748.1412999999993
PSID_FULL:02102,PSID_FULL,2102,65e291282ca890a0b334b0538bf331097f6652945f3f001c26a230fdb2985016,0,30,10,1,0,0,1,13714.868,14322.581,2364.3625000000002
PSID_FULL:02103,PSID_FULL,2103,d030d276fed210779478eca72e4dd8aaf353cc2ca74843a75ac7e6428b7778a3,0,20,11,0,0,0,1,13714.868,14322.581,36943.163999999997
PSID_FULL:02104,PSID_FULL,2104,eac58c1a31dce0387795d69e275c86963da61e915aa4b4163c38e2ecd2057799,0,52,5,0,0,1,1,13714.868,14322.581,14777.266
PSID_FULL:02105,PSID_FULL,2105,a4868875b1916810e9c45bb4bca451f38c38468e21214ead582a6e274622457f,0,45,3,0,1,1,1,13714.868,16112.903,23643.625
PSID_FULL:02106,PSID_FULL,2106,e9b5ba9f8dae87bb0f8718dfd73a27f6807d3c8c87c55d25a0f6a7cf14b302b3,0,46,10,1,0,1,1,13714.868,16112.903,15522.040000000001
PSID_FULL:02107,PSID_FULL,2107,8ca420e8d114554a823f912717441bf744af87053160346ccefc6a278b082044,0,32,7,0,0,1,1,13714.868,17008.064999999999,19613.865000000002
PSID_FULL:02108,PSID_FULL,2108,d16dbcda915a5cf8d1057a838deb251ccef1ebe43291855fe42263945476d078,0,50,7,1,0,1,1,13714.868,17903.225999999999,16254.992
PSID_FULL:02109,PSID_FULL,2109,21dcf3899087902888362b62d6076ff6f9bee1bdfa98357ad23b340223814e0b,0,28,6,0,0,1,1,13734.459999999999,6395.0322999999999,10048.540999999999
PSID_FULL:02110,PSID_FULL,2110,fdece4d95605938283febec7441fd04240814a21ab1a70039925f8fe31e19457,0,33,10,1,0,0,1,13754.053,13964.516,16905.191999999999
PSID_FULL:02111,PSID_FULL,2111,4781550f1d4ba991bb044361f71fdd98ffedde5c0d206c232a38218ac4d35c7a,0,53,5,1,0,1,1,14008.758,2660.4194000000002,11082.949000000001
PSID_FULL:02112,PSID_FULL,2112,9a2ded9d6ea4921ffae45b9dbf3ca3a8960ffc3a6b69017a6d9f7a2f530871fb,0,44,9,0,0,1,1,14051.861999999999,13905.434999999999,16373.209999999999
PSID_FULL:02113,PSID_FULL,2113,95cbd93347ad01edcce5432f54dfdea6c9bc7a37e55ff455657c5093532c065a,0,28,11,0,0,1,1,14106.721,10741.934999999999,20392.627
PSID_FULL:02114,PSID_FULL,2114,c73b5eee45345445d582830b94a1abe8318e2acfb9ca74a6e6c7f793ebcea018,0,53,8,0,0,1,1,14106.721,14322.581,14843.763000000001
PSID_FULL:02115,PSID_FULL,2115,6ee22479bec50f3848752f23ba458c949a62f20483e83b6d4de4374cf22cd07b,0,53,7,0,0,1,1,14106.721,14322.581,13299.539000000001
PSID_FULL:02116,PSID_FULL,2116,b86d1ce4a42a91149c7dac271c23e07519fb02624eb73963f687c06ee2c901cb,0,52,4,0,0,1,1,14106.721,15074.516,14422.611000000001
PSID_FULL:02117,PSID_FULL,2117,913b56efe2dddfbf0ee6bfe67133a95f359f0b36a34c053651dde126a6c29d44,0,23,11,0,1,1,1,14263.462,8414.5161000000007,26599.078000000001
PSID_FULL:02118,PSID_FULL,2118,f80ee294ee512356b6d9932a02466b25bacf2b1918299b27e94d7fd9c4ffdfd4,0,25,9,0,0,1,1,14263.462,12890.323,16254.992
PSID_FULL:02119,PSID_FULL,2119,f6a0dbe9cebabb10acf82b5e0f40ce921de5b914fa2b3424a15cab9f98fb76c2,0,54,8,0,1,1,1,14302.647999999999,0,8866.3593999999994
PSID_FULL:02120,PSID_FULL,2120,f6a0dbe9cebabb10acf82b5e0f40ce921de5b914fa2b3424a15cab9f98fb76c2,0,54,8,0,1,1,1,14302.647999999999,0,8866.3593999999994
PSID_FULL:02121,PSID_FULL,2121,cd32d0b678b00b5353f1a3ffff2d53dc5bbb791d1ac9116cd5466783d3a12e83,0,40,10,0,0,1,1,14302.647999999999,24169.355,21427.035
PSID_FULL:02122,PSID_FULL,2122,cd32d0b678b00b5353f1a3ffff2d53dc5bbb791d1ac9116cd5466783d3a12e83,0,40,10,0,0,1,1,14302.647999999999,24169.355,21427.035
PSID_FULL:02123,PSID_FULL,2123,f1644f535f9ce2ce4dfaa4cf877e9f4873f6c29cc3d4ea99ca12c3473b95adfa,0,21,11,0,0,1,1,14400.611000000001,11458.065000000001,0
PSID_FULL:02124,PSID_FULL,2124,f561fdc79916c03cc7151980e5c9b375afa2ba03d10f8003cac30a8ca2fbb48b,0,51,8,0,0,1,1,14465.267,21752.419000000002,0
PSID_FULL:02125,PSID_FULL,2125,cc07b62a8da94503fb280bc6adb5594ad42d0f9141b48cfa79504d0313a858b0,0,24,10,1,0,1,1,14482.9,10741.934999999999,11821.813
PSID_FULL:02126,PSID_FULL,2126,4b24431317b1cd226aed4bf3f43b667a4a18426782b42997729b72a279e8bdf2,0,46,8,0,0,1,1,14498.574000000001,10741.934999999999,14186.174999999999
PSID_FULL:02127,PSID_FULL,2127,795417024f3c4c0fd1805777c729e6e1d2629ff2b334d1e077a5ef152b3801ab,0,55,3,1,0,1,1,14547.556,13463.226000000001,10344.085999999999
PSID_FULL:02128,PSID_FULL,2128,929da59d5081b5fc2fd8b8591f82976d4c32689d76fe854b5c7a7f5d99fd6f80,0,41,10,1,0,0,1,14678.826999999999,15253.548000000001,11821.813
PSID_FULL:02129,PSID_FULL,2129,8c8566bc313b3c37eada15d89920e57a58f2eba3f037cab90408ae6a7ea418ad,0,25,11,1,0,1,1,14694.501,6624.1935000000003,7107.8648000000003
PSID_FULL:02130,PSID_FULL,2130,3736f6f8ea3a3ce2f7f7c00df26593bba7a760505d22d9de076ffed4b5af4dfe,0,39,8,0,0,1,1,14694.501,12532.258,16254.992
PSID_FULL:02131,PSID_FULL,2131,cbff93beba4a6c4b01faa8c2bcc2c5b955277e8f31f95b4de9ef1599734089d4,0,19,8,0,0,1,1,14694.501,12532.258,18539.558000000001
PSID_FULL:02132,PSID_FULL,2132,129874f3a9147729fa233e619f37048c44accbed3254eca9f47ca8707ed3e040,0,23,11,1,0,1,1,14694.501,13427.419,17732.719000000001
PSID_FULL:02133,PSID_FULL,2133,25f8dcf8ab2752b5628bcf14bc3fad9b62069bad23df3645fe676c1bbd493229,0,49,10,0,0,1,1,14694.501,14322.581,8423.0414999999994
PSID_FULL:02134,PSID_FULL,2134,e9812985185fa80838f9da934821d8c12d5061369ac25ccbfb5152922201d314,0,38,11,0,0,1,1,14694.501,14322.581,28076.805
PSID_FULL:02135,PSID_FULL,2135,4b6f44cecf15dccae43bcb2a51671d84783cf07b89ba6601aeaba0876be4e1f7,0,42,11,1,0,0,1,14694.501,15217.742,11821.813
PSID_FULL:02136,PSID_FULL,2136,8e655e1002d517c5e5f0c55b4e1e430190bdf1f45cc8cd1d0dd4d79581915114,0,24,11,0,0,1,1,14694.501,15575.806,14777.266
PSID_FULL:02137,PSID_FULL,2137,6af818ce771abe22cae7668db591c75499d8d9b50161b2f5a5c3d6ab59fad327,0,36,7,1,0,1,1,14694.501,15754.839,19210.445
PSID_FULL:02138,PSID_FULL,2138,63641636b1a20fa334aee986e6e69880f8cf7b9f47dd62182a0c34ce01b6cd93,0,39,6,1,0,1,1,14694.501,16470.968000000001,28076.805
PSID_FULL:02139,PSID_FULL,2139,8b563604190f5bf7355cb38772cd7e7e9e0b2c27ff7cc74c482f20c7967c9b3e,0,20,11,0,0,1,1,14694.501,17008.064999999999,0
PSID_FULL:02140,PSID_FULL,2140,32790871173a5272fb445a870fd1a92367143d7334e2116c12307ce7856e23b0,0,31,10,0,0,1,1,14890.428,12532.258,16254.992
PSID_FULL:02141,PSID_FULL,2141,d0e70decc6476a81e3a36c16867e392e073a3c1b5b11c4aa73693d4bcf3c61d5,0,29,9,0,0,1,1,14890.428,19693.547999999999,25860.215
PSID_FULL:02142,PSID_FULL,2142,ab9c4c9b581185a6e5cda7e18f17490bbf0ba2c6fe98cc7b5233b77e1d398951,0,53,9,1,0,1,1,14945.287,13697.758,14186.174999999999
PSID_FULL:02143,PSID_FULL,2143,933ac721d043550d05bac1d9fd41c95267290b6d140c4a785b66a66d4d9b6c86,0,45,4,0,0,1,1,15004.065000000001,13586.758,17686.909
PSID_FULL:02144,PSID_FULL,2144,088e780f304f66d1ffbf9ec87934042ff8b1c93a9dee3c59e9006a793732d0c0,0,28,9,0,0,0,1,15086.353999999999,13248.387000000001,19210.445
PSID_FULL:02145,PSID_FULL,2145,e842c5a16aa5982caee56fe56050ad9db85dfb76a59c810e2129f431b0848158,0,53,8,1,0,1,1,15086.353999999999,15649.209999999999,12921.241
PSID_FULL:02146,PSID_FULL,2146,4cbf96eab6bda44d0d6a736866f90390f1e6717f02cf3bb7a5fbe654e774dba6,0,43,3,0,0,1,1,15086.353999999999,15933.870999999999,14038.402
PSID_FULL:02147,PSID_FULL,2147,57425863e78652f013f7615d07e2e7c13e4db869abf05b1fc805978dacb173a0,0,50,7,0,0,1,1,15160.807000000001,15933.870999999999,17732.719000000001
PSID_FULL:02148,PSID_FULL,2148,57425863e78652f013f7615d07e2e7c13e4db869abf05b1fc805978dacb173a0,0,50,7,0,0,1,1,15160.807000000001,15933.870999999999,17732.719000000001
PSID_FULL:02149,PSID_FULL,2149,103d33c438fe9e7a55c9257e1ee5f3dfa675745f5c0b97b9f247ff3a51d169ee,0,31,8,1,0,1,1,15176.481,10851.145,19604.998
PSID_FULL:02150,PSID_FULL,2150,eac689294008ea93e1eb9fb5f97468d6747a9e9bfb0b88b8c9209f621a0d92cb,0,34,11,0,0,1,1,15184.317999999999,0,19210.445
PSID_FULL:02151,PSID_FULL,2151,6db35f52ad5b2848b3fad1206a037d4701cbc1bcd214caa6edf2c1c3e0add75c,0,46,8,0,0,0,1,15282.281000000001,13158.870999999999,10048.540999999999
PSID_FULL:02152,PSID_FULL,2152,cdee2f6cf32ace03d9c32198618770a91052bb46369d1c95f6737f060ccbcdce,0,20,9,0,0,1,1,15282.281000000001,15933.870999999999,20614.286
PSID_FULL:02153,PSID_FULL,2153,2dbc2acbeaecfd002fb75240ffa418c19563d5e55df9293638ee9cbc87fecbbd,0,30,9,0,0,1,1,15478.208000000001,7877.4193999999998,8866.3593999999994
PSID_FULL:02154,PSID_FULL,2154,e28bd9c28873a96b6c89e1304daf2e4d06eee7c662bc6cf8dd7bd25daf41c137,0,34,6,0,1,1,1,15478.208000000001,16112.903,16254.992
PSID_FULL:02155,PSID_FULL,2155,b10be441ed1aecdd7c44a55b5f113248df87a2fdb960a86d64a72155a0bca9b3,0,27,9,0,0,1,1,15478.208000000001,16470.968000000001,15516.129000000001
PSID_FULL:02156,PSID_FULL,2156,02751947b31fc482959764977292446f103d84a05bccb99999fcd731700aba3b,0,19,11,1,0,0,1,15587.927,10741.934999999999,0
PSID_FULL:02157,PSID_FULL,2157,de072cf796a410fac1c0104266384acf93c8f37aeaab94b373063c8f38bc72d7,0,49,8,0,1,0,1,15674.134,1074.1935000000001,0
PSID_FULL:02158,PSID_FULL,2158,8a37636b39728b8987335fe80f45afd66f75f00b258c2784b263112873096bb7,0,31,11,1,0,0,1,15674.134,4316.4677000000001,7093.0875999999998
PSID_FULL:02159,PSID_FULL,2159,30c746a104f8c8d11a8dc2be61259fdd181ca74be710d6bacded4f51b705d2cd,0,25,11,1,0,0,1,15674.134,6982.2581,13890.629999999999
PSID_FULL:02160,PSID_FULL,2160,14deb25846c2f5e376380605b6e42841d2fac7d0c7d5103511439b7ad9ddc14c,0,23,11,1,0,1,1,15674.134,8414.5161000000007,8866.3593999999994
PSID_FULL:02161,PSID_FULL,2161,60fe2a6becf89b4c7e62bb1833231495f21c39a206ad06162346d37aec1594b7,0,18,10,0,1,1,1,15674.134,10741.934999999999,20688.171999999999
PSID_FULL:02162,PSID_FULL,2162,b352ec2b2b796375f6b5595a6794523c29f71f48ed7e49c632207fd1a9c1b66f,0,34,10,1,0,0,1,15674.134,12532.258,25121.351999999999
PSID_FULL:02163,PSID_FULL,2163,672d38acbf437ee35dea7ef34afd323fe9a6348c299bc7e06c19f7949c9280b6,0,46,4,0,0,1,1,15674.134,14322.581,8866.3593999999994
PSID_FULL:02164,PSID_FULL,2164,1e486ab58e8be1a9374cf83e011ef4aa2dac4908cd23dbea707dde55e76e9725,0,46,7,0,0,1,1,15674.134,14680.645,9605.2227000000003
PSID_FULL:02165,PSID_FULL,2165,6ab34b76cb27114be84ec1ccda99c0ebf63eef3b8c5ef3eb1b16f3b79123bcd7,0,53,6,0,0,1,1,15674.134,15217.742,14777.266
PSID_FULL:02166,PSID_FULL,2166,c96ebeb992e8f298dc8c3cfcf7b4514050d4ce6d1ad5afb57804b74b01c0fc75,0,54,7,0,0,1,1,15674.134,16112.903,18841.013999999999
PSID_FULL:02167,PSID_FULL,2167,0f342bafeac61f5a4f0edcc2a688592f7789931a55e75593445565169d12b7f3,0,37,9,1,0,1,1,15674.134,16112.903,19210.445
PSID_FULL:02168,PSID_FULL,2168,8776403056743d6eaca58b9503f501a338531daed36d55b7633951dee504d665,0,24,9,0,0,1,1,15674.134,16112.903,36943.163999999997
PSID_FULL:02169,PSID_FULL,2169,21a06c1181d6c6ca969fc3c47175d33d7c2b0c73d0e19e649841df78251c39ce,0,53,6,1,0,1,1,15674.134,16112.903,9974.6543999999994
PSID_FULL:02170,PSID_FULL,2170,7af12d8482cc778467beab06aa491b2f0ee2e8bb31eaf9bbfae6b02eae9093cd,0,21,10,0,0,1,1,15674.134,16112.903,20141.413
PSID_FULL:02171,PSID_FULL,2171,0485bfb33c36c33ec5c87ea5e95c69c5981dcfe8de19d734781e49185708f2bc,0,35,10,1,0,1,1,15674.134,16470.968000000001,23643.625
PSID_FULL:02172,PSID_FULL,2172,648ea052c6b583a64311a47eee30b560536ee1b50637ca30f0a23442db975dad,0,54,2,1,0,1,1,15674.134,16990.161,18096.240000000002
PSID_FULL:02173,PSID_FULL,2173,22e5d75fd025da4194f8278d7c2c90a6579498cbd21169ff6f969100947a15e7,0,43,10,0,0,1,1,15674.134,17903.225999999999,19709.917000000001
PSID_FULL:02174,PSID_FULL,2174,8a35e9c073fc0afe92faf3a18f2c1a3b37b76afe8c61c70e61bce2fedb0db180,0,46,8,0,0,1,1,15674.134,17903.225999999999,17732.719000000001
PSID_FULL:02175,PSID_FULL,2175,7dd9a75f64600c0aa17325a4553e7427e9f1e4fd2dc25b58ce95de0c4c16d055,0,35,11,1,0,1,1,15674.134,17903.225999999999,0
PSID_FULL:02176,PSID_FULL,2176,0cf473f3c5e100008346a6609b0d3688ac9de0167c91feb8e623bfd1807efd57,0,50,8,0,0,1,1,15674.134,18109.113000000001,17437.173999999999
PSID_FULL:02177,PSID_FULL,2177,1490d1bf23bffab483da456be5a05a9d49f359cd835902d9fe20d8129ab12e89,0,47,10,0,0,1,1,15674.134,19693.547999999999,22165.899000000001
PSID_FULL:02178,PSID_FULL,2178,1490d1bf23bffab483da456be5a05a9d49f359cd835902d9fe20d8129ab12e89,0,47,10,0,0,1,1,15674.134,19693.547999999999,22165.899000000001
PSID_FULL:02179,PSID_FULL,2179,81636d71a3cd6fd044e1ba3a045b748c64be001e9ac2005b566567dd07e1aa62,0,21,9,0,0,1,1,15674.134,19693.547999999999,1773.2719
PSID_FULL:02180,PSID_FULL,2180,c7398135751cfba973ca53387e4553f2cbcea5904d2344ea254e7aee53dec2c3,0,18,10,0,0,1,1,15674.134,21483.870999999999,24973.579000000002
PSID_FULL:02181,PSID_FULL,2181,31076ecec9bc40e915ac90dcece005da89051c47e66dbd41ccbc6982d0bd839d,0,37,8,0,0,1,1,15674.134,26317.741999999998,36943.163999999997
PSID_FULL:02182,PSID_FULL,2182,5f9f44e6d300479cb734e2f716802b5e16eb650dfa8e8ac452c80fab656fcc04,0,41,7,1,0,1,1,15674.134,32225.806,11082.949000000001
PSID_FULL:02183,PSID_FULL,2183,09086ecd1fa207d73e2c49a9ccfdbbe5a115aab0a00eb586cd417237d02cd185,0,31,11,0,0,1,1,15870.061,15602.661,17732.719000000001
PSID_FULL:02184,PSID_FULL,2184,9e57629bdea20116cfdffaddd1af8269fe5e20424917c842b3a6705f0171a25e,0,35,10,0,0,1,1,15921.002,16148.709999999999,16606.690999999999
PSID_FULL:02185,PSID_FULL,2185,af49343360e1370184149e2f93e9fd6a3267792444bb48d46fc70c1ea42f57fa,0,51,8,1,0,1,1,15987.617,5800.6451999999999,0
PSID_FULL:02186,PSID_FULL,2186,f0b66a9eda67a994ecb990f57a560f8f2a3020ea86d9ac50ec34cf5bf91d75fd,0,30,7,1,0,1,1,15995.454,15387.823,13151.767
PSID_FULL:02187,PSID_FULL,2187,b5fa4c1785052a7fe6e796f7386bac1652eaedfe511f5e09e90bab2c2c19d543,0,30,11,0,0,1,1,16065.987999999999,17989.161,23052.535
PSID_FULL:02188,PSID_FULL,2188,b5fa4c1785052a7fe6e796f7386bac1652eaedfe511f5e09e90bab2c2c19d543,0,30,11,0,0,1,1,16065.987999999999,17989.161,23052.535
PSID_FULL:02189,PSID_FULL,2189,abc1a53da2fbc9ef03b7527a9e9f9eb821811dc63f2054f2bb27e833abf0590e,0,53,4,1,0,1,1,16142.398999999999,984.67741999999998,0
PSID_FULL:02190,PSID_FULL,2190,82defb8bab304fef61676ecd55f668d220a2fc2478534f2be80a7c6d3065fdc2,0,24,10,0,0,1,1,16144.358,20767.741999999998,22904.761999999999
PSID_FULL:02191,PSID_FULL,2191,732089f931bad40bc66a83c09837ad3874149f7442fd51b2beb0f8daadbab36f,0,48,8,1,0,1,1,16261.914000000001,11637.097,5172.0429999999997
PSID_FULL:02192,PSID_FULL,2192,732089f931bad40bc66a83c09837ad3874149f7442fd51b2beb0f8daadbab36f,0,48,8,1,0,1,1,16261.914000000001,11637.097,5172.0429999999997
PSID_FULL:02193,PSID_FULL,2193,f59177cb62996d13c2f50f6a5965829bc07542cbf96a5b992a3527e44860e7ee,0,47,6,1,0,1,1,16261.914000000001,14412.097,14260.061
PSID_FULL:02194,PSID_FULL,2194,bb806847954f6902bffdc50a1df2b4b1b688975f7a03f94fef7658b003e788aa,0,45,4,0,1,1,1,16261.914000000001,28108.064999999999,28076.805
PSID_FULL:02195,PSID_FULL,2195,88a78b74b0e00e0385eba104d9939a1ba32c5d5e0209e23655cc7cf75beb3dcc,0,47,8,1,0,1,1,16301.1,17129.806,17732.719000000001
PSID_FULL:02196,PSID_FULL,2196,88a78b74b0e00e0385eba104d9939a1ba32c5d5e0209e23655cc7cf75beb3dcc,0,47,8,1,0,1,1,16301.1,17129.806,17732.719000000001
PSID_FULL:02197,PSID_FULL,2197,8533a2c9b8ad7d3bdbd7e85866dda787e70582f1c946d8f48a8185d2f1497fb8,0,31,11,1,0,1,1,16453.922999999999,19693.547999999999,14777.266
PSID_FULL:02198,PSID_FULL,2198,19f5ba43c0d7428bb92f4c77035e954caa1082ef64e1d2be941a9b6c38ef473b,0,46,8,0,0,1,1,16457.841,16112.903,16254.992
PSID_FULL:02199,PSID_FULL,2199,b250e7c1bfd3aa2452e88cd82e7ab05926c7a4cf74bf0572c3777ee32aec868c,0,22,11,0,0,0,1,16653.768,3759.6774,0
PSID_FULL:02200,PSID_FULL,2200,3864e596fd8c675b23937e2c91cca1a495dd46ba6c1521edf8169e0210dbe42a,0,21,11,0,0,1,1,16653.768,13427.419,10344.085999999999
PSID_FULL:02201,PSID_FULL,2201,c0a2fbd7ff20df07e4323f1e9dd7761617d20db918e2e4dcd8fdc4b0eca928db,0,33,10,0,0,1,1,16653.768,16112.903,12560.675999999999
PSID_FULL:02202,PSID_FULL,2202,b9781a5510a0b2a4f1e6153dd07a8ad56816bfd4af06447de11b914b6e19b5c3,0,28,9,0,0,1,1,16653.768,17158.452000000001,17957.332999999999
PSID_FULL:02203,PSID_FULL,2203,247dc40b31d5317d4970b95ddf63242a0c9bd5b83f5410ed47068fdbcc53a437,0,20,10,0,0,1,1,16849.695,11995.161,17880.491999999998
PSID_FULL:02204,PSID_FULL,2204,3a93664796a1354152e6c859354e3e46e2bbde2961565a23910e204e78791e98,0,47,11,0,0,1,1,16928.064999999999,15409.306,17732.719000000001
PSID_FULL:02205,PSID_FULL,2205,a54970bad0a8dc49ff6d87b4117f1afae5d1cd7fe7726e6096cf17aa5e6c361f,0,23,11,0,0,1,1,17045.620999999999,11986.209999999999,5910.9062999999996
PSID_FULL:02206,PSID_FULL,2206,f9940d0ea1027527bb28b8edce96dcf1792abd050027801cfdd8ffbf2c510c25,0,35,10,1,0,0,1,17045.620999999999,14322.581,16846.082999999999
PSID_FULL:02207,PSID_FULL,2207,4d7001298a00dc7459bd61b432b5cf61047d44cf4e73a1b0148d0efed7560fc7,0,25,7,1,0,0,1,17045.620999999999,16137.968000000001,11821.813
PSID_FULL:02208,PSID_FULL,2208,afda03ef1fd09a6c6992b49a729e408b077d01145ac3111450d6357e3fbdc8c8,0,23,11,1,0,1,1,17116.154999999999,10741.934999999999,8866.3593999999994
PSID_FULL:02209,PSID_FULL,2209,666fce70870beb0e91753a3e9b2ca3e1708d38c9ee968ca0569e1243f63984e0,0,31,8,0,0,1,1,17241.547999999999,15754.839,16210.661
PSID_FULL:02210,PSID_FULL,2210,564a1dbe8be2bba2f05cd738ab2f9b0217a05ddd7d055ab3c417045910ba42fd,0,55,8,1,0,1,1,17241.547999999999,17903.225999999999,16254.992
PSID_FULL:02211,PSID_FULL,2211,1b29d876afebc5201491b0dd473183bf6da4126bac7e40ef1f5f348ab4a8087d,0,33,11,1,0,1,1,17370.859,15844.355,14753.621999999999
PSID_FULL:02212,PSID_FULL,2212,694cc19fe36f2f7391994f1ec14c275ee4dfe40152d2cd2dfeebd89a535ffbc3,0,31,9,1,0,0,1,17437.474999999999,13427.419,11326.773999999999
PSID_FULL:02213,PSID_FULL,2213,6c1504c38556ea0954dfcf4be9a7db3c3366c4cb16141b788593ef538e958247,0,34,7,0,0,0,1,17619.686000000002,20481.290000000001,19432.103999999999
PSID_FULL:02214,PSID_FULL,2214,41566e7d96d6b5528425f9b3362efe2c53ab2dbafcd7001a87fed40b9b743650,0,22,11,0,0,1,1,17633.401000000002,0,13299.539000000001
PSID_FULL:02215,PSID_FULL,2215,ef6b01e9ce1cf114e5e1f731ff9f05c7eb48d2e8b1c3e851ead1f1b258a3c882,0,21,9,0,0,1,1,17633.401000000002,3202.8870999999999,3250.9985000000001
PSID_FULL:02216,PSID_FULL,2216,3f4e085cd9a387bcf186ff1995ad5efd06240537e1fbd4592b904fe9fbcf148c,0,42,8,1,0,0,1,17633.401000000002,10562.903,0
PSID_FULL:02217,PSID_FULL,2217,fb843fd373f79c21b444b214d87d8f5004bd59c97fde47f8401df49ffa0e38ef,0,46,10,0,1,1,1,17633.401000000002,10741.934999999999,5910.9062999999996
PSID_FULL:02218,PSID_FULL,2218,2042bfb3a036650a71786b9b2d956f0181ef96c2a55503dc43f911b5d9d8cb0c,0,23,9,1,0,1,1,17633.401000000002,12532.258,14777.266
PSID_FULL:02219,PSID_FULL,2219,efb1a35752708a9a4ed1684d84902b51d26c13ce9724737ae82e9e3436fd356c,0,33,8,0,0,1,1,17633.401000000002,12890.323,22165.899000000001
PSID_FULL:02220,PSID_FULL,2220,f0f2b43ae71f999cca5e189a75f83185b3f1b52f40a27df488588f994345b091,0,43,11,1,0,1,1,17633.401000000002,14322.581,17732.719000000001
PSID_FULL:02221,PSID_FULL,2221,f0f2b43ae71f999cca5e189a75f83185b3f1b52f40a27df488588f994345b091,0,43,11,1,0,1,1,17633.401000000002,14322.581,17732.719000000001
PSID_FULL:02222,PSID_FULL,2222,e2c967340149867aec7a4e4eb3ea53819bb903f3723e1f635359563c776f05d2,0,29,8,0,0,1,1,17633.401000000002,16112.903,11821.813
PSID_FULL:02223,PSID_FULL,2223,dbcf68c600ab49cf095339ff6d898409e2c1f1f3e77c2a8a15c8cd278a85be99,0,35,9,0,0,1,1,17633.401000000002,16112.903,17732.719000000001
PSID_FULL:02224,PSID_FULL,2224,3f14c2ccebc1f3d39af41b45149156f8e0bc16dff6230ee76d12b21d140340f2,0,50,9,1,0,1,1,17633.401000000002,16112.903,16254.992
PSID_FULL:02225,PSID_FULL,2225,e5bccb5a893fdc495efca6d35c7eb202a5a1f1c4bb33cf08e00143fcea61e0af,0,18,9,0,0,1,1,17633.401000000002,16112.903,17584.946
PSID_FULL:02226,PSID_FULL,2226,b69b1148a75a2f44b75ef7243f60af4b6754dc7eeea93f1bc8fcd4a1be287107,0,44,11,0,0,1,1,17633.401000000002,16470.968000000001,14555.607
PSID_FULL:02227,PSID_FULL,2227,f45f349279ddf6c9188565f7b74d2f4c35112e652ef6b2d76fcb28c24fd7e775,0,34,6,0,0,1,1,17633.401000000002,17903.225999999999,4876.4976999999999
PSID_FULL:02228,PSID_FULL,2228,7ea3c7250db7bb7686d912dbd3fc71e8aefa8d8837fac1c7b76656070ad85f4b,0,26,8,0,0,1,1,17633.401000000002,18440.323,886.63594000000001
PSID_FULL:02229,PSID_FULL,2229,5640befd9ff2f71f4b09d2605227bc1c355c0cd1d4d1fabb24c906a8987ff892,0,47,10,0,0,1,1,17633.401000000002,19693.547999999999,30884.485000000001
PSID_FULL:02230,PSID_FULL,2230,0bbb91157f7007c408cb9afa1a8bb5480c5bc1e920e552a131f0e4de348c9a09,0,25,11,1,0,1,1,17633.401000000002,21483.870999999999,26599.078000000001
PSID_FULL:02231,PSID_FULL,2231,5d5bb5577464973306573afa95736455d9cbac221c079bd0e51878b710d5d20b,0,44,8,1,0,1,1,17633.401000000002,21483.870999999999,19210.445
PSID_FULL:02232,PSID_FULL,2232,67db9a317bdfd067287341bc816cbc682f264880e3889ef816adad43434b57ab,0,36,10,1,0,0,1,17633.401000000002,21483.870999999999,17732.719000000001
PSID_FULL:02233,PSID_FULL,2233,8d2ee25fda6f541fda722b2d8a151e75943ea99a7332432998848943109fd707,0,40,2,1,0,1,1,17645.156999999999,13427.419,8866.3593999999994
PSID_FULL:02234,PSID_FULL,2234,294e0ea5231f2753b1f317d0c92622765ce59223100d59ea2bdaf6872a850eee,0,46,11,0,0,1,1,17684.342000000001,16112.903,19210.445
PSID_FULL:02235,PSID_FULL,2235,d1967c4bf8d99d2fe34d4f8958e952ca544b281d6b70be809bc1f1877c837d62,0,44,5,1,0,1,1,17688.260999999999,17903.225999999999,19210.445
PSID_FULL:02236,PSID_FULL,2236,df9287657783b82c7a786a36348f539774aaed8cdb7e7ee4886200a83155fa48,0,38,9,0,0,1,1,17829.328000000001,7877.4193999999998,20688.171999999999
PSID_FULL:02237,PSID_FULL,2237,18d3f415cfa14234895f73340cfa6509ffe94902f784af65a451d156ebdd8c1e,0,54,11,0,0,1,1,17829.328000000001,15754.839,18102.151000000002
PSID_FULL:02238,PSID_FULL,2238,685cc5c6e6d7d0fd5db04baddc5d0ee29faff38e07673964e9a4dfcc593ffedf,0,32,8,0,0,1,1,17829.328000000001,21483.870999999999,20688.171999999999
PSID_FULL:02239,PSID_FULL,2239,da67170b012c8f34ca140c10b12937ba0b95efbd49d97f834f054c4ae95129fd,0,23,10,0,0,1,1,17829.328000000001,21483.870999999999,23643.625
PSID_FULL:02240,PSID_FULL,2240,887555d1197dee041bb07a3e646cc2e8b85b2e2b036abbc8f7999581dae200e3,0,46,11,1,0,1,1,17868.512999999999,17903.225999999999,13326.138000000001
PSID_FULL:02241,PSID_FULL,2241,4d7149a44a904ef6ad7a99316054dd47bdcefcd71859332fe459027b6cebec69,0,44,11,1,0,1,1,17929.251,18588.919000000002,19210.445
PSID_FULL:02242,PSID_FULL,2242,d48def73d7d161d252d710ebb086b657ff379d45304f6253c659d8468a6862c9,0,41,10,1,0,1,1,18025.255000000001,17366.129000000001,21427.035
PSID_FULL:02243,PSID_FULL,2243,c0f6d678bd64d7ff8475e3d072e7b2970ff5130110e9da6b960bc111e3b2ca4b,0,44,8,0,0,1,1,18025.255000000001,18798.386999999999,28076.805
PSID_FULL:02244,PSID_FULL,2244,fb6a9940d05f520cdb0ce71ad23522e108a4a59abc797e54111981eeee1b12e0,0,36,11,1,0,1,1,18025.255000000001,21483.870999999999,26599.078000000001
PSID_FULL:02245,PSID_FULL,2245,5bd2a40abe0f90c089a22f7b230a5366940259c76b3d9e9bf26ab7f37286291c,0,23,8,0,0,1,1,18221.181,25073.468000000001,12117.358
PSID_FULL:02246,PSID_FULL,2246,a66ac558e82a5813bfe034c5d3e9c0e6207692bfd8bc34edcf3ccc06774d58eb,0,20,9,0,0,1,1,18285.837,20767.741999999998,23643.625
PSID_FULL:02247,PSID_FULL,2247,f7f926c9089a55cae084bc652b3a86337d76e77efd675aa12155ec29834270ce,0,46,3,1,0,1,1,18319.145,14322.581,19949.309000000001
PSID_FULL:02248,PSID_FULL,2248,d4fe29d89fa5b5565b356bf0a68c41dfdd97542120bbe5ba6ed83930588cad93,0,36,10,1,0,1,1,18417.108,16112.903,22165.899000000001
PSID_FULL:02249,PSID_FULL,2249,ccb10a9f51861f2a63ca1b707a3b70c5a260c27e83d7c4673f28280749e7f0f0,0,40,10,0,0,1,1,18417.108,17903.225999999999,20688.171999999999
PSID_FULL:02250,PSID_FULL,2250,ccb10a9f51861f2a63ca1b707a3b70c5a260c27e83d7c4673f28280749e7f0f0,0,40,10,0,0,1,1,18417.108,17903.225999999999,20688.171999999999
PSID_FULL:02251,PSID_FULL,2251,a2919be6597a263a03a3fceca889db62ac9f08779208a8f994e1c2c774992669,0,27,8,1,0,1,1,18417.108,22916.129000000001,31032.258000000002
PSID_FULL:02252,PSID_FULL,2252,2594851863faede689b3522357f56c42f88fad8a9a1f16241f3e15b705775dbb,0,24,11,1,0,0,1,18613.035,20230.645,31032.258000000002
PSID_FULL:02253,PSID_FULL,2253,5ff74b78017cccd45acf2fcf55b1bf4fc52bdcdf1506ccca6dd31796823395da,0,34,11,1,0,1,1,18808.960999999999,17903.225999999999,14777.266
PSID_FULL:02254,PSID_FULL,2254,eb77e3f8ade037d592f80c70962c165fc1b3142203a2b5e170c6a1e357d78d2d,0,47,10,0,0,1,1,19004.887999999999,17903.225999999999,21722.580999999998
PSID_FULL:02255,PSID_FULL,2255,eb77e3f8ade037d592f80c70962c165fc1b3142203a2b5e170c6a1e357d78d2d,0,47,10,0,0,1,1,19004.887999999999,17903.225999999999,21722.580999999998
PSID_FULL:02256,PSID_FULL,2256,9c14f774cf83f89d1b1af2b89f849a3cd964680403cb119afc0d58800ca49aa6,0,49,4,0,0,1,1,19200.814999999999,7161.2902999999997,2955.4531000000002
PSID_FULL:02257,PSID_FULL,2257,4b60edd25de07446e1ec9f7d3ea9a53b1dc3dcf4345f707fe194c4613e5446a7,0,35,9,0,0,1,1,19200.814999999999,17706.290000000001,8866.3593999999994
PSID_FULL:02258,PSID_FULL,2258,d78186aafa8e0c776551a63fae11630c9e1fad9cef0b9bd264dff6df821953e5,0,33,9,1,0,1,1,19396.741000000002,16112.903,19210.445
PSID_FULL:02259,PSID_FULL,2259,3f3d33cd2b021e27a1b6299e75a5f86c36ceb33c0ce8e84d7d2cb4389a700326,0,51,11,0,0,1,1,19592.668000000001,6982.2581,26599.078000000001
PSID_FULL:02260,PSID_FULL,2260,1ab39e498955435820947ea3de5226341c4b77bfc3a60db5ed70be0999576dd6,0,33,10,0,0,1,1,19592.668000000001,10741.934999999999,26599.078000000001
PSID_FULL:02261,PSID_FULL,2261,08bf26c540e3ea6c94cf32ec8ae95b66c095d3c8dd5ed92e4078dfb0e28bc50d,0,20,7,1,0,1,1,19592.668000000001,11637.097,14777.266
PSID_FULL:02262,PSID_FULL,2262,aa69a7c9f6a292ff69a25b75c69b678c332d3970d46841a0f947ff6e79372dce,0,36,8,0,1,1,1,19592.668000000001,11995.161,16993.856
PSID_FULL:02263,PSID_FULL,2263,aa69a7c9f6a292ff69a25b75c69b678c332d3970d46841a0f947ff6e79372dce,0,36,8,0,1,1,1,19592.668000000001,11995.161,16993.856
PSID_FULL:02264,PSID_FULL,2264,ecfa6772500a621e8512ef4e5b29bd231898c0d0d6dc165040439d5433e673e4,0,28,11,1,0,1,1,19592.668000000001,12890.323,7130.0307000000003
PSID_FULL:02265,PSID_FULL,2265,2a998488510329426e68dafdf5f9b745b7df26ab5b32d260f28b1ac7f70b0ed6,0,44,6,1,0,1,1,19592.668000000001,14322.581,5615.3609999999999
PSID_FULL:02266,PSID_FULL,2266,2ae74f6a28975234f1c3686ad62e125bdf714f9448e4f0d1a16099dd368dccc5,0,22,10,0,0,1,1,19592.668000000001,15217.742,0
PSID_FULL:02267,PSID_FULL,2267,3374e6d27349f9126a56a34a16a4957070cd882f78c300c40f3d29f1af65bc84,0,50,10,0,0,1,1,19592.668000000001,15933.870999999999,29554.530999999999
PSID_FULL:02268,PSID_FULL,2268,f5370fa1dca8f93013f8e60ac1c8cadb98713dd96c1c98fd8fe2bfe02ef8161c,0,52,9,0,0,1,1,19592.668000000001,16112.903,24045.566999999999
PSID_FULL:02269,PSID_FULL,2269,1d988eb251d96b6129f77948b12d65d25b6fe52ef94fef30bbbf79b34c4d9286,0,25,5,1,0,1,1,19592.668000000001,16650,28076.805
PSID_FULL:02270,PSID_FULL,2270,0730ac90dc47d86c13c9be35a6eb770283735745aae42923424af45fb23e2f76,0,52,8,0,0,1,1,19592.668000000001,17903.225999999999,17289.401000000002
PSID_FULL:02271,PSID_FULL,2271,c6a9ff85afeb5ae9c8538b4ca08580ffce220937059c29346f68858be5103325,0,38,8,0,0,1,1,19592.668000000001,17903.225999999999,30207.687000000002
PSID_FULL:02272,PSID_FULL,2272,0a983b2f724816e6d346b7e99c9061f18b07a454fee2a03d998d1ee53ecd29da,0,53,7,0,0,1,1,19592.668000000001,19693.547999999999,22165.899000000001
PSID_FULL:02273,PSID_FULL,2273,50a4dda2e2e50f6ab0414125a2c0f63d8e9d4c10cd484e5c96a4de3544d78733,0,38,8,0,0,1,1,19592.668000000001,19693.547999999999,23643.625
PSID_FULL:02274,PSID_FULL,2274,50a4dda2e2e50f6ab0414125a2c0f63d8e9d4c10cd484e5c96a4de3544d78733,0,38,8,0,0,1,1,19592.668000000001,19693.547999999999,23643.625
PSID_FULL:02275,PSID_FULL,2275,29bbb1eb627e02a95d7d93b04a9e0939b13f67dab82ae943d032d2c448e63d23,0,22,11,0,0,1,1,19592.668000000001,20588.709999999999,27929.031999999999
PSID_FULL:02276,PSID_FULL,2276,d8793e9d16c209159c5a79af078a3f23d82472be2bc825389108950fd59127a2,0,41,9,0,0,1,1,19592.668000000001,21483.870999999999,20303.963
PSID_FULL:02277,PSID_FULL,2277,e4d9741a2a6a5e68b98b65a4e84466a0821c6faa4268f07289f2adb252aa5ea9,0,30,11,1,0,1,1,19592.668000000001,24547.113000000001,22165.899000000001
PSID_FULL:02278,PSID_FULL,2278,8651cbcc581f36323d596d2afa37355c0e658a94b64fe663af484a7311d7bc68,0,24,10,0,0,1,1,19592.668000000001,25064.516,29554.530999999999
PSID_FULL:02279,PSID_FULL,2279,3ecfefc83d45a7f0e2e47dcf56f9f235dfb8d4abb424bfcaf1f6f9d18ffd0588,0,43,6,1,0,1,1,19912.028999999999,16112.903,20688.171999999999
PSID_FULL:02280,PSID_FULL,2280,9c89058408b43b75f3c3599932c650725e9ddc660e5d9f56631e57c00445fdbb,0,55,6,1,0,1,1,19962.969000000001,26854.839,14777.266
PSID_FULL:02281,PSID_FULL,2281,ba1c2efe113f4b73695f007c157c8f903ddea8b22077a254513c280dacc222b0,0,27,7,0,0,1,1,19984.521000000001,20409.677,31032.258000000002
PSID_FULL:02282,PSID_FULL,2282,a0a05691641d4a42d7093ec4a57f8392fc2ec29eec0f2aa330b98710225f824d,0,23,10,0,0,1,1,19984.521000000001,21483.870999999999,17732.719000000001
PSID_FULL:02283,PSID_FULL,2283,aff94332a59c4ed5de92a98ea5fa994a4ab6d0e3cbbf684eb291a3fcc98adfd4,0,53,10,0,0,1,1,19984.521000000001,21483.870999999999,4433.1796999999997
PSID_FULL:02284,PSID_FULL,2284,f7082dd074d89a3555eb08ead60949e8f66938c060bd730c4b0a65cb08bbeb29,0,48,8,0,0,1,1,19984.521000000001,21483.870999999999,19210.445
PSID_FULL:02285,PSID_FULL,2285,350179af9969fcd9ca2087290516a0460a5d5ebaa2ab10d83dab719a7b04ddf0,0,53,10,1,0,1,1,20062.892,15502.403,13299.539000000001
PSID_FULL:02286,PSID_FULL,2286,ae5b713717b387e422b80a756bd183d1dadcd0ea4e6a3179d9fec51a982a1cd5,0,50,7,0,0,1,1,20180.448,14322.581,0
PSID_FULL:02287,PSID_FULL,2287,4ef7cd2eac7f046e5288c67bbe659b46cb70134ff77da7088ede636d41c06b23,0,40,11,1,0,1,1,20278.411,16112.903,19210.445
PSID_FULL:02288,PSID_FULL,2288,f4bfe139631094fa46531ddc8c3ffbfcc9baf9c5dfddba6654f0b3f482485523,0,50,7,1,0,1,1,20384.212,17008.064999999999,17732.719000000001
PSID_FULL:02289,PSID_FULL,2289,05932f3d1d48b79e7fbd54d7049ba2c458f1e1792a8a220ef9a4b8ed30d50a6b,0,38,9,1,0,1,1,20388.130000000001,22407.677,16254.992
PSID_FULL:02290,PSID_FULL,2290,1b3d8215658046c0afba7e257d3c9194ad30be4a936c8981e4aab1eb0044980d,0,52,5,0,0,1,1,20572.300999999999,16112.903,19210.445
PSID_FULL:02291,PSID_FULL,2291,b1a86129567793a6c2d62f208e9946e4f3f5f05be02ad71506d486e9ee9acc4b,0,36,10,0,0,1,1,20572.300999999999,17366.129000000001,14481.719999999999
PSID_FULL:02292,PSID_FULL,2292,373b1da58c92dcac2653906f419b8567cded1a38bf181de813bc8c4a6ad1cbef,0,40,11,0,0,1,1,20572.300999999999,21483.870999999999,27485.714
PSID_FULL:02293,PSID_FULL,2293,a14a5fcc36fa548201be4c426d84b27845bdf2f59a1c9bb4764d4d7833ed5b8a,0,38,11,0,0,1,1,20572.300999999999,21483.870999999999,19210.445
PSID_FULL:02294,PSID_FULL,2294,cc52233a0b745619c5acf8f204971ea13aaaec4f7ae04bd2b99057691dfa6eeb,0,41,8,0,0,1,1,20572.300999999999,22379.031999999999,19633.075000000001
PSID_FULL:02295,PSID_FULL,2295,1a9ce7cbff2468913c8c033c11011581985c633cd82ada1b82b1fd9e36eb6326,0,43,11,0,0,1,1,20629.119999999999,31330.645,26599.078000000001
PSID_FULL:02296,PSID_FULL,2296,da7a461d771f1b36a9b196854914795fff1bf5c5e6a8717fda661d649295f5ab,0,46,10,0,0,1,1,20944.562000000002,21338.855,21131.490000000002
PSID_FULL:02297,PSID_FULL,2297,4e8f4df87466f70faac81b2f12e3d303fff1e189b8d4a6399b53182257840887,0,53,8,0,0,1,1,20964.154999999999,22033.5,23195.874
PSID_FULL:02298,PSID_FULL,2298,91c8f39d38b3fee60d81c79968d2ae593ddb072951bc19485e006da84692b818,0,25,10,0,0,1,1,20964.154999999999,23632.258000000002,23495.852999999999
PSID_FULL:02299,PSID_FULL,2299,0f62dcbcd9f84383388bf4ed270396d146f24d6f7909f2d3d8eaaea88098cdc9,0,44,10,1,0,1,1,20993.544000000002,19190.468000000001,25068.153999999999
PSID_FULL:02300,PSID_FULL,2300,0f62dcbcd9f84383388bf4ed270396d146f24d6f7909f2d3d8eaaea88098cdc9,0,44,10,1,0,1,1,20993.544000000002,19190.468000000001,25068.153999999999
PSID_FULL:02301,PSID_FULL,2301,1aae8aed188771f4487a2bf8d730aee10cfe7adec89454e7ba0e6eda410abd1d,0,37,8,0,0,1,1,21481.401000000002,14322.581,23643.625
PSID_FULL:02302,PSID_FULL,2302,0451df700a69335c6c7e338553576d8ac197c9e32ad094805a4453e0f6b4178c,0,34,10,1,0,1,1,21551.935000000001,10083.097,18471.581999999999
PSID_FULL:02303,PSID_FULL,2303,1ab03f2dc738c5117e374630a2a64a72e3c68f3a8388d9ef149a41568d3dd756,0,46,11,0,0,1,1,21551.935000000001,16112.903,13299.539000000001
PSID_FULL:02304,PSID_FULL,2304,f0dbf23e50000e92b2af2c985f94a559a7ad734978f5d1ae7411476143b3a0f6,0,48,6,1,0,1,1,21551.935000000001,16112.903,17732.719000000001
PSID_FULL:02305,PSID_FULL,2305,6ac4285afa1f6d6f27071ea5feaeb79a3286e74a88e4cdf088a50a5e6c05a129,0,42,10,0,0,1,1,21551.935000000001,18798.386999999999,22165.899000000001
PSID_FULL:02306,PSID_FULL,2306,fd5c9e9b1ed4c83d5b6828121d09d13cc6ef8a00daa2dc2dbbb3305b0795c5d7,0,55,10,0,0,1,1,21551.935000000001,19693.547999999999,14777.266
PSID_FULL:02307,PSID_FULL,2307,a916a7a86b9e344d39ed2f9ef5fcfbc6b3f1fe1bb41abb0f4d1942d41e2c8757,0,39,9,0,0,1,1,21551.935000000001,19693.547999999999,20688.171999999999
PSID_FULL:02308,PSID_FULL,2308,187311aa4ece3ce32e8283aefdc54af0b8752549e22afd7c8f07191722e6471a,0,41,10,1,0,1,1,21551.935000000001,20767.741999999998,25121.351999999999
PSID_FULL:02309,PSID_FULL,2309,444e71fb1f966312cbabf7d485b1d6ef5c0993ddcb7bdbd246014ea8747e4948,0,33,8,1,0,1,1,21551.935000000001,22379.031999999999,27485.714
PSID_FULL:02310,PSID_FULL,2310,c55a2cf92caca96fa6845e93bb6d96b02be60a8644436e8cdb3094109b5ff6d7,0,22,10,1,0,1,1,21551.935000000001,25064.516,31032.258000000002
PSID_FULL:02311,PSID_FULL,2311,fbe76e96e4310143459036d9077a8e767ed9bf37fd62b048dba5233257da085b,0,25,8,0,0,1,1,21551.935000000001,25959.677,25121.351999999999
PSID_FULL:02312,PSID_FULL,2312,d911c27f60d735042fb59032c2e761e8e53af5c32fa34360a5ed5e76bbcc1c0a,0,54,9,1,0,0,1,21551.935000000001,30435.484,33987.711000000003
PSID_FULL:02313,PSID_FULL,2313,6f1498a4ad7b3e6e77ee9f44e9e2a796a2be968c4d43c4fc2be913d2644a8458,0,49,8,0,0,0,1,21551.935000000001,36316.694000000003,44331.796999999999
PSID_FULL:02314,PSID_FULL,2314,4237fcc4ab40348c032fd16c99a158be96b6f914f9523f2a633dcff33247841b,0,35,10,0,0,1,1,21583.282999999999,23847.097000000002,22756.989000000001
PSID_FULL:02315,PSID_FULL,2315,294f0800ab5b5666ce85f31d6b2079d0013d89007422fd7c81ae7767a802b77a,0,43,9,0,0,1,1,21630.305,11565.484,11821.813
PSID_FULL:02316,PSID_FULL,2316,0c566057070764f43936142d3e3e65f4aa6b9325abbe5ff36cb7d145f9083117,0,39,7,0,0,1,1,21712.595000000001,24065.516,23643.625
PSID_FULL:02317,PSID_FULL,2317,6ed9a333fd43c898cb886db1141029bfdcc7650940924b72008f15a56c7c8aef,0,47,10,0,1,1,1,21943.788,18977.419000000002,19210.445
PSID_FULL:02318,PSID_FULL,2318,541f8a426d05f2b1972f82cd886d9dbc0689a7f41e2e6363167bab2c5e6073d1,0,51,10,0,0,1,1,21943.788,23274.194,25860.215
PSID_FULL:02319,PSID_FULL,2319,541f8a426d05f2b1972f82cd886d9dbc0689a7f41e2e6363167bab2c5e6073d1,0,51,10,0,0,1,1,21943.788,23274.194,25860.215
PSID_FULL:02320,PSID_FULL,2320,69a2f70ec0a5cd7d7ef5bd72135c9073c125c7612a58eab9c1ca68d7698edaff,0,49,5,0,1,1,1,22041.752,23274.194,20392.627
PSID_FULL:02321,PSID_FULL,2321,ef112ff9e96a62d5430cd11e3e9c808a1e26192849597c6f6789c43389c1fb9a,0,48,11,0,0,1,1,22178.900000000001,19693.547999999999,16254.992
PSID_FULL:02322,PSID_FULL,2322,ef112ff9e96a62d5430cd11e3e9c808a1e26192849597c6f6789c43389c1fb9a,0,48,11,0,0,1,1,22178.900000000001,19693.547999999999,16254.992
PSID_FULL:02323,PSID_FULL,2323,ae1d9170645f43ff7fb7977768240b92a25a83c41585fecf86eb402c370ddd57,0,30,10,1,0,1,1,22335.642,0,121173.58
PSID_FULL:02324,PSID_FULL,2324,0cb5b0c97749fe112ff3beb89fbd251896173bc7412f6a844285a1071c78c9a1,0,31,9,0,0,1,1,22531.567999999999,21483.870999999999,0
PSID_FULL:02325,PSID_FULL,2325,543e5524e526c50163c71d298fdbd3ecc19bdba53078b9926fc3f5945eb512a2,0,28,9,0,0,1,1,22727.494999999999,20767.741999999998,22904.761999999999
PSID_FULL:02326,PSID_FULL,2326,9091baf70e75756290892ddf776d3d43a2a07fe418742fe1b2a340ce0f8dbb38,0,49,10,0,0,1,1,22727.494999999999,23095.161,24086.942999999999
PSID_FULL:02327,PSID_FULL,2327,ad3bd2dc2e31a84337c7cc3d5706d91e562e86be83f581d0a2b2509b783f1284,0,48,10,0,0,1,1,22727.494999999999,26854.839,27042.396000000001
PSID_FULL:02328,PSID_FULL,2328,1bf3dc9b9079a6105127059ff9ccc19f9fa53a3de043490ce71b97dc35da1119,0,49,9,0,0,1,1,22727.494999999999,30435.484,29554.530999999999
PSID_FULL:02329,PSID_FULL,2329,fd64ef0e64c57cc8b9f8064969c90f811d23a448fc0c3aa726d0156c1861b688,0,49,4,1,0,1,1,22968.485000000001,28645.161,22165.899000000001
PSID_FULL:02330,PSID_FULL,2330,66995d507845ecb2f55c5c390826eb11df355a54a8196f79fbf7e533a304ae67,0,32,10,0,0,1,1,23025.303,21483.870999999999,33987.711000000003
PSID_FULL:02331,PSID_FULL,2331,6e9f3c0f86f906b01cdf223f659ba667d6aa6110542f7cf3f94c9aac7e8c5116,0,30,11,0,0,1,1,23119.348000000002,20051.613000000001,22018.126
PSID_FULL:02332,PSID_FULL,2332,70e632222d20113af3814e1ff55ac1d4fae095be9be97a638b06796670361b83,0,47,10,0,0,1,1,23236.903999999999,17903.225999999999,35364.951999999997
PSID_FULL:02333,PSID_FULL,2333,fdcaf66396ec6d2e9401a346e87499274404243f83ac4f129eece58b0f82946b,0,31,10,0,0,1,1,23315.275000000001,2467.0645,15220.584000000001
PSID_FULL:02334,PSID_FULL,2334,c6b0c20a098c50646897c232bc2c2c4e57da25813e2de855fa2b906e6d7a5d0c,0,48,10,0,0,1,1,23511.202000000001,2864.5160999999998,0
PSID_FULL:02335,PSID_FULL,2335,b3116c5dd4776732c5ae2b82c3d4e42113361a0add7361503180a83096675495,0,28,11,0,0,1,1,23511.202000000001,5370.9677000000001,21796.467000000001
PSID_FULL:02336,PSID_FULL,2336,7b8d3cb67b5c88844610d58d8e8a9d402e74e61709ff78be1d752062e907cc84,0,33,10,1,0,1,1,23511.202000000001,12532.258,18471.581999999999
PSID_FULL:02337,PSID_FULL,2337,4888aea05714ad4beb2d7b92a884a25b751b7a41742d64ef075979ade58d0d4f,0,52,8,1,0,0,1,23511.202000000001,15217.742,7093.0875999999998
PSID_FULL:02338,PSID_FULL,2338,f951994c970b7982beb04f229b60299f70c5be1b5e9808b00a3d8f488d43daf1,0,53,5,0,0,1,1,23511.202000000001,17903.225999999999,20215.299999999999
PSID_FULL:02339,PSID_FULL,2339,72f82e72b0ed66f18aab9a5a4e5b3adf77747cb4653cbdcb971d61d35c4cbd7c,0,42,6,0,0,1,1,23511.202000000001,17903.225999999999,23643.625
PSID_FULL:02340,PSID_FULL,2340,72f82e72b0ed66f18aab9a5a4e5b3adf77747cb4653cbdcb971d61d35c4cbd7c,0,42,6,0,0,1,1,23511.202000000001,17903.225999999999,23643.625
PSID_FULL:02341,PSID_FULL,2341,72f82e72b0ed66f18aab9a5a4e5b3adf77747cb4653cbdcb971d61d35c4cbd7c,0,42,6,0,0,1,1,23511.202000000001,17903.225999999999,23643.625
PSID_FULL:02342,PSID_FULL,2342,6f06c31d177da59f0d060355661050310e3317c9ae054ed462812b5194adab1e,0,42,8,0,0,1,1,23511.202000000001,18798.386999999999,26569.524000000001
PSID_FULL:02343,PSID_FULL,2343,7d246a6f0d00136b853bbea213746502a1b34c305c18c86f2892e48be9bbb762,0,30,9,0,0,1,1,23511.202000000001,19441.113000000001,26599.078000000001
PSID_FULL:02344,PSID_FULL,2344,75042d95e4e93981323fa6ad2e296f06bfe4b7e3a4bd9c9cd07b6f51ee776a18,0,36,7,1,0,1,1,23511.202000000001,21483.870999999999,13299.539000000001
PSID_FULL:02345,PSID_FULL,2345,77133b380663ebbdf1832720e277553091ed973c8fd194a2b344994c39fac893,0,54,8,0,0,1,1,23511.202000000001,21483.870999999999,19210.445
PSID_FULL:02346,PSID_FULL,2346,dc49df71ed02921a3c941d88503607435c796ea1aa401a492e970038cc4f0a7b,0,42,9,0,0,1,1,23511.202000000001,21841.935000000001,26303.532999999999
PSID_FULL:02347,PSID_FULL,2347,91ef6bb36f1949a68b44d8c8bad917006db6cd2f9a9fd8d1096a43fa6e9229d3,0,51,8,1,0,1,1,23511.202000000001,23274.194,23643.625
PSID_FULL:02348,PSID_FULL,2348,8a3134556fd19373c01bd1663a284d4f905a4fa47f7b0dcf4b4dafba870551e1,0,24,10,0,0,1,1,23511.202000000001,25062.725999999999,29678.661
PSID_FULL:02349,PSID_FULL,2349,2f913684975482233415f43f7cb0bd412f48211d3535968bfdc528990b426c27,0,23,10,0,0,1,1,23511.202000000001,25064.516,25121.351999999999
PSID_FULL:02350,PSID_FULL,2350,a0d5ab585338eaef48442e3aca80b5f13d04780c5bbce972a56931e1961a4745,0,50,8,0,0,1,1,23511.202000000001,25243.547999999999,26155.759999999998
PSID_FULL:02351,PSID_FULL,2351,3a9481e853177d2812e623fa0d38c6b3854ef86cd4aacf790eca0be1ecd5ca09,0,51,11,0,0,1,1,23511.202000000001,25780.645,27190.169000000002
PSID_FULL:02352,PSID_FULL,2352,32d095ba2c39a1b052342e5b77b238546617523f94b5e8a5f3e7160e113de98b,0,51,8,0,0,1,1,23511.202000000001,26407.258000000002,22165.899000000001
PSID_FULL:02353,PSID_FULL,2353,e697e0c4d6bafb7133fe2134f2927dd22283677807f2b70489b0cbd0e43b639f,0,51,8,0,0,1,1,23511.202000000001,27019.547999999999,27337.941999999999
PSID_FULL:02354,PSID_FULL,2354,3e945587afe239442817f372bbcc1acbf610105d22195011a6da68578aeb2a9e,0,30,10,0,0,1,1,23511.202000000001,28645.161,28047.25
PSID_FULL:02355,PSID_FULL,2355,e39d669a50071dc79768607d7303c067101d52d3dc3d32a85030feaf1bc56679,0,52,11,0,0,1,1,23568.02,0,0
PSID_FULL:02356,PSID_FULL,2356,217704e76f32fe89263ce9a0883686926af461d67a62bfbc57af22171d64b60f,0,50,8,1,0,1,1,23707.128000000001,28913.709999999999,31032.258000000002
PSID_FULL:02357,PSID_FULL,2357,08460090244f15ed2512289e109e52b206e0bdae4d544a5be22b83d7500e74cb,0,29,10,0,0,1,1,23711.046999999999,26854.839,13299.539000000001
PSID_FULL:02358,PSID_FULL,2358,3dbdf8a01f040a8dbe2371c1c173fd9a29154c41266399026f844a17a41e4505,0,48,9,0,0,1,1,23859.951000000001,25064.516,26968.509999999998
PSID_FULL:02359,PSID_FULL,2359,1a7b4bbb6e3c89cac6943fb345718a0509730afbe594de77ec7f7767260eb9d2,0,30,9,0,0,1,1,23903.055,23900.806,23791.398000000001
PSID_FULL:02360,PSID_FULL,2360,0722aadad894e075a4cae4795587d5dc5c3168b8fe69ee1bed5692ae6388a2c9,0,37,8,0,0,1,1,24098.982,22823.031999999999,23145.631000000001
PSID_FULL:02361,PSID_FULL,2361,1b55242ee0cf03023a01380c109885f4e522fffcaae2094aed340853b8eff970,0,28,11,0,0,1,1,24098.982,24169.355,35465.438000000002
PSID_FULL:02362,PSID_FULL,2362,d0333b54525a4f8a5ff8256bd822b2098bc8cf0f81c2e4e15104c23debb3b40a,0,44,11,1,0,1,1,24294.907999999999,35806.451999999997,29554.530999999999
PSID_FULL:02363,PSID_FULL,2363,d0333b54525a4f8a5ff8256bd822b2098bc8cf0f81c2e4e15104c23debb3b40a,0,44,11,1,0,1,1,24294.907999999999,35806.451999999997,29554.530999999999
PSID_FULL:02364,PSID_FULL,2364,876773ae1ef17688bca0ede768dd96e7df6e2fcba81f5ead2b921da07e39731f,0,54,3,0,0,1,1,24530.02,19514.516,30549.041000000001
PSID_FULL:02365,PSID_FULL,2365,2fdf6456932a6669830e1c8712b60c7a5ea0244326137ccc2f2c028bed12ba57,0,52,9,0,0,1,1,24627.984,25064.516,19210.445
PSID_FULL:02366,PSID_FULL,2366,b01d7d0abe4f18d59be35305fa8a689ddf69d734dcb249b2be99944c2d98e9a0,0,35,9,1,0,1,1,24686.761999999999,16829.031999999999,20392.627
PSID_FULL:02367,PSID_FULL,2367,0839db9eb4d9d9735fc1db895501d71bdf8c31512abb10796c4b71e07f630d7a,0,32,10,0,0,1,1,24686.761999999999,27033.870999999999,22904.761999999999
PSID_FULL:02368,PSID_FULL,2368,f45ed8066958c6018b1d280bb8694fb366e7ce7544f25b19214e348215e24ef8,0,47,7,0,0,1,1,24784.724999999999,23811.290000000001,25860.215
PSID_FULL:02369,PSID_FULL,2369,f9b9e3d40b99a7e86916c34c9b5b9fcd72e29d2255753b510c5d6bb3f08fb818,0,30,11,0,0,1,1,24882.687999999998,26854.839,33248.847999999998
PSID_FULL:02370,PSID_FULL,2370,b4a9e4ca53df5a1d28b28c0b3e011ee33c45c7b016c18b9468cbff3cadc23614,0,49,6,0,0,1,1,25274.542000000001,21841.935000000001,29111.214
PSID_FULL:02371,PSID_FULL,2371,b87a03825196a0ec31a5bd3589092cc1b759e6e34d6f819b5c4ac7fc58124312,0,48,8,0,0,1,1,25470.468000000001,0,13299.539000000001
PSID_FULL:02372,PSID_FULL,2372,10db523b607042a9cf92645afc66c89d7a4d2b7c798cd3eac88240f68e6f8878,0,32,9,0,0,1,1,25470.468000000001,1432.2581,24803.641
PSID_FULL:02373,PSID_FULL,2373,e02343971f095b28cdbdd1180dec309827bc09b0fa2db5a9d03b388319a9aadb,0,44,6,0,0,1,1,25470.468000000001,7619.6129000000001,11821.813
PSID_FULL:02374,PSID_FULL,2374,2ea9a1a784cae24c63167c77af57bf457482e3f4aaba03d4da884ab1d69abce6,0,48,8,0,1,1,1,25470.468000000001,16112.903,23643.625
PSID_FULL:02375,PSID_FULL,2375,d215dbbb94043630bc614784fce2640148af328d81862d5ca026571157f4aefd,0,52,7,1,0,0,1,25470.468000000001,17903.225999999999,25121.351999999999
PSID_FULL:02376,PSID_FULL,2376,1300ce253fdff284daac0d3e9a2305ba9852b675f62a7afbe009f06706da1094,0,49,11,0,0,1,1,25470.468000000001,19693.547999999999,481.73885999999999
PSID_FULL:02377,PSID_FULL,2377,2a7cca6442a746019cace79abf7a27d2c8887f3458e7a4a8c05ddc6c5c937a9d,0,38,9,0,0,1,1,25470.468000000001,21483.870999999999,47287.25
PSID_FULL:02378,PSID_FULL,2378,33cfe5a82a295bc05a147ecc6e83504e33d2c6d3b9f8472d19e27c340133dcd1,0,46,8,1,0,1,1,25470.468000000001,21483.870999999999,11390.316000000001
PSID_FULL:02379,PSID_FULL,2379,f2d6a363ce446b480d7e1c030b245bc57a0718c3d232820214eaffbdd93d1ccc,0,40,8,0,0,1,1,25470.468000000001,21483.870999999999,16254.992
PSID_FULL:02380,PSID_FULL,2380,d0cd1918cf5868d49d5a1c98c0e6b19cb39aecce1739ace9dcaee518386cdd53,0,44,3,1,0,1,1,25470.468000000001,21483.870999999999,26599.078000000001
PSID_FULL:02381,PSID_FULL,2381,293b43156d1bcc7b0891f2fed844201c6d927bdee518cc68e05f54e5d0fcb0ed,0,40,10,1,0,0,1,25470.468000000001,23274.194,20688.171999999999
PSID_FULL:02382,PSID_FULL,2382,c48acb0cc05ba539c48e15c32182462bce02ab1543a9bedf83e23fdbccc06268,0,26,8,1,0,1,1,25470.468000000001,23274.194,23643.625
PSID_FULL:02383,PSID_FULL,2383,68617bc8e2c7c4c2b9d5b3287cbb590bcf496404a85dfdfe1d46011e0a058b7a,0,49,11,0,0,1,1,25470.468000000001,25064.516,25121.351999999999
PSID_FULL:02384,PSID_FULL,2384,09377cb51dfe463e7bc6c0b66d169bedbaead1f34b12bda571574f3b146eb10a,0,51,11,0,0,1,1,25470.468000000001,25064.516,26599.078000000001
PSID_FULL:02385,PSID_FULL,2385,4ee1a6241bb074194b1265c07d835260d07836ded112c62a065f0ddba4ba751d,0,44,8,0,0,1,1,25470.468000000001,26854.839,25860.215
PSID_FULL:02386,PSID_FULL,2386,f95404719a326fb1e30bef358ac5f51cf41c2cb060ec3a77fc56f45dd7e6d848,0,47,8,0,0,1,1,25707.540000000001,25064.516,19062.672999999999
PSID_FULL:02387,PSID_FULL,2387,d94fab0fb488205c007da6e1c75e352bdbacddec8104da98b24e41bbf7438954,0,49,8,0,0,1,1,25862.322,22916.129000000001,16254.992
PSID_FULL:02388,PSID_FULL,2388,a84cf5e5cec887318c48eb010186cea45bf629c0853d66e30e9ec6bd372b27db,0,40,8,0,0,1,1,25862.322,26138.709999999999,26155.759999999998
PSID_FULL:02389,PSID_FULL,2389,51957145c5549d9dace51ca6ead61c5c9731ebc61e134ff78a3b7079b1fe4df9,0,48,10,0,0,0,1,26058.248,26854.839,33043.444000000003
PSID_FULL:02390,PSID_FULL,2390,bdd5513405bfe6bef20225ec7cb69fd00ad056aa85712569bf0be38b1f6264ce,0,35,9,1,0,1,1,26134.66,24169.355,26599.078000000001
PSID_FULL:02391,PSID_FULL,2391,3434ae437b2e7a06e5b62b2102385a64e726845e516b8e981436a28ca07da3ad,0,44,6,0,1,1,1,26450.101999999999,3580.6451999999999,0
PSID_FULL:02392,PSID_FULL,2392,bf9369c3e12a9ebe712cecb5fb4ea087524966e2fe37e741edb6ef655e9ecfab,0,42,11,0,0,1,1,26450.101999999999,22379.031999999999,23327.392
PSID_FULL:02393,PSID_FULL,2393,0007b1c610132131a44ef53df9fcfd11cfe3661238e0e015f9d18ef652c82234,0,31,8,0,0,1,1,26450.101999999999,32225.806,26953.733
PSID_FULL:02394,PSID_FULL,2394,2157e290acbe28267ba92e22a3ab2eefc797056958e5b0394871f74bc170e2e4,0,46,11,0,0,1,1,26841.955000000002,29361.290000000001,36943.163999999997
PSID_FULL:02395,PSID_FULL,2395,d964883ab057afdc8f74c6844783074b4d594307b0498cc2769836839a07ab32,0,51,10,1,0,1,1,27037.882000000001,21483.870999999999,26894.624
PSID_FULL:02396,PSID_FULL,2396,152d81a33bb48c38eab60009133bb0bd52d7b0d2810ca60413fd0cba721ba5f1,0,50,8,0,0,0,1,27084.903999999999,21125.806,26599.078000000001
PSID_FULL:02397,PSID_FULL,2397,840ffb0d1e2245e2715f40358c4dd4022afefecbb9ffffb24737339b6e720cbd,0,46,11,0,0,1,1,27429.735000000001,9846.7741999999998,16993.856
PSID_FULL:02398,PSID_FULL,2398,0833a4b927a433ad3d6e4efc407264e7895a8f44236a7474f4ed3d6746a20f2d,0,51,10,1,0,1,1,27429.735000000001,25064.516,24382.488000000001
PSID_FULL:02399,PSID_FULL,2399,3923c297eb0c006a0a018974f4a0b6ff993e158a42e0be53681be4baaf239b0d,0,41,7,1,0,1,1,27429.735000000001,26708.031999999999,14777.266
PSID_FULL:02400,PSID_FULL,2400,4be253af16552205d57c791fced1c5e312997c3b90f68f1650e9f4f32bd0a03f,0,39,8,1,0,1,1,27429.735000000001,26854.839,28076.805
PSID_FULL:02401,PSID_FULL,2401,bbbfb9690c81d38e1f57de4e6c448a3ddc87ac93a22f001b634af4b450938ebb,0,48,10,1,0,1,1,27429.735000000001,30435.484,29554.530999999999
PSID_FULL:02402,PSID_FULL,2402,bbbfb9690c81d38e1f57de4e6c448a3ddc87ac93a22f001b634af4b450938ebb,0,48,10,1,0,1,1,27429.735000000001,30435.484,29554.530999999999
PSID_FULL:02403,PSID_FULL,2403,a73bccfe0debddedb3fee1427de1f4eb3705769c22b8e53c991cb35c94bb7e14,0,50,10,0,0,1,1,27429.735000000001,32225.806,33987.711000000003
PSID_FULL:02404,PSID_FULL,2404,0941fddffe91a6a932dc8283fb42089b51863a52075c541528b2d3ef22673590,0,49,6,1,0,1,1,27429.735000000001,34016.129000000001,32509.985000000001
PSID_FULL:02405,PSID_FULL,2405,0994d5efdcfc5c8b1d2c87355ebf85d5a4142436847d8d16667c2dd3094e63a1,0,49,8,0,0,1,1,27482.634999999998,25064.516,27337.941999999999
PSID_FULL:02406,PSID_FULL,2406,92daf531171efe75b89675b7e9bf9c688b526ed57d0bab387fd3c648c4ac8078,0,47,7,0,0,1,1,27821.589,27929.031999999999,28925.02
PSID_FULL:02407,PSID_FULL,2407,5314e66eabcc54331aab57f76d1bce1ed87838867f0b409a5a30b2893a730859,0,42,9,0,0,1,1,28017.514999999999,23453.225999999999,26377.419000000002
PSID_FULL:02408,PSID_FULL,2408,5314e66eabcc54331aab57f76d1bce1ed87838867f0b409a5a30b2893a730859,0,42,9,0,0,1,1,28017.514999999999,23453.225999999999,26377.419000000002
PSID_FULL:02409,PSID_FULL,2409,0170a68ffc9347b36dd22e19499a9c8c39d17989649cfad48ba729902851c461,0,45,10,0,0,1,1,28017.514999999999,32225.806,36943.163999999997
PSID_FULL:02410,PSID_FULL,2410,6fa390f29acb27cd1ebb153d9219fa31b02421c1a76be6377d4316a0e220491d,0,55,10,0,0,1,1,28330.998,28602.194,28815.668000000001
PSID_FULL:02411,PSID_FULL,2411,b01bd69c3cc703387892abaafeb0176adc38967b21b572f8686ce158f45aa3f8,0,40,11,0,0,1,1,28409.368999999999,12532.258,13299.539000000001
PSID_FULL:02412,PSID_FULL,2412,e4e0c275d86b5928aa59a89fceab8171e3211f866818b1e14bee69c894abad41,0,48,8,0,0,1,1,28409.368999999999,26317.741999999998,28076.805
PSID_FULL:02413,PSID_FULL,2413,5653ba03f5af51e307e8c59f17bb251d0ec8a72454b16b62594347a7399ffe9b,0,36,10,0,1,1,1,28409.368999999999,28645.161,39159.754000000001
PSID_FULL:02414,PSID_FULL,2414,793bb5ffb0f9549de3746722cfd845e0140ac4df0eeb69d741b3f092a86b0dd6,0,46,9,1,0,1,1,28605.294999999998,32225.806,41376.343999999997
PSID_FULL:02415,PSID_FULL,2415,1417f412a7c5ba83f1cbae2986653e47d0e61ec556e0a38ecd2fc04fdfec2cd5,0,46,10,0,0,1,1,28765.955000000002,19514.516,25676.976999999999
PSID_FULL:02416,PSID_FULL,2416,3823fb4f58bf9842608ab5059397745e9f811388b00809f8f88175878d7e4708,0,45,9,1,0,1,1,28863.919000000002,26854.839,36943.163999999997
PSID_FULL:02417,PSID_FULL,2417,c89e136fcc5d7728b2a3a2415ef331959d1e105cce1c99822e8b001a320e6d1a,0,49,7,0,0,1,1,29247.935000000001,20767.741999999998,21341.327000000001
PSID_FULL:02418,PSID_FULL,2418,01df2f5cd8e3653c2715c6b6b314125a0807b6aadc9b3a6a040f098a046c1a95,0,37,10,0,0,1,1,29369.409,27750,39898.618000000002
PSID_FULL:02419,PSID_FULL,2419,9f66e549904e418f4f99a076064e6d23b803479e948f0dd7a7bd5bb5f31d3b5c,0,48,9,0,0,1,1,29389.002,19693.547999999999,23052.535
PSID_FULL:02420,PSID_FULL,2420,dd3e0d43e22098253ea943f217bda5ceae5dc87de1a5043c13c993aa227b07c1,0,37,11,1,0,1,1,29389.002,21483.870999999999,13063.102999999999
PSID_FULL:02421,PSID_FULL,2421,4032eb807cb2d915293671f7e7319ee76938c8d97cb5f38d723b371e76a39f89,0,28,10,0,0,1,1,29389.002,23274.194,22904.761999999999
PSID_FULL:02422,PSID_FULL,2422,69be6e122e7c1ed8fd006d91edfb2b6bc70d3b2a4c10c5a3afb99c8293a4ad77,0,36,11,1,0,0,1,29389.002,25982.952000000001,45809.523999999998
PSID_FULL:02423,PSID_FULL,2423,523c19dac581cf6dbb99c1fdb435b12e0854559ef37a8867d7901fd80a0d90bb,0,40,11,0,0,1,1,29389.002,26407.258000000002,31032.258000000002
PSID_FULL:02424,PSID_FULL,2424,0122b2446a1b364247e10801cd755ee2113b0f57aa373db01dddfe8b368bf9e6,0,44,10,0,0,1,1,29389.002,26854.839,23643.625
PSID_FULL:02425,PSID_FULL,2425,f0b3812686224ca00cb328f1d469b5a7249fc25ff843c7da75c1578b7c2fe484,0,47,10,1,0,1,1,29389.002,26854.839,0
PSID_FULL:02426,PSID_FULL,2426,f0b3812686224ca00cb328f1d469b5a7249fc25ff843c7da75c1578b7c2fe484,0,47,10,1,0,1,1,29389.002,26854.839,0
PSID_FULL:02427,PSID_FULL,2427,bfcfa4a4d46f0291fe3917ab8a6c47bc643cef4ddb07ccb3e7d964f11a930d8c,0,30,11,0,1,1,1,29389.002,26854.839,36943.163999999997
PSID_FULL:02428,PSID_FULL,2428,d5cb51b6c04de463ad40fe95da6bf1f65b179bb399ff12b8fab2d69a0bc1dcfc,0,33,10,0,0,1,1,29389.002,28645.161,36499.845999999998
PSID_FULL:02429,PSID_FULL,2429,bafec0ef8350b89e40a8bf534073263eb25b2af3d99037ef9ed25be5120ab319,0,48,9,0,0,1,1,29389.002,32225.806,31032.258000000002
PSID_FULL:02430,PSID_FULL,2430,4db5b4a25531dfb06f6e6c0b10b5f39a0429633a7d5d0af354152016d74e6e84,0,19,11,1,0,0,1,29725.995999999999,8806.5967999999993,9457.4501
PSID_FULL:02431,PSID_FULL,2431,f2fb4dbe8f98659afeb4afbd6a8f48a9dac546d9f4dae69f4ed7c6ab77f79d27,0,38,9,0,0,1,1,29976.781999999999,25064.516,47287.25
PSID_FULL:02432,PSID_FULL,2432,715f920511554d6f05dc00b7a3faaf33c5fb1c9408a210f99542847440415582,0,42,9,0,0,0,1,30368.634999999998,19693.547999999999,35465.438000000002
PSID_FULL:02433,PSID_FULL,2433,03039961289309fa17fc5bcd481e5acd70742703f907a5db244c2c658ae59caf,0,32,10,1,0,1,1,30930.945,35806.451999999997,38125.345999999998
PSID_FULL:02434,PSID_FULL,2434,120a8db7c6596cff7435a917a5836702cd8967996c3ccddba8a2c5bc52cb2406,0,55,11,0,0,1,1,31048.501,31053.145,28076.805
PSID_FULL:02435,PSID_FULL,2435,44b384c7f49fec37e0733b1a474f354eb4101512fb510189cc21724552086e48,0,37,11,0,0,1,1,31250.305,26854.839,36943.163999999997
PSID_FULL:02436,PSID_FULL,2436,09d026f15faa8a52b14f88099c9fe90852d7397cc078cfa6447e3ec5af040a39,0,21,10,0,0,1,1,31348.269,10741.934999999999,44331.796999999999
PSID_FULL:02437,PSID_FULL,2437,dae55f3755731e709d121c6eecceb78d9b152e73c9f98658418112248d0a9abe,0,51,11,1,0,1,1,31348.269,21483.870999999999,26007.988000000001
PSID_FULL:02438,PSID_FULL,2438,2322ad9c8e8b5fa7eb7df457062ab291fde4d48157ca9f3ed08b5c892f7b66a0,0,42,6,1,0,1,1,31348.269,28645.161,20688.171999999999
PSID_FULL:02439,PSID_FULL,2439,56697d98a537f126eca952daf6ee5efa1e4df918aebe651bc5fa629a98cfaf5c,0,42,5,1,0,1,1,31348.269,32225.806,23643.625
PSID_FULL:02440,PSID_FULL,2440,b1cb13d35e9187b748397ae21f40ccbda06ddd9a3cd55dc41c30885dc17e0d0b,0,52,11,0,0,1,1,31348.269,33120.968000000001,28076.805
PSID_FULL:02441,PSID_FULL,2441,203b9d0c6d320a19dda4859eea700a80c4d7230bf097e4972162b890b163ec7f,0,45,5,0,0,1,1,31348.269,37596.773999999998,31477.054
PSID_FULL:02442,PSID_FULL,2442,6ab5f6c5975507da8e5ef0b698d8a9d85eccd368d10696fee27333fecab7e73b,0,49,8,0,0,1,1,31348.269,37596.773999999998,38420.891000000003
PSID_FULL:02443,PSID_FULL,2443,c3c1280e82c9db0082a610f8d32db803a9dafabb2d83420e2fbb3c7cc13ad3e0,0,48,8,0,0,1,1,31510.887999999999,35795.709999999999,28076.805
PSID_FULL:02444,PSID_FULL,2444,c3c1280e82c9db0082a610f8d32db803a9dafabb2d83420e2fbb3c7cc13ad3e0,0,48,8,0,0,1,1,31510.887999999999,35795.709999999999,28076.805
PSID_FULL:02445,PSID_FULL,2445,53323f06d77615af3f269450ee27b563c5dea8d96332e1e6bd18a652c03ece3c,0,55,7,1,0,1,1,32504.236000000001,26854.839,31918.894
PSID_FULL:02446,PSID_FULL,2446,53323f06d77615af3f269450ee27b563c5dea8d96332e1e6bd18a652c03ece3c,0,55,7,1,0,1,1,32504.236000000001,26854.839,31918.894
PSID_FULL:02447,PSID_FULL,2447,b20d6703e8c0fad07eacf9f0a12f4a8becf3972916b97f1524f83f47afaf2099,0,47,11,0,0,1,1,32719.756000000001,30435.484,36943.163999999997
PSID_FULL:02448,PSID_FULL,2448,e0249cc2589721cc243fd1b9b3c850ed4bdbbd658634ffc436edf40ba597a770,0,51,8,0,0,1,1,33111.608999999997,27750,32362.212
PSID_FULL:02449,PSID_FULL,2449,85970f29dfcad2d140c1a688bc62b7d6701596ed7b4b8df0e97237b39c9a0d64,0,54,11,0,0,1,1,33158.631000000001,32225.806,36943.163999999997
PSID_FULL:02450,PSID_FULL,2450,7608375a9aa49afc6c81b82c966438c0f4d5c96f6b4114e6d9ed488f0ff75310,0,42,9,0,0,1,1,33221.328000000001,32225.806,33987.711000000003
PSID_FULL:02451,PSID_FULL,2451,7608375a9aa49afc6c81b82c966438c0f4d5c96f6b4114e6d9ed488f0ff75310,0,42,9,0,0,1,1,33221.328000000001,32225.806,33987.711000000003
PSID_FULL:02452,PSID_FULL,2452,bfbb213972594edbfa90dec66391ba8770fb80ee9bc6bad7928f8eb9a163fb61,0,51,8,1,0,1,1,33299.699000000001,25064.516,25121.351999999999
PSID_FULL:02453,PSID_FULL,2453,2b3834ec4684ded6494f3688050812931bb6717d63bafc1a739f2081fe577217,0,55,2,1,0,1,1,33307.536,20946.774000000001,28076.805
PSID_FULL:02454,PSID_FULL,2454,aefa0bc07e120e5a5c06a0dcbceb9fde217a94ce9f4cae6af2eae1cb2616b3e3,0,32,10,0,0,1,1,33307.536,25064.516,29554.530999999999
PSID_FULL:02455,PSID_FULL,2455,b2eaa7f6b8e54793c787a696735a4f78e8912ad4ecead9bbb54432fae8114960,0,38,8,0,0,1,1,33307.536,35448.387000000002,33987.711000000003
PSID_FULL:02456,PSID_FULL,2456,71fa94212fdaf5a4e7dce64b6632a9c46872ff47e2765d50a5c85fb8c46e10e6,0,42,11,0,0,1,1,33307.536,44758.065000000002,54675.883000000002
PSID_FULL:02457,PSID_FULL,2457,7f131d0bb614cd3126f6ccf27611d15a1070c4edb278a070dcf62c96748013a7,0,49,8,0,0,1,1,33699.389000000003,28645.161,2955.4531000000002
PSID_FULL:02458,PSID_FULL,2458,11f880dd82926315b0fa67237572dc61a5666f7f1907109b92298d412f8c9508,0,35,7,0,0,1,1,34091.241999999998,28287.097000000002,25121.351999999999
PSID_FULL:02459,PSID_FULL,2459,b2b1fb2b92e3aeaab27aea845b7a70eab882cde91c7fa3913ed90495ac262e12,0,46,11,0,0,1,1,34287.169000000002,30077.419000000002,39898.618000000002
PSID_FULL:02460,PSID_FULL,2460,b2b1fb2b92e3aeaab27aea845b7a70eab882cde91c7fa3913ed90495ac262e12,0,46,11,0,0,1,1,34287.169000000002,30077.419000000002,39898.618000000002
PSID_FULL:02461,PSID_FULL,2461,ef430de88a5792e7feab44dc8adcf1e870c19a4f1668778a0dfe1018afe4f6ba,0,31,11,0,0,1,1,34483.095999999998,35806.451999999997,36943.163999999997
PSID_FULL:02462,PSID_FULL,2462,d452081a961d7ce5cf454c73c9c454c94a1a6a4f10d25a88e0ccb00b83a36ebc,0,52,10,0,0,1,1,35266.802000000003,17187.097000000002,39159.754000000001
PSID_FULL:02463,PSID_FULL,2463,133e2679fcbb9f6917fcd103ae4e6e4677a0b0d7d920c68e5def2759496804fe,0,51,8,1,0,1,1,35266.802000000003,25064.516,1182.1813
PSID_FULL:02464,PSID_FULL,2464,1346b20d24872ee4521491f823f533ef9c0cc3ab8da799176c819e43087835fd,0,51,9,0,0,0,1,35266.802000000003,32225.806,39898.618000000002
PSID_FULL:02465,PSID_FULL,2465,527c2c80f734fdd1caffd6d71e8aece995b4456be063325e156e1292d623cbbe,0,52,8,1,0,1,1,35266.802000000003,33120.968000000001,44147.080999999998
PSID_FULL:02466,PSID_FULL,2466,94e44dbcfe05c9c63fe1e6dbedaddae438ee1bfe5b454da42a7f95e3c6bca846,0,49,6,0,0,1,1,35266.802000000003,33120.968000000001,26894.624
PSID_FULL:02467,PSID_FULL,2467,38afd66f3c13b9930a1c6af4e0b07b57bd62f91c12de066a19f00f189878a54f,0,48,10,0,0,1,1,35266.802000000003,34911.290000000001,38568.663999999997
PSID_FULL:02468,PSID_FULL,2468,e2aa1e1324888fc980c9eb343e27caca7e893052a5308091bdc963faf0517b2c,0,31,10,0,0,1,1,35266.802000000003,35806.451999999997,44331.796999999999
PSID_FULL:02469,PSID_FULL,2469,1cb0f847a7c2430b1aa0c1a9feaa6ddc7e09dcd86fd9ad86373bd1eb24a431c3,0,42,11,0,0,1,1,35266.802000000003,44758.065000000002,38420.891000000003
PSID_FULL:02470,PSID_FULL,2470,2dfa3dc78f362eb6ff81aba0d6f6ef9ade965d27be8d1bdc1e59110b14097df9,0,50,11,0,0,1,1,36205.290999999997,38563.548000000003,31032.258000000002
PSID_FULL:02471,PSID_FULL,2471,2dfa3dc78f362eb6ff81aba0d6f6ef9ade965d27be8d1bdc1e59110b14097df9,0,50,11,0,0,1,1,36205.290999999997,38563.548000000003,31032.258000000002
PSID_FULL:02472,PSID_FULL,2472,2bb85f20a769232a62eba9e565f2b4d30b7dc74de5f2b287e813be47b408f3d7,0,37,10,0,0,1,1,36246.436000000002,17545.161,17732.719000000001
PSID_FULL:02473,PSID_FULL,2473,2bb85f20a769232a62eba9e565f2b4d30b7dc74de5f2b287e813be47b408f3d7,0,37,10,0,0,1,1,36246.436000000002,17545.161,17732.719000000001
PSID_FULL:02474,PSID_FULL,2474,f63b0e5806762274dcd8a47d17aa885f012d8aba1eee197bca445605d7a53a30,0,55,11,0,0,1,1,36638.288999999997,37417.741999999998,32177.495999999999
PSID_FULL:02475,PSID_FULL,2475,b8c394d53f62e6d3484ef86b30d09246f223dfaf2d1bb0df9cad32b389004584,0,50,11,0,0,1,1,36677.474999999999,46548.387000000002,47287.25
PSID_FULL:02476,PSID_FULL,2476,1ea771659d42d6f5ec38aa9f456224bf6f8c599024ae62307aaaefa7a720af52,0,41,8,1,0,1,1,36691.188999999998,32888.226000000002,42262.980000000003
PSID_FULL:02477,PSID_FULL,2477,f5702b62b7919f24987f64d73fa5b88526cf07ede2256b3ebb271499aeaf53f3,0,49,8,0,0,1,1,37226.069000000003,14322.581,23643.625
PSID_FULL:02478,PSID_FULL,2478,b3f0b8d0005ae1dcad37af797cb9c7fa7d4ea52c41c4d295b9e46a04922afa2d,0,48,8,1,0,1,1,37226.069000000003,26854.839,30569.73
PSID_FULL:02479,PSID_FULL,2479,b3f0b8d0005ae1dcad37af797cb9c7fa7d4ea52c41c4d295b9e46a04922afa2d,0,48,8,1,0,1,1,37226.069000000003,26854.839,30569.73
PSID_FULL:02480,PSID_FULL,2480,277d543ebf909121e25d1561b0cf73c96a4d0290e1f598cc03c4c856a9e6a610,0,48,6,0,1,1,1,38670.048999999999,42967.741999999998,36943.163999999997
PSID_FULL:02481,PSID_FULL,2481,277d543ebf909121e25d1561b0cf73c96a4d0290e1f598cc03c4c856a9e6a610,0,48,6,0,1,1,1,38670.048999999999,42967.741999999998,36943.163999999997
PSID_FULL:02482,PSID_FULL,2482,c4c86d722f020e39d4a484e9c97a6619d10ca5b5b1d2cea5003a0dd097fc2eb2,0,46,11,0,0,1,1,39185.336000000003,39387.097000000002,35465.438000000002
PSID_FULL:02483,PSID_FULL,2483,7b9a18a84c9d89559f3eadbba6d78d2c02c225a4523c3ca52d44d0de7f65297f,0,29,10,0,0,1,1,41144.603000000003,8951.6129000000001,31032.258000000002
PSID_FULL:02484,PSID_FULL,2484,36216c409fabfe7df8c30cef617d77a411b22280e6a2b32c9c2df4013e6c690a,0,55,8,0,0,1,1,43025.499000000003,37972.741999999998,51580.046000000002
PSID_FULL:02485,PSID_FULL,2485,10448b2686132de4f8d5d3109327e3d67c3b79facf2a28c795c91e603a11c654,0,32,10,0,0,1,1,43103.870000000003,39387.097000000002,36943.163999999997
PSID_FULL:02486,PSID_FULL,2486,9bff84d341afd1463d811bdb52b01a02f29bd772b26af53a3fbe5ceef746d2d7,0,47,8,0,0,1,1,44667.364999999998,33837.097000000002,38568.663999999997
PSID_FULL:02487,PSID_FULL,2487,c14c00cac76b58e5c021d96db56cd77be6ab977d12d03635ba7c59c553f37508,0,32,8,0,0,1,1,47022.402999999998,67137.096999999994,59109.063000000002
PSID_FULL:02488,PSID_FULL,2488,2a234454deca5583c111059050899ccb3348df03d4f485212a794c2d05695c00,0,47,10,0,0,1,1,48197.963000000003,47968.112999999998,55710.292000000001
PSID_FULL:02489,PSID_FULL,2489,da06a641b78e8dc7b486ba02ef3fcbd7bc5be681522da283a9d04b23f067d1a3,0,54,0,0,1,1,1,49228.538,44220.968000000001,20540.399000000001
PSID_FULL:02490,PSID_FULL,2490,86c20445e9ed80f6db543b76d926b7bcf95ce763e176bba506d14557625dd5be,0,40,8,0,0,1,1,50940.936999999998,55500,53198.156999999999
