unidadEjecutora;fechaEvento;perdidaBruta;recuperacion;perdidaReconocida;detalleNivel3;detalleNivel2;detalleNivel1;causa
Unidad de Finanzas y Contabilidad;14-jun-18;247.44;0.00;247.44;7.1.3 - Incumplimiento de plazos o de responsabilidades;7.1 - Recepción, ejecución y mantenimiento de operaciones;7 - Ejecución, entrega y gestión de procesos;Personas
Unidad de Operaciones  -Préstamos;7-sept-16;390.17;0.00;390.17;2.1.1 - Hurto/ robo;2.1 - Hurto y fraude;2 - Fraude externo;Eventos externos
Unidad de Administración y Recursos Humanos;20-oct-15;296.03;0.00;296.03;1.2.5 - Falsificación;1.2 - Hurto y fraude;1 - Fraude interno;Personas
Unidad de Negocios Costa Rica;14-ago-16;194.75;0.00;194.75;7.5.1 - Fallos de contrapartes distintas de clientes;7.5 - Contrapartes comerciales;7 - Ejecución, entrega y gestión de procesos;Personas
Unidad de Operaciones;18-dic-15;243.00;0.00;243.00;7.4.2 - Registros incorrectos de clientes (con generación de pérdidas);7.4 - Gestión de cuentas de clientes;7 - Ejecución, entrega y gestión de procesos;Personas
Unidad de Negocios El Salvador;14-ene-16;275.36;0.00;275.36;3.2.1 - Responsabilidad en general (resbalones, etc.);3.2 - Higiene y seguridad en el trabajo;3 - Relaciones laborales y seguridad en el puesto de trabajo;Personas
Unidad de Negocios Panamá;9-sept-15;108.30;0.00;108.30;4.1.7 - Abuso de información confidencial;4.1 - Adecuación, divulgación de información y confianza;4 - Clientes, productos y prácticas empresariales;Personas
Unidad de Proyectos;9-dic-19;29.91;0.00;29.91;7.1.7 - Fallo en la entrega;7.1 - Recepción, ejecución y mantenimiento de operaciones;7 - Ejecución, entrega y gestión de procesos;Personas
Unidad de Tecnología;30-ene-18;128.00;0.00;1288.26;4.1.2 - Aspectos de adecuación/divulgación información;4.1 - Adecuación, divulgación de información y confianza;4 - Clientes, productos y prácticas empresariales;Personas
Unidad de Administración y Recursos Humanos;12-ago-17;196.90;0.00;196.90;1.2.1 - Fraude / fraude crediticio/ depósitos sin valor;1.2 - Hurto y fraude;1 - Fraude interno;Personas
Unidad de Calidad y Productividad;7-ago-19;25.37;0.00;25.37;7.4.2 - Registros incorrectos de clientes (con generación de pérdidas);7.4 - Gestión de cuentas de clientes;7 - Ejecución, entrega y gestión de procesos;Personas
Unidad de Finanzas y Contabilidad;26-dic-17;552.00;0.00;552.00;7.4.3 - Pérdida o daño de activos de clientes por negligencia;7.4 - Gestión de cuentas de clientes;7 - Ejecución, entrega y gestión de procesos;Personas
Unidad de Negocios Costa Rica;25-jul-19;50.00;0.00;1009.49;1.2.3 - Valoración errónea de posiciones (intencional);1.1 - Actividades no autorizadas;1 - Fraude interno;Personas
Unidad de Calidad y Productividad;5-mar-19;34.00;0.00;204.86;7.1.9 - Mantenimiento de datos de referencia;7.1 - Recepción, ejecución y mantenimiento de operaciones;7 - Ejecución, entrega y gestión de procesos;Personas
Unidad de Negocios Panamá;8-jul-15;476.23;0.00;476.23;7.5.1 - Fallos de contrapartes distintas de clientes;7.5 - Contrapartes comerciales;7 - Ejecución, entrega y gestión de procesos;Personas
Unidad de Negocios Panamá;3-oct-19;30.00;0.00;296.27;4.4.2 - Superación de los límites de riesgo frente a clientes;4.4 - Selección, patrocinio y riesgos;4 - Clientes, productos y prácticas empresariales;Personas
Unidad Legal;18-sept-16;4.51;0.00;4.51;4.1.6 - Confusión de cuentas;4.1 - Adecuación, divulgación de información y confianza;4 - Clientes, productos y prácticas empresariales;Personas
Unidad de Cumplimiento;27-sept-17;32.00;6.91;313.92;4.2.5 - Blanqueo de dinero;4.2 - Prácticas empresariales o de mercado improcedentes;4 - Clientes, productos y prácticas empresariales;Personas
Unidad de Negocios Guatemala;28-oct-18;65.00;0.00;343.83;1.1.1 - Operaciones no reveladas (intencionalmente);1.1 - Actividades no autorizadas;1 - Fraude interno;Personas
Unidad Legal;20-sept-16;45.00;0.00;357.13;7.3.2 - Documentos jurídicos inexistentes / incompletos;7.3 - Aceptación de  clientes y documentación;7 - Ejecución, entrega y gestión de procesos;Personas
Unidad de Proyectos;26-ene-16;50.00;0.00;398.12;1.2.5 - Falsificación;1.2 - Hurto y fraude;1 - Fraude interno;Personas
Unidad de Riesgos;9-oct-19;35.00;0.00;347.63;1.2.1 - Fraude / fraude crediticio/ depósitos sin valor;1.2 - Hurto y fraude;1 - Fraude interno;Personas
Unidad de Calidad y Productividad;10-dic-16;159.11;0.00;159.11;5.1.1 - Pérdidas por desastres naturales;5.1 - Desastres y otros acontecimientos;5 - Daños a activos materiales;Personas
Unidad de Negocios El Salvador;25-nov-15;45.00;0.00;539.21;1.2.3 - Valoración errónea de posiciones (intencional);1.1 - Actividades no autorizadas;1 - Fraude interno;Personas
Unidad de Administración y Recursos Humanos;7-ene-16;220.23;0.00;220.23;4.2.4 - Actividades no autorizadas;4.2 - Prácticas empresariales o de mercado improcedentes;4 - Clientes, productos y prácticas empresariales;Personas
Unidad de Negocios Panamá;19-feb-18;34.00;0.00;338.42;4.3.1 - Defectos del producto (no autorizado, etc.);4.3 - Productos defectuosos;4 - Clientes, productos y prácticas empresariales;Personas
Unidad de Calidad y Productividad;26-mar-15;249.78;0.00;249.78;4.1.7 - Abuso de información confidencial;4.1 - Adecuación, divulgación de información y confianza;4 - Clientes, productos y prácticas empresariales;Personas
Unidad de Proyectos;29-jun-18;59.64;0.00;59.64;4.1.6 - Confusión de cuentas;4.1 - Adecuación, divulgación de información y confianza;4 - Clientes, productos y prácticas empresariales;Personas
Unidad de Negocios Nicaragua;13-dic-15;45.00;0.00;445.87;2.1.1 - Hurto/ robo;2.1 - Hurto y fraude;2 - Fraude externo;Eventos externos
Unidad de Finanzas y Contabilidad;23-ago-18;428.93;0.00;428.93;4.1.6 - Confusión de cuentas;4.1 - Adecuación, divulgación de información y confianza;4 - Clientes, productos y prácticas empresariales;Personas
Unidad de Finanzas y Contabilidad;21-nov-17;23.00;0.00;247.24;2.2.1 - Daños por ataques informáticos;2.2 - Seguridad de los sistemas;2 - Fraude externo;Eventos externos
Unidad de Negocios Costa Rica;4-may-15;412.17;0.00;412.17;1.2.2 - Hurto / extorsión / malversación / robo;1.2 - Hurto y fraude;1 - Fraude interno;Personas
Unidad de Negocios Corporativa;31-ago-16;75.89;0.00;75.89;1.2.3 - Valoración errónea de posiciones (intencional);1.1 - Actividades no autorizadas;1 - Fraude interno;Personas
Unidad de Finanzas y Contabilidad;24-may-18;51.42;3.23;48.19;3.2.2 - Casos relacionados con normas higiene y seguridad de trabajo;3.2 - Higiene y seguridad en el trabajo;3 - Relaciones laborales y seguridad en el puesto de trabajo;Personas
Unidad de Finanzas y Contabilidad;19-feb-17;40.00;0.00;400.81;4.3.2 - Error de los modelos;4.3 - Productos defectuosos;4 - Clientes, productos y prácticas empresariales;Personas
Unidad de Calidad y Productividad;20-abr-17;125.66;0.00;125.66;5.1.1 - Pérdidas por desastres naturales;5.1 - Desastres y otros acontecimientos;5 - Daños a activos materiales;Personas
Unidad de Administración y Recursos Humanos;24-mar-19;2.10;0.00;2.10;6.1.2 - Software;6.1 - Sistemas;6 - Incidencias en el negocio y fallos en los sistemas;Sistemas
Unidad de Operaciones;6-ago-17;140.00;2.54;144.71;4.1.2 - Aspectos de adecuación/divulgación información;4.1 - Adecuación, divulgación de información y confianza;4 - Clientes, productos y prácticas empresariales;Personas
Unidad de Operaciones  -Préstamos;16-dic-17;423.98;0.00;423.98;7.6.2 - Litigios con distribuidores;7.6 - Distribuidores y proveedores;7 - Ejecución, entrega y gestión de procesos;Personas
Unidad de Negocios Corporativa;11-sept-18;60.00;0.00;60.00;6.1.4 - Interrupción / incidencias en el suministro;6.1 - Sistemas;6 - Incidencias en el negocio y fallos en los sistemas;Sistemas
Unidad de Negocios Costa Rica;9-oct-18;84.07;0.00;84.07;1.2.8 - Apropiación de cuentas, de identidad, etc.;1.2 - Hurto y fraude;1 - Fraude interno;Personas
Unidad de Finanzas y Contabilidad;5-may-18;76.05;0.00;76.05;4.5.1 - Litigios sobre resultados de las actividades de asesoramiento;4.5 - Actividades de asesoramiento;4 - Clientes, productos y prácticas empresariales;Personas
Unidad de Negocios Panamá;4-ago-18;863.09;0.00;863.09;7.1.2 - Errores de introducción de datos, mantenimiento o descarga;7.1 - Recepción, ejecución y mantenimiento de operaciones;7 - Ejecución, entrega y gestión de procesos;Personas
Unidad de Finanzas y Contabilidad;29-jun-19;105.00;0.00;1047.06;3.1.2 - Organización laboral;3.1 - Relaciones laborales;3 - Relaciones laborales y seguridad en el puesto de trabajo;Personas
Unidad de Operaciones;6-sept-15;49.08;0.00;49.08;6.1.1 - Hardware;6.1 - Sistemas;6 - Incidencias en el negocio y fallos en los sistemas;Sistemas
Unidad de Finanzas y Contabilidad;24-jun-19;52.00;0.00;518.47;3.2.3 - Indemnización a los trabajadores;3.2 - Higiene y seguridad en el trabajo;3 - Relaciones laborales y seguridad en el puesto de trabajo;Personas
Unidad de Operaciones;22-sept-15;116.05;0.00;116.05;4.1.6 - Confusión de cuentas;4.1 - Adecuación, divulgación de información y confianza;4 - Clientes, productos y prácticas empresariales;Personas
Unidad de Cumplimiento;13-oct-18;36.36;0.00;36.36;4.1.7 - Abuso de información confidencial;4.1 - Adecuación, divulgación de información y confianza;4 - Clientes, productos y prácticas empresariales;Personas
Unidad de Tecnología;13-mar-19;114.89;0.00;114.89;4.1.6 - Confusión de cuentas;4.1 - Adecuación, divulgación de información y confianza;4 - Clientes, productos y prácticas empresariales;Personas
Unidad de Proyectos;26-jun-17;206.00;0.00;206.00;4.1.6 - Confusión de cuentas;4.1 - Adecuación, divulgación de información y confianza;4 - Clientes, productos y prácticas empresariales;Personas
Unidad de Operaciones  -Préstamos;3-abr-18;239.08;0.00;239.08;7.5.1 - Fallos de contrapartes distintas de clientes;7.5 - Contrapartes comerciales;7 - Ejecución, entrega y gestión de procesos;Personas
Unidad de Negocios Nicaragua;27-feb-20;680.55;0.00;680.55;4.3.2 - Error de los modelos;4.3 - Productos defectuosos;4 - Clientes, productos y prácticas empresariales;Personas
Unidad de Administración y Recursos Humanos;7-jun-15;243.14;0.00;243.14;7.4.1 - Acceso no autorizado a cuentas;7.4 - Gestión de cuentas de clientes;7 - Ejecución, entrega y gestión de procesos;Personas
Unidad de Calidad y Productividad;27-ago-15;185.00;0.00;1851.54;4.4.1 - Ausencia de investigación a clientes conforme a las directrices;4.4 - Selección, patrocinio y riesgos;4 - Clientes, productos y prácticas empresariales;Personas
Unidad de Negocios Corporativa;29-abr-17;582.33;0.00;582.33;3.2.2 - Casos relacionados con normas higiene y seguridad de trabajo;3.2 - Higiene y seguridad en el trabajo;3 - Relaciones laborales y seguridad en el puesto de trabajo;Personas
Unidad de Negocios Corporativa;14-feb-20;172.76;0.00;172.76;1.1.2 - Operaciones no autorizadas (con pérdidas pecuniarias);1.1 - Actividades no autorizadas;1 - Fraude interno;Personas
Unidad de Cumplimiento;18-sept-19;338.15;0.00;338.15;4.3.2 - Error de los modelos;4.3 - Productos defectuosos;4 - Clientes, productos y prácticas empresariales;Personas
Unidad Legal;25-jul-15;130.00;0.00;1291.35;4.3.2 - Error de los modelos;4.3 - Productos defectuosos;4 - Clientes, productos y prácticas empresariales;Personas
Unidad de Administración y Recursos Humanos;20-ago-16;169.48;0.00;169.48;7.6.2 - Litigios con distribuidores;7.6 - Distribuidores y proveedores;7 - Ejecución, entrega y gestión de procesos;Personas
Unidad de Finanzas y Contabilidad;9-mar-18;64.00;0.00;670.91;3.3.1 - Todo tipo de discriminación;3.3 - Diversidad y discriminación;3 - Relaciones laborales y seguridad en el puesto de trabajo;Personas
Unidad de Finanzas y Contabilidad;8-abr-18;270.64;0.00;270.64;7.1.1 - Comunicación defectuosa;7.1 - Recepción, ejecución y mantenimiento de operaciones;7 - Ejecución, entrega y gestión de procesos;Personas
Unidad de Calidad y Productividad;23-jul-17;35.00;0.00;209.87;5.1.1 - Pérdidas por desastres naturales;5.1 - Desastres y otros acontecimientos;5 - Daños a activos materiales;Personas
Unidad de Riesgos;6-may-18;216.00;0.00;216.00;6.1.3 - Telecomunicaciones;6.1 - Sistemas;6 - Incidencias en el negocio y fallos en los sistemas;Sistemas
Unidad de Negocios El Salvador;23-feb-17;54.00;0.00;521.93;5.1.2 - Pérdidas humanas por causas externas (terrorismo, vandalismo);5.1 - Desastres y otros acontecimientos;5 - Daños a activos materiales;Personas
Unidad de Finanzas y Contabilidad;20-jul-17;154.02;0.00;154.02;4.4.2 - Superación de los límites de riesgo frente a clientes;4.4 - Selección, patrocinio y riesgos;4 - Clientes, productos y prácticas empresariales;Personas
Unidad de Administración y Recursos Humanos;15-sept-17;270.85;0.00;270.85;1.2.3 - Valoración errónea de posiciones (intencional);1.1 - Actividades no autorizadas;1 - Fraude interno;Personas
Unidad Legal;6-feb-16;277.93;0.00;277.93;5.1.2 - Pérdidas humanas por causas externas (terrorismo, vandalismo);5.1 - Desastres y otros acontecimientos;5 - Daños a activos materiales;Personas
Unidad de Finanzas y Contabilidad;24-ago-15;30.00;0.00;2879.20;2.1.1 - Hurto/ robo;2.1 - Hurto y fraude;2 - Fraude externo;Eventos externos
Unidad de Negocios Costa Rica;23-sept-18;743.44;0.00;743.44;2.2.1 - Daños por ataques informáticos;2.2 - Seguridad de los sistemas;2 - Fraude externo;Eventos externos
Unidad de Riesgos;19-mar-16;30.49;0.00;30.49;7.1.4 - Ejecución errónea de modelos / sistemas;7.1 - Recepción, ejecución y mantenimiento de operaciones;7 - Ejecución, entrega y gestión de procesos;Personas
Unidad de Finanzas y Contabilidad;13-mar-16;88.00;0.00;879.02;1.2.2 - Hurto / extorsión / malversación / robo;1.2 - Hurto y fraude;1 - Fraude interno;Personas
Unidad de Administración y Recursos Humanos;16-nov-15;45.00;0.00;436.24;2.1.3 - Utilización de cheques sin fondos;2.1 - Hurto y fraude;2 - Fraude externo;Eventos externos
Unidad de Cumplimiento;12-jun-17;162.31;0.00;162.31;2.2.2 - Robo de información (con pérdidas pecuniarias);2.2 - Seguridad de los sistemas;2 - Fraude externo;Eventos externos
Unidad de Administración y Recursos Humanos;29-may-18;75.00;0.00;756.11;4.1.8 - Responsabilidad del prestamista;4.1 - Adecuación, divulgación de información y confianza;4 - Clientes, productos y prácticas empresariales;Personas
Unidad de Auditoría Interna;20-oct-15;151.00;0.00;151.00;1.2.1 - Fraude / fraude crediticio/ depósitos sin valor;1.2 - Hurto y fraude;1 - Fraude interno;Personas
Unidad de Cumplimiento;23-nov-18;15.00;0.00;15.00;6.1.2 - Software;6.1 - Sistemas;6 - Incidencias en el negocio y fallos en los sistemas;Sistemas
Unidad Legal;21-oct-19;144.01;0.00;144.01;7.5.2 - Otros litigios con contrapartes distintas de clientes;7.5 - Contrapartes comerciales;7 - Ejecución, entrega y gestión de procesos;Personas
Unidad de Finanzas y Contabilidad;31-dic-17;681.32;680.31;1.01;7.2.1 - Incumplimiento de la obligación de informar;7.2 - Seguimiento y presentación de informes;7 - Ejecución, entrega y gestión de procesos;Personas
Unidad de Negocios Corporativa;4-ago-15;226.38;0.00;226.38;2.1.2 - Falsificación;2.1 - Hurto y fraude;2 - Fraude externo;Eventos externos
Unidad de Cumplimiento;19-oct-15;27.34;0.00;27.34;6.1.1 - Hardware;6.1 - Sistemas;6 - Incidencias en el negocio y fallos en los sistemas;Sistemas
Unidad de Negocios Guatemala;13-jun-18;9800.00;0.00;9800.00;7.1.7 - Fallo en la entrega;7.1 - Recepción, ejecución y mantenimiento de operaciones;7 - Ejecución, entrega y gestión de procesos;Personas
Unidad de Negocios El Salvador;26-jul-19;436.62;0.00;436.62;7.4.1 - Acceso no autorizado a cuentas;7.4 - Gestión de cuentas de clientes;7 - Ejecución, entrega y gestión de procesos;Personas
Unidad de Negocios Costa Rica;15-feb-17;164.00;0.00;164.00;6.1.3 - Telecomunicaciones;6.1 - Sistemas;6 - Incidencias en el negocio y fallos en los sistemas;Sistemas
Unidad de Operaciones;19-dic-17;290.15;0.00;290.15;1.2.3 - Valoración errónea de posiciones (intencional);1.1 - Actividades no autorizadas;1 - Fraude interno;Personas
Unidad de Riesgos;24-nov-17;140.27;0.00;140.27;4.2.3 - Manipulación del mercado;4.2 - Prácticas empresariales o de mercado improcedentes;4 - Clientes, productos y prácticas empresariales;Personas
Unidad de Riesgos;28-may-17;212.11;0.00;212.11;3.1.2 - Organización laboral;3.1 - Relaciones laborales;3 - Relaciones laborales y seguridad en el puesto de trabajo;Personas
Unidad de Finanzas y Contabilidad;4-may-17;147.10;0.00;147.10;3.2.3 - Indemnización a los trabajadores;3.2 - Higiene y seguridad en el trabajo;3 - Relaciones laborales y seguridad en el puesto de trabajo;Personas
Unidad de Negocios Nicaragua;26-jun-16;35.00;0.00;35.00;6.1.3 - Telecomunicaciones;6.1 - Sistemas;6 - Incidencias en el negocio y fallos en los sistemas;Sistemas
Unidad de Negocios Panamá;25-jun-18;54.00;0.00;534.55;4.1.5 - Ventas agresivas;4.1 - Adecuación, divulgación de información y confianza;4 - Clientes, productos y prácticas empresariales;Personas
Unidad de Negocios Guatemala;22-feb-20;26.91;0.00;26.91;7.1.8 - Fallo en la gestión del colateral;7.1 - Recepción, ejecución y mantenimiento de operaciones;7 - Ejecución, entrega y gestión de procesos;Personas
Unidad de Negocios El Salvador;25-jul-18;234.21;0.00;234.21;4.1.7 - Abuso de información confidencial;4.1 - Adecuación, divulgación de información y confianza;4 - Clientes, productos y prácticas empresariales;Personas
Unidad de Riesgos;31-dic-16;35.00;224.35;101.58;3.2.1 - Responsabilidad en general (resbalones, etc.);3.2 - Higiene y seguridad en el trabajo;3 - Relaciones laborales y seguridad en el puesto de trabajo;Personas
Unidad de Auditoría Interna;7-abr-18;160.36;0.00;160.36;4.2.5 - Blanqueo de dinero;4.2 - Prácticas empresariales o de mercado improcedentes;4 - Clientes, productos y prácticas empresariales;Personas
Unidad de Administración y Recursos Humanos;21-oct-18;24.19;0.00;24.19;6.1.1 - Hardware;6.1 - Sistemas;6 - Incidencias en el negocio y fallos en los sistemas;Sistemas
Unidad de Calidad y Productividad;7-ene-18;100.53;0.00;100.53;7.1.2 - Errores de introducción de datos, mantenimiento o descarga;7.1 - Recepción, ejecución y mantenimiento de operaciones;7 - Ejecución, entrega y gestión de procesos;Personas
Unidad de Operaciones;29-sept-15;70.00;472.79;214.07;7.5.1 - Fallos de contrapartes distintas de clientes;7.5 - Contrapartes comerciales;7 - Ejecución, entrega y gestión de procesos;Personas
Unidad de Administración y Recursos Humanos;8-sept-15;245.63;0.00;245.63;1.2.1 - Fraude / fraude crediticio/ depósitos sin valor;1.2 - Hurto y fraude;1 - Fraude interno;Personas
Unidad de Cumplimiento;19-mar-19;100.00;0.00;1011.22;2.2.2 - Robo de información (con pérdidas pecuniarias);2.2 - Seguridad de los sistemas;2 - Fraude externo;Eventos externos
Unidad de Administración y Recursos Humanos;2-abr-16;191.11;0.00;191.11;4.2.2 - Prácticas comerciales / de mercado improcedentes;4.2 - Prácticas empresariales o de mercado improcedentes;4 - Clientes, productos y prácticas empresariales;Personas
Unidad de Cumplimiento;13-may-16;65.00;0.00;642.00;1.2.1 - Fraude / fraude crediticio/ depósitos sin valor;1.2 - Hurto y fraude;1 - Fraude interno;Personas
Unidad de Finanzas y Contabilidad;14-nov-18;208.26;0.00;208.26;1.2.6 - Utilización de cheques sin fondos;1.2 - Hurto y fraude;1 - Fraude interno;Personas
Unidad de Finanzas y Contabilidad;20-may-19;632.97;0.00;632.97;1.2.1 - Fraude / fraude crediticio/ depósitos sin valor;1.2 - Hurto y fraude;1 - Fraude interno;Personas
Unidad de Finanzas y Contabilidad;9-jul-19;202.44;0.00;202.44;3.1.1 - Cuestiones relativas a remuneración, prestaciones sociales, extinción de contratos;3.1 - Relaciones laborales;3 - Relaciones laborales y seguridad en el puesto de trabajo;Personas
Unidad de Operaciones;27-ene-18;655.62;0.00;655.62;7.5.2 - Otros litigios con contrapartes distintas de clientes;7.5 - Contrapartes comerciales;7 - Ejecución, entrega y gestión de procesos;Personas
Unidad de Administración y Recursos Humanos;25-jun-16;256.57;0.00;256.57;4.2.2 - Prácticas comerciales / de mercado improcedentes;4.2 - Prácticas empresariales o de mercado improcedentes;4 - Clientes, productos y prácticas empresariales;Personas
Unidad de Negocios Nicaragua;13-ago-18;353.49;0.00;353.49;1.2.3 - Valoración errónea de posiciones (intencional);1.1 - Actividades no autorizadas;1 - Fraude interno;Personas
Unidad de Finanzas y Contabilidad;9-oct-19;95.00;0.00;95.00;6.1.4 - Interrupción / incidencias en el suministro;6.1 - Sistemas;6 - Incidencias en el negocio y fallos en los sistemas;Sistemas
Unidad de Administración y Recursos Humanos;6-dic-18;22.17;0.00;22.17;6.1.1 - Hardware;6.1 - Sistemas;6 - Incidencias en el negocio y fallos en los sistemas;Sistemas
Unidad de Negocios Costa Rica;17-oct-15;51.23;0.00;51.23;4.1.8 - Responsabilidad del prestamista;4.1 - Adecuación, divulgación de información y confianza;4 - Clientes, productos y prácticas empresariales;Personas
Unidad de Negocios Panamá;1-mar-16;976.43;0.00;976.43;4.3.2 - Error de los modelos;4.3 - Productos defectuosos;4 - Clientes, productos y prácticas empresariales;Personas
Unidad de Negocios Guatemala;7-dic-17;954.98;0.00;954.98;1.2.3 - Valoración errónea de posiciones (intencional);1.1 - Actividades no autorizadas;1 - Fraude interno;Personas
Unidad de Negocios El Salvador;21-nov-18;61.34;0.00;61.34;7.1.7 - Fallo en la entrega;7.1 - Recepción, ejecución y mantenimiento de operaciones;7 - Ejecución, entrega y gestión de procesos;Personas
Unidad de Riesgos;12-jul-15;303.99;0.00;303.99;1.2.7 - Contrabando;1.2 - Hurto y fraude;1 - Fraude interno;Personas
Unidad de Auditoría Interna;20-nov-16;259.39;259.39;0.00;1.2.1 - Fraude / fraude crediticio/ depósitos sin valor;1.2 - Hurto y fraude;1 - Fraude interno;Personas
Unidad de Administración y Recursos Humanos;8-ene-19;224.04;0.00;224.04;4.3.1 - Defectos del producto (no autorizado, etc.);4.3 - Productos defectuosos;4 - Clientes, productos y prácticas empresariales;Personas
Unidad de Calidad y Productividad;17-ago-15;1193.96;0.00;1193.96;4.5.1 - Litigios sobre resultados de las actividades de asesoramiento;4.5 - Actividades de asesoramiento;4 - Clientes, productos y prácticas empresariales;Personas
Unidad de Riesgos;27-ene-16;602.47;0.00;602.47;1.1.2 - Operaciones no autorizadas (con pérdidas pecuniarias);1.1 - Actividades no autorizadas;1 - Fraude interno;Personas
Unidad de Negocios Costa Rica;17-jun-16;616.24;0.00;616.24;4.3.2 - Error de los modelos;4.3 - Productos defectuosos;4 - Clientes, productos y prácticas empresariales;Personas
Unidad de Administración y Recursos Humanos;13-jul-19;89.78;31.34;89.78;7.1.6 - Errores en otras tareas;7.1 - Recepción, ejecución y mantenimiento de operaciones;7 - Ejecución, entrega y gestión de procesos;Personas
Unidad de Finanzas y Contabilidad;2-ene-16;767.28;0.00;767.28;7.2.2 - Inexactitud de informes externos (con generación de pérdidas);7.2 - Seguimiento y presentación de informes;7 - Ejecución, entrega y gestión de procesos;Personas
Unidad de Negocios Corporativa;26-ene-18;11.13;0.00;11.13;6.1.1 - Hardware;6.1 - Sistemas;6 - Incidencias en el negocio y fallos en los sistemas;Sistemas
Unidad de Negocios Nicaragua;2-feb-16;24.09;4.15;19.94;6.1.2 - Software;6.1 - Sistemas;6 - Incidencias en el negocio y fallos en los sistemas;Sistemas
Unidad de Proyectos;18-jun-18;76.00;0.00;76.00;6.1.4 - Interrupción / incidencias en el suministro;6.1 - Sistemas;6 - Incidencias en el negocio y fallos en los sistemas;Sistemas
Unidad de Negocios Nicaragua;24-mar-18;167.50;0.00;167.50;4.1.2 - Aspectos de adecuación/divulgación información;4.1 - Adecuación, divulgación de información y confianza;4 - Clientes, productos y prácticas empresariales;Personas
Unidad de Finanzas y Contabilidad;26-sept-15;1307.00;0.00;1307.00;7.2.2 - Inexactitud de informes externos (con generación de pérdidas);7.2 - Seguimiento y presentación de informes;7 - Ejecución, entrega y gestión de procesos;Personas
Unidad de Operaciones  -Préstamos;12-ago-18;322.91;0.00;322.91;4.1.3 - Quebrantamiento de la privacidad de información sobre clientes minoristas;4.1 - Adecuación, divulgación de información y confianza;4 - Clientes, productos y prácticas empresariales;Personas
Unidad de Operaciones  -Préstamos;30-jul-17;405.06;0.00;405.06;4.1.6 - Confusión de cuentas;4.1 - Adecuación, divulgación de información y confianza;4 - Clientes, productos y prácticas empresariales;Personas
Unidad de Proyectos;26-sept-18;988.05;0.00;988.05;1.2.6 - Utilización de cheques sin fondos;1.2 - Hurto y fraude;1 - Fraude interno;Personas
Unidad de Administración y Recursos Humanos;6-nov-19;376.77;0.00;376.77;4.2.5 - Blanqueo de dinero;4.2 - Prácticas empresariales o de mercado improcedentes;4 - Clientes, productos y prácticas empresariales;Personas
Unidad de Proyectos;18-dic-17;185.74;0.00;185.74;1.2.1 - Fraude / fraude crediticio/ depósitos sin valor;1.2 - Hurto y fraude;1 - Fraude interno;Personas
Unidad de Tecnología;4-may-16;260.87;0.00;260.87;5.1.2 - Pérdidas humanas por causas externas (terrorismo, vandalismo);5.1 - Desastres y otros acontecimientos;5 - Daños a activos materiales;Personas
Unidad de Operaciones;11-jul-19;801.17;0.00;801.17;1.2.3 - Valoración errónea de posiciones (intencional);1.1 - Actividades no autorizadas;1 - Fraude interno;Personas
Unidad de Tecnología;18-mar-19;113.08;0.00;113.08;3.2.1 - Responsabilidad en general (resbalones, etc.);3.2 - Higiene y seguridad en el trabajo;3 - Relaciones laborales y seguridad en el puesto de trabajo;Personas
Unidad de Operaciones;16-abr-19;714.93;0.00;714.93;7.1.2 - Errores de introducción de datos, mantenimiento o descarga;7.1 - Recepción, ejecución y mantenimiento de operaciones;7 - Ejecución, entrega y gestión de procesos;Personas
Unidad de Calidad y Productividad;6-jul-17;787.99;0.00;787.99;2.2.1 - Daños por ataques informáticos;2.2 - Seguridad de los sistemas;2 - Fraude externo;Eventos externos
Unidad de Cumplimiento;8-ene-18;124.49;0.00;124.49;1.1.1 - Operaciones no reveladas (intencionalmente);1.1 - Actividades no autorizadas;1 - Fraude interno;Personas
Unidad de Calidad y Productividad;23-dic-15;393.96;0.00;393.96;1.2.9 - Incumplimiento / evasión de impuestos (intencional);1.2 - Hurto y fraude;1 - Fraude interno;Personas
Unidad de Finanzas y Contabilidad;11-may-17;183.67;0.00;183.67;1.2.1 - Fraude / fraude crediticio/ depósitos sin valor;1.2 - Hurto y fraude;1 - Fraude interno;Personas
Unidad de Negocios Costa Rica;7-jul-15;481.65;0.00;481.65;4.2.3 - Manipulación del mercado;4.2 - Prácticas empresariales o de mercado improcedentes;4 - Clientes, productos y prácticas empresariales;Personas
Unidad de Auditoría Interna;3-nov-19;293.08;0.00;293.08;1.2.1 - Fraude / fraude crediticio/ depósitos sin valor;1.2 - Hurto y fraude;1 - Fraude interno;Personas
Unidad de Finanzas y Contabilidad;11-sept-18;356.84;0.00;356.84;1.1.1 - Operaciones no reveladas (intencionalmente);1.1 - Actividades no autorizadas;1 - Fraude interno;Personas
Unidad de Negocios Nicaragua;13-jul-19;1964.96;0.00;1964.96;4.1.6 - Confusión de cuentas;4.1 - Adecuación, divulgación de información y confianza;4 - Clientes, productos y prácticas empresariales;Personas
Unidad de Cumplimiento;1-ago-19;211.93;0.00;211.93;4.1.6 - Confusión de cuentas;4.1 - Adecuación, divulgación de información y confianza;4 - Clientes, productos y prácticas empresariales;Personas
Unidad Legal;16-sept-18;421.07;0.00;421.07;1.2.1 - Fraude / fraude crediticio/ depósitos sin valor;1.2 - Hurto y fraude;1 - Fraude interno;Personas
Unidad Legal;7-feb-18;472.80;0.00;472.80;3.1.1 - Cuestiones relativas a remuneración, prestaciones sociales, extinción de contratos;3.1 - Relaciones laborales;3 - Relaciones laborales y seguridad en el puesto de trabajo;Personas
Unidad de Negocios Corporativa;23-abr-19;254.00;0.00;254.00;1.2.2 - Hurto / extorsión / malversación / robo;1.2 - Hurto y fraude;1 - Fraude interno;Personas
Unidad de Negocios Corporativa;21-ago-16;148.99;0.00;148.99;7.1.2 - Errores de introducción de datos, mantenimiento o descarga;7.1 - Recepción, ejecución y mantenimiento de operaciones;7 - Ejecución, entrega y gestión de procesos;Personas
Unidad de Negocios El Salvador;23-jun-18;99.00;0.00;99.00;4.1.4 - Quebrantamiento de privacidad;4.1 - Adecuación, divulgación de información y confianza;4 - Clientes, productos y prácticas empresariales;Personas
Unidad de Finanzas y Contabilidad;13-oct-15;349.62;0.00;349.62;1.2.1 - Fraude / fraude crediticio/ depósitos sin valor;1.2 - Hurto y fraude;1 - Fraude interno;Personas
Unidad de Cumplimiento;14-mar-19;131.17;0.00;131.17;7.1.7 - Fallo en la entrega;7.1 - Recepción, ejecución y mantenimiento de operaciones;7 - Ejecución, entrega y gestión de procesos;Personas
Unidad de Cumplimiento;10-feb-20;135.36;0.00;135.36;7.5.1 - Fallos de contrapartes distintas de clientes;7.5 - Contrapartes comerciales;7 - Ejecución, entrega y gestión de procesos;Personas
Unidad de Finanzas y Contabilidad;9-may-16;889.55;0.00;889.55;4.1.2 - Aspectos de adecuación/divulgación información;4.1 - Adecuación, divulgación de información y confianza;4 - Clientes, productos y prácticas empresariales;Personas
Unidad de Negocios Corporativa;11-jul-16;192.46;0.00;192.46;3.2.2 - Casos relacionados con normas higiene y seguridad de trabajo;3.2 - Higiene y seguridad en el trabajo;3 - Relaciones laborales y seguridad en el puesto de trabajo;Personas
Unidad de Riesgos;10-jul-17;317.62;0.00;317.62;4.3.1 - Defectos del producto (no autorizado, etc.);4.3 - Productos defectuosos;4 - Clientes, productos y prácticas empresariales;Personas
Unidad de Auditoría Interna;27-abr-19;90.86;0.00;90.86;1.1.2 - Operaciones no autorizadas (con pérdidas pecuniarias);1.1 - Actividades no autorizadas;1 - Fraude interno;Personas
Unidad de Administración y Recursos Humanos;7-jul-16;44.38;0.00;44.38;5.1.2 - Pérdidas humanas por causas externas (terrorismo, vandalismo);5.1 - Desastres y otros acontecimientos;5 - Daños a activos materiales;Personas
Unidad de Calidad y Productividad;5-nov-16;389.86;87.82;302.04;4.2.3 - Manipulación del mercado;4.2 - Prácticas empresariales o de mercado improcedentes;4 - Clientes, productos y prácticas empresariales;Personas
Unidad de Operaciones;24-dic-19;2911.87;0.00;2911.87;1.2.4 - Destrucción dolosa de activos;1.2 - Hurto y fraude;1 - Fraude interno;Personas
Unidad de Administración y Recursos Humanos;24-sept-16;89.01;0.00;89.01;7.5.1 - Fallos de contrapartes distintas de clientes;7.5 - Contrapartes comerciales;7 - Ejecución, entrega y gestión de procesos;Personas
Unidad de Cumplimiento;14-may-17;2038.38;0.00;2038.38;4.1.7 - Abuso de información confidencial;4.1 - Adecuación, divulgación de información y confianza;4 - Clientes, productos y prácticas empresariales;Personas
Unidad de Finanzas y Contabilidad;3-jun-19;610.41;0.00;610.41;1.1.1 - Operaciones no reveladas (intencionalmente);1.1 - Actividades no autorizadas;1 - Fraude interno;Personas
Unidad de Finanzas y Contabilidad;30-ago-17;570.94;0.00;570.94;4.2.5 - Blanqueo de dinero;4.2 - Prácticas empresariales o de mercado improcedentes;4 - Clientes, productos y prácticas empresariales;Personas
Unidad de Negocios Corporativa;3-mar-19;178.09;0.00;178.09;2.2.2 - Robo de información (con pérdidas pecuniarias);2.2 - Seguridad de los sistemas;2 - Fraude externo;Eventos externos
Unidad de Cumplimiento;3-dic-19;1071.58;0.00;1071.58;7.4.1 - Acceso no autorizado a cuentas;7.4 - Gestión de cuentas de clientes;7 - Ejecución, entrega y gestión de procesos;Personas
Unidad Legal;26-ago-17;502.21;0.00;502.21;2.1.1 - Hurto/ robo;2.1 - Hurto y fraude;2 - Fraude externo;Eventos externos
Unidad de Finanzas y Contabilidad;7-mar-18;363.18;0.00;363.18;4.1.8 - Responsabilidad del prestamista;4.1 - Adecuación, divulgación de información y confianza;4 - Clientes, productos y prácticas empresariales;Personas
Unidad de Calidad y Productividad;21-ene-17;189.00;0.00;189.00;7.1.1 - Comunicación defectuosa;7.1 - Recepción, ejecución y mantenimiento de operaciones;7 - Ejecución, entrega y gestión de procesos;Personas
Unidad de Operaciones;16-jul-19;186.45;0.00;186.45;7.1.9 - Mantenimiento de datos de referencia;7.1 - Recepción, ejecución y mantenimiento de operaciones;7 - Ejecución, entrega y gestión de procesos;Personas
Unidad de Tecnología;26-jun-16;646.61;0.00;646.61;1.2.1 - Fraude / fraude crediticio/ depósitos sin valor;1.2 - Hurto y fraude;1 - Fraude interno;Personas
Unidad de Proyectos;7-abr-16;63.35;0.00;63.35;1.2.1 - Fraude / fraude crediticio/ depósitos sin valor;1.2 - Hurto y fraude;1 - Fraude interno;Personas
Unidad de Operaciones  -Préstamos;25-ene-18;329.24;0.00;329.24;4.5.1 - Litigios sobre resultados de las actividades de asesoramiento;4.5 - Actividades de asesoramiento;4 - Clientes, productos y prácticas empresariales;Personas
Unidad de Negocios Nicaragua;31-may-16;387.26;0.00;387.26;4.5.1 - Litigios sobre resultados de las actividades de asesoramiento;4.5 - Actividades de asesoramiento;4 - Clientes, productos y prácticas empresariales;Personas
Unidad de Finanzas y Contabilidad;14-nov-15;217.93;0.00;217.93;4.1.2 - Aspectos de adecuación/divulgación información;4.1 - Adecuación, divulgación de información y confianza;4 - Clientes, productos y prácticas empresariales;Personas
Unidad de Administración y Recursos Humanos;11-ene-20;61.98;0.00;61.98;4.4.2 - Superación de los límites de riesgo frente a clientes;4.4 - Selección, patrocinio y riesgos;4 - Clientes, productos y prácticas empresariales;Personas
Unidad de Negocios Costa Rica;15-mar-15;761.00;0.00;761.00;4.1.1 - Abusos de confianza / incumplimiento de pautas;4.1 - Adecuación, divulgación de información y confianza;4 - Clientes, productos y prácticas empresariales;Personas
Unidad de Negocios Panamá;22-abr-15;206.05;0.00;206.05;1.2.3 - Valoración errónea de posiciones (intencional);1.1 - Actividades no autorizadas;1 - Fraude interno;Personas
Unidad de Negocios Guatemala;30-ene-20;838.23;0.00;838.23;2.2.1 - Daños por ataques informáticos;2.2 - Seguridad de los sistemas;2 - Fraude externo;Eventos externos
Unidad de Negocios El Salvador;24-mar-17;349.90;0.00;349.90;3.2.3 - Indemnización a los trabajadores;3.2 - Higiene y seguridad en el trabajo;3 - Relaciones laborales y seguridad en el puesto de trabajo;Personas
Unidad de Riesgos;21-abr-19;104.85;0.00;104.85;7.1.7 - Fallo en la entrega;7.1 - Recepción, ejecución y mantenimiento de operaciones;7 - Ejecución, entrega y gestión de procesos;Personas
Unidad de Auditoría Interna;10-oct-15;623.85;0.00;623.85;2.1.1 - Hurto/ robo;2.1 - Hurto y fraude;2 - Fraude externo;Eventos externos
Unidad de Administración y Recursos Humanos;29-nov-15;85.95;0.00;85.95;7.3.1 - Inexistencia de autorizaciones / rechazos de clientes;7.3 - Aceptación de  clientes y documentación;7 - Ejecución, entrega y gestión de procesos;Personas
Unidad de Calidad y Productividad;16-oct-15;180.29;0.00;180.29;4.2.5 - Blanqueo de dinero;4.2 - Prácticas empresariales o de mercado improcedentes;4 - Clientes, productos y prácticas empresariales;Personas
Unidad de Operaciones;11-sept-18;252.33;0.00;252.33;2.2.2 - Robo de información (con pérdidas pecuniarias);2.2 - Seguridad de los sistemas;2 - Fraude externo;Eventos externos
Unidad de Administración y Recursos Humanos;27-feb-20;416.59;0.00;416.59;7.1.1 - Comunicación defectuosa;7.1 - Recepción, ejecución y mantenimiento de operaciones;7 - Ejecución, entrega y gestión de procesos;Personas
Unidad de Cumplimiento;27-ene-19;297.94;0.00;297.94;4.2.5 - Blanqueo de dinero;4.2 - Prácticas empresariales o de mercado improcedentes;4 - Clientes, productos y prácticas empresariales;Personas
Unidad de Finanzas y Contabilidad;4-mar-19;421.42;0.00;421.42;7.3.2 - Documentos jurídicos inexistentes / incompletos;7.3 - Aceptación de  clientes y documentación;7 - Ejecución, entrega y gestión de procesos;Personas
Unidad de Finanzas y Contabilidad;31-jul-18;145.21;0.00;145.21;4.5.1 - Litigios sobre resultados de las actividades de asesoramiento;4.5 - Actividades de asesoramiento;4 - Clientes, productos y prácticas empresariales;Personas
Unidad de Negocios Corporativa;27-feb-19;615.60;0.00;615.60;7.1.2 - Errores de introducción de datos, mantenimiento o descarga;7.1 - Recepción, ejecución y mantenimiento de operaciones;7 - Ejecución, entrega y gestión de procesos;Personas
Unidad de Administración y Recursos Humanos;3-oct-17;52.66;0.00;52.66;7.1.6 - Errores en otras tareas;7.1 - Recepción, ejecución y mantenimiento de operaciones;7 - Ejecución, entrega y gestión de procesos;Personas
Unidad de Calidad y Productividad;16-oct-19;506.43;0.00;506.43;1.2.9 - Incumplimiento / evasión de impuestos (intencional);1.2 - Hurto y fraude;1 - Fraude interno;Personas
Unidad de Tecnología;8-may-17;379.28;156.97;222.31;7.6.2 - Litigios con distribuidores;7.6 - Distribuidores y proveedores;7 - Ejecución, entrega y gestión de procesos;Personas
Unidad de Negocios Nicaragua;29-dic-19;63.18;0.00;63.18;7.3.1 - Inexistencia de autorizaciones / rechazos de clientes;7.3 - Aceptación de  clientes y documentación;7 - Ejecución, entrega y gestión de procesos;Personas
Unidad de Finanzas y Contabilidad;30-ene-20;130.50;0.00;130.50;5.1.2 - Pérdidas humanas por causas externas (terrorismo, vandalismo);5.1 - Desastres y otros acontecimientos;5 - Daños a activos materiales;Personas
Unidad de Negocios Corporativa;21-ago-15;254.18;0.00;254.18;2.1.2 - Falsificación;2.1 - Hurto y fraude;2 - Fraude externo;Eventos externos
Unidad de Calidad y Productividad;31-jul-19;110.11;0.00;110.11;2.1.2 - Falsificación;2.1 - Hurto y fraude;2 - Fraude externo;Eventos externos
Unidad de Operaciones;25-feb-16;1748.14;0.00;1748.14;1.2.3 - Valoración errónea de posiciones (intencional);1.1 - Actividades no autorizadas;1 - Fraude interno;Personas
Unidad de Negocios Panamá;22-oct-15;300.95;112.11;188.84;4.5.1 - Litigios sobre resultados de las actividades de asesoramiento;4.5 - Actividades de asesoramiento;4 - Clientes, productos y prácticas empresariales;Personas
Unidad de Finanzas y Contabilidad;4-mar-17;85.00;0.00;85.00;6.1.4 - Interrupción / incidencias en el suministro;6.1 - Sistemas;6 - Incidencias en el negocio y fallos en los sistemas;Sistemas
Unidad de Finanzas y Contabilidad;6-dic-17;714.09;106.78;607.31;1.2.1 - Fraude / fraude crediticio/ depósitos sin valor;1.2 - Hurto y fraude;1 - Fraude interno;Personas
Unidad de Cumplimiento;23-feb-16;523.00;0.00;523.00;4.1.4 - Quebrantamiento de privacidad;4.1 - Adecuación, divulgación de información y confianza;4 - Clientes, productos y prácticas empresariales;Personas
Unidad de Cumplimiento;12-may-17;1618.00;739.07;878.93;2.2.2 - Robo de información (con pérdidas pecuniarias);2.2 - Seguridad de los sistemas;2 - Fraude externo;Eventos externos
Unidad de Finanzas y Contabilidad;14-oct-19;687.64;0.00;687.64;4.3.2 - Error de los modelos;4.3 - Productos defectuosos;4 - Clientes, productos y prácticas empresariales;Personas
Unidad de Finanzas y Contabilidad;27-jun-16;449.02;205.10;243.92;7.1.3 - Incumplimiento de plazos o de responsabilidades;7.1 - Recepción, ejecución y mantenimiento de operaciones;7 - Ejecución, entrega y gestión de procesos;Personas
Unidad de Negocios Corporativa;27-ago-15;2545.84;0.00;2545.84;3.2.3 - Indemnización a los trabajadores;3.2 - Higiene y seguridad en el trabajo;3 - Relaciones laborales y seguridad en el puesto de trabajo;Personas
Unidad de Calidad y Productividad;9-may-18;120.85;0.00;120.85;5.1.2 - Pérdidas humanas por causas externas (terrorismo, vandalismo);5.1 - Desastres y otros acontecimientos;5 - Daños a activos materiales;Personas
Unidad de Administración y Recursos Humanos;14-oct-15;234.40;0.00;234.40;1.2.1 - Fraude / fraude crediticio/ depósitos sin valor;1.2 - Hurto y fraude;1 - Fraude interno;Personas
Unidad de Cumplimiento;28-ago-16;19.81;0.00;19.81;6.1.2 - Software;6.1 - Sistemas;6 - Incidencias en el negocio y fallos en los sistemas;Sistemas
Unidad de Finanzas y Contabilidad;8-ago-17;707.30;0.00;707.30;7.1.3 - Incumplimiento de plazos o de responsabilidades;7.1 - Recepción, ejecución y mantenimiento de operaciones;7 - Ejecución, entrega y gestión de procesos;Personas
Unidad de Finanzas y Contabilidad;21-dic-16;170.76;0.00;170.76;2.2.2 - Robo de información (con pérdidas pecuniarias);2.2 - Seguridad de los sistemas;2 - Fraude externo;Eventos externos
Unidad de Negocios Corporativa;21-feb-18;208.44;0.00;208.44;7.6.2 - Litigios con distribuidores;7.6 - Distribuidores y proveedores;7 - Ejecución, entrega y gestión de procesos;Personas
Unidad de Cumplimiento;10-ago-16;1574.00;0.00;1574.00;3.1.1 - Cuestiones relativas a remuneración, prestaciones sociales, extinción de contratos;3.1 - Relaciones laborales;3 - Relaciones laborales y seguridad en el puesto de trabajo;Personas
Unidad Legal;20-mar-15;129.32;0.00;129.32;4.3.1 - Defectos del producto (no autorizado, etc.);4.3 - Productos defectuosos;4 - Clientes, productos y prácticas empresariales;Personas
Unidad de Finanzas y Contabilidad;15-may-17;425.62;0.00;425.62;7.3.2 - Documentos jurídicos inexistentes / incompletos;7.3 - Aceptación de  clientes y documentación;7 - Ejecución, entrega y gestión de procesos;Personas
Unidad de Calidad y Productividad;9-sept-15;512.39;0.00;512.39;4.1.2 - Aspectos de adecuación/divulgación información;4.1 - Adecuación, divulgación de información y confianza;4 - Clientes, productos y prácticas empresariales;Personas
Unidad de Operaciones;30-ago-16;442.75;0.00;442.75;3.2.1 - Responsabilidad en general (resbalones, etc.);3.2 - Higiene y seguridad en el trabajo;3 - Relaciones laborales y seguridad en el puesto de trabajo;Personas
Unidad de Tecnología;2-abr-17;232.67;0.00;232.67;4.3.2 - Error de los modelos;4.3 - Productos defectuosos;4 - Clientes, productos y prácticas empresariales;Personas
Unidad de Proyectos;14-feb-18;235.08;0.00;235.08;7.4.3 - Pérdida o daño de activos de clientes por negligencia;7.4 - Gestión de cuentas de clientes;7 - Ejecución, entrega y gestión de procesos;Personas
Unidad de Operaciones  -Préstamos;28-jul-16;183.10;0.00;183.10;6.1.3 - Telecomunicaciones;6.1 - Sistemas;6 - Incidencias en el negocio y fallos en los sistemas;Sistemas
Unidad de Negocios Nicaragua;8-sept-18;747.62;0.00;747.62;1.2.6 - Utilización de cheques sin fondos;1.2 - Hurto y fraude;1 - Fraude interno;Personas
Unidad de Finanzas y Contabilidad;16-dic-16;305.95;0.00;305.95;1.2.1 - Fraude / fraude crediticio/ depósitos sin valor;1.2 - Hurto y fraude;1 - Fraude interno;Personas
Unidad de Administración y Recursos Humanos;13-abr-19;478.17;0.00;478.17;1.2.1 - Fraude / fraude crediticio/ depósitos sin valor;1.2 - Hurto y fraude;1 - Fraude interno;Personas
Unidad de Negocios Costa Rica;7-dic-18;110.25;0.00;110.25;1.2.3 - Valoración errónea de posiciones (intencional);1.1 - Actividades no autorizadas;1 - Fraude interno;Personas
Unidad de Negocios Panamá;26-nov-18;339.39;0.00;339.39;4.1.3 - Quebrantamiento de la privacidad de información sobre clientes minoristas;4.1 - Adecuación, divulgación de información y confianza;4 - Clientes, productos y prácticas empresariales;Personas
Unidad de Negocios Guatemala;8-oct-17;103.51;0.00;103.51;7.4.1 - Acceso no autorizado a cuentas;7.4 - Gestión de cuentas de clientes;7 - Ejecución, entrega y gestión de procesos;Personas
Unidad de Negocios El Salvador;24-jul-16;1.00;0.00;130.00;1.2.8 - Apropiación de cuentas, de identidad, etc.;1.2 - Hurto y fraude;1 - Fraude interno;Personas
Unidad de Riesgos;10-jun-18;890.86;0.00;890.86;1.2.5 - Falsificación;1.2 - Hurto y fraude;1 - Fraude interno;Personas
Unidad de Auditoría Interna;27-nov-15;34.10;0.00;34.10;4.1.4 - Quebrantamiento de privacidad;4.1 - Adecuación, divulgación de información y confianza;4 - Clientes, productos y prácticas empresariales;Personas
Unidad de Administración y Recursos Humanos;31-mar-17;589.82;0.00;589.82;1.2.3 - Valoración errónea de posiciones (intencional);1.1 - Actividades no autorizadas;1 - Fraude interno;Personas
Unidad de Calidad y Productividad;22-mar-19;55.96;0.00;55.96;4.4.2 - Superación de los límites de riesgo frente a clientes;4.4 - Selección, patrocinio y riesgos;4 - Clientes, productos y prácticas empresariales;Personas
Unidad de Operaciones;21-ene-20;221.89;0.00;221.89;1.2.3 - Valoración errónea de posiciones (intencional);1.1 - Actividades no autorizadas;1 - Fraude interno;Personas
Unidad de Administración y Recursos Humanos;12-mar-19;24.82;0.00;24.82;7.1.8 - Fallo en la gestión del colateral;7.1 - Recepción, ejecución y mantenimiento de operaciones;7 - Ejecución, entrega y gestión de procesos;Personas
Unidad de Cumplimiento;25-feb-16;227.90;0.00;227.90;4.1.4 - Quebrantamiento de privacidad;4.1 - Adecuación, divulgación de información y confianza;4 - Clientes, productos y prácticas empresariales;Personas
Unidad de Finanzas y Contabilidad;4-mar-16;868.75;0.00;868.75;1.2.1 - Fraude / fraude crediticio/ depósitos sin valor;1.2 - Hurto y fraude;1 - Fraude interno;Personas
Unidad de Operaciones;17-jun-15;331.64;0.00;331.64;7.3.1 - Inexistencia de autorizaciones / rechazos de clientes;7.3 - Aceptación de  clientes y documentación;7 - Ejecución, entrega y gestión de procesos;Personas
Unidad Legal;23-oct-15;152.80;0.00;152.80;1.2.6 - Utilización de cheques sin fondos;1.2 - Hurto y fraude;1 - Fraude interno;Personas
Unidad de Proyectos;16-oct-19;80.97;66.69;14.28;2.1.1 - Hurto/ robo;2.1 - Hurto y fraude;2 - Fraude externo;Eventos externos
Unidad de Cumplimiento;25-ago-18;264.48;0.00;264.48;4.1.3 - Quebrantamiento de la privacidad de información sobre clientes minoristas;4.1 - Adecuación, divulgación de información y confianza;4 - Clientes, productos y prácticas empresariales;Personas
Unidad de Finanzas y Contabilidad;29-sept-15;290.38;0.00;290.38;5.1.2 - Pérdidas humanas por causas externas (terrorismo, vandalismo);5.1 - Desastres y otros acontecimientos;5 - Daños a activos materiales;Personas
Unidad de Finanzas y Contabilidad;29-nov-18;175.49;0.00;175.49;1.2.1 - Fraude / fraude crediticio/ depósitos sin valor;1.2 - Hurto y fraude;1 - Fraude interno;Personas
Unidad de Negocios Nicaragua;19-mar-18;317.36;261.38;55.98;2.1.2 - Falsificación;2.1 - Hurto y fraude;2 - Fraude externo;Eventos externos
Unidad de Negocios Panamá;23-ene-18;126.32;0.00;126.32;1.2.9 - Incumplimiento / evasión de impuestos (intencional);1.2 - Hurto y fraude;1 - Fraude interno;Personas
Unidad de Administración y Recursos Humanos;19-oct-19;243.33;0.00;243.33;4.1.6 - Confusión de cuentas;4.1 - Adecuación, divulgación de información y confianza;4 - Clientes, productos y prácticas empresariales;Personas
Unidad de Tecnología;21-may-15;700.63;0.00;700.63;1.2.3 - Valoración errónea de posiciones (intencional);1.1 - Actividades no autorizadas;1 - Fraude interno;Personas
Unidad de Negocios Nicaragua;23-jul-19;409.38;0.00;409.38;7.5.1 - Fallos de contrapartes distintas de clientes;7.5 - Contrapartes comerciales;7 - Ejecución, entrega y gestión de procesos;Personas
Unidad de Negocios El Salvador;3-mar-19;120.34;0.00;120.34;7.1.1 - Comunicación defectuosa;7.1 - Recepción, ejecución y mantenimiento de operaciones;7 - Ejecución, entrega y gestión de procesos;Personas
Unidad de Negocios El Salvador;2-dic-19;89.15;0.00;89.15;2.2.2 - Robo de información (con pérdidas pecuniarias);2.2 - Seguridad de los sistemas;2 - Fraude externo;Eventos externos
Unidad de Negocios Guatemala;31-oct-16;104.16;0.00;104.16;1.2.3 - Valoración errónea de posiciones (intencional);1.1 - Actividades no autorizadas;1 - Fraude interno;Personas
Unidad de Finanzas y Contabilidad;23-feb-17;253.98;0.00;253.98;7.1.3 - Incumplimiento de plazos o de responsabilidades;7.1 - Recepción, ejecución y mantenimiento de operaciones;7 - Ejecución, entrega y gestión de procesos;Personas
Unidad de Negocios Panamá;24-dic-17;360.51;0.00;360.51;2.2.2 - Robo de información (con pérdidas pecuniarias);2.2 - Seguridad de los sistemas;2 - Fraude externo;Eventos externos
Unidad de Negocios Costa Rica;27-may-16;89.00;0.00;89.00;4.2.4 - Actividades no autorizadas;4.2 - Prácticas empresariales o de mercado improcedentes;4 - Clientes, productos y prácticas empresariales;Personas
Unidad de Administración y Recursos Humanos;27-oct-17;469.41;0.00;469.41;7.4.1 - Acceso no autorizado a cuentas;7.4 - Gestión de cuentas de clientes;7 - Ejecución, entrega y gestión de procesos;Personas
Unidad de Finanzas y Contabilidad;2-feb-19;155.25;12.66;142.59;4.1.1 - Abusos de confianza / incumplimiento de pautas;4.1 - Adecuación, divulgación de información y confianza;4 - Clientes, productos y prácticas empresariales;Personas
Unidad de Negocios Guatemala;14-jul-17;139.74;0.00;139.74;4.1.7 - Abuso de información confidencial;4.1 - Adecuación, divulgación de información y confianza;4 - Clientes, productos y prácticas empresariales;Personas
Unidad de Administración y Recursos Humanos;10-mar-17;526.00;0.00;526.00;1.2.3 - Valoración errónea de posiciones (intencional);1.1 - Actividades no autorizadas;1 - Fraude interno;Personas
Unidad de Negocios Nicaragua;19-jun-16;54.48;0.00;54.48;4.1.6 - Confusión de cuentas;4.1 - Adecuación, divulgación de información y confianza;4 - Clientes, productos y prácticas empresariales;Personas
Unidad de Calidad y Productividad;9-nov-16;38.70;0.00;38.70;6.1.2 - Software;6.1 - Sistemas;6 - Incidencias en el negocio y fallos en los sistemas;Sistemas
Unidad de Operaciones;12-dic-19;166.23;0.00;166.23;1.2.3 - Valoración errónea de posiciones (intencional);1.1 - Actividades no autorizadas;1 - Fraude interno;Personas
Unidad de Administración y Recursos Humanos;17-ago-15;172.91;0.00;172.91;2.2.2 - Robo de información (con pérdidas pecuniarias);2.2 - Seguridad de los sistemas;2 - Fraude externo;Eventos externos
Unidad de Auditoría Interna;20-abr-17;29.85;0.00;29.85;6.1.1 - Hardware;6.1 - Sistemas;6 - Incidencias en el negocio y fallos en los sistemas;Sistemas
Unidad de Riesgos;19-mar-18;724.94;0.00;724.94;4.1.2 - Aspectos de adecuación/divulgación información;4.1 - Adecuación, divulgación de información y confianza;4 - Clientes, productos y prácticas empresariales;Personas
Unidad de Negocios El Salvador;5-nov-15;364.23;0.00;364.23;7.5.2 - Otros litigios con contrapartes distintas de clientes;7.5 - Contrapartes comerciales;7 - Ejecución, entrega y gestión de procesos;Personas
Unidad de Negocios Corporativa;16-abr-16;108.44;0.00;108.44;4.4.1 - Ausencia de investigación a clientes conforme a las directrices;4.4 - Selección, patrocinio y riesgos;4 - Clientes, productos y prácticas empresariales;Personas
Unidad Legal;4-mar-16;154.71;0.00;154.71;7.4.3 - Pérdida o daño de activos de clientes por negligencia;7.4 - Gestión de cuentas de clientes;7 - Ejecución, entrega y gestión de procesos;Personas
Unidad de Negocios Guatemala;20-ene-18;3.00;0.00;3.00;4.3.2 - Error de los modelos;4.3 - Productos defectuosos;4 - Clientes, productos y prácticas empresariales;Personas
Unidad de Finanzas y Contabilidad;10-dic-16;48.01;0.00;48.01;4.1.5 - Ventas agresivas;4.1 - Adecuación, divulgación de información y confianza;4 - Clientes, productos y prácticas empresariales;Personas
Unidad de Proyectos;13-abr-19;214.00;0.00;214.00;6.1.3 - Telecomunicaciones;6.1 - Sistemas;6 - Incidencias en el negocio y fallos en los sistemas;Sistemas
Unidad de Tecnología;22-ene-19;86.62;0.00;86.62;3.2.3 - Indemnización a los trabajadores;3.2 - Higiene y seguridad en el trabajo;3 - Relaciones laborales y seguridad en el puesto de trabajo;Personas
Unidad de Finanzas y Contabilidad;24-feb-20;275.15;0.00;275.15;4.3.2 - Error de los modelos;4.3 - Productos defectuosos;4 - Clientes, productos y prácticas empresariales;Personas
Unidad de Operaciones  -Préstamos;28-dic-15;155.94;0.00;155.94;3.2.1 - Responsabilidad en general (resbalones, etc.);3.2 - Higiene y seguridad en el trabajo;3 - Relaciones laborales y seguridad en el puesto de trabajo;Personas
Unidad de Cumplimiento;31-ene-19;359.48;0.00;359.48;4.1.4 - Quebrantamiento de privacidad;4.1 - Adecuación, divulgación de información y confianza;4 - Clientes, productos y prácticas empresariales;Personas
Unidad de Administración y Recursos Humanos;20-sept-17;649.82;0.00;649.82;7.2.1 - Incumplimiento de la obligación de informar;7.2 - Seguimiento y presentación de informes;7 - Ejecución, entrega y gestión de procesos;Personas
Unidad de Negocios Panamá;6-jun-19;150.21;0.00;150.21;7.1.3 - Incumplimiento de plazos o de responsabilidades;7.1 - Recepción, ejecución y mantenimiento de operaciones;7 - Ejecución, entrega y gestión de procesos;Personas
Unidad de Administración y Recursos Humanos;22-jul-19;210.49;0.00;210.49;1.2.7 - Contrabando;1.2 - Hurto y fraude;1 - Fraude interno;Personas
Unidad de Negocios Guatemala;20-dic-16;282.77;0.00;282.77;1.2.5 - Falsificación;1.2 - Hurto y fraude;1 - Fraude interno;Personas
Unidad de Proyectos;19-oct-15;1395.00;0.00;353.00;4.1.5 - Ventas agresivas;4.1 - Adecuación, divulgación de información y confianza;4 - Clientes, productos y prácticas empresariales;Personas
Unidad de Negocios Costa Rica;6-dic-16;186.91;0.00;186.91;4.2.5 - Blanqueo de dinero;4.2 - Prácticas empresariales o de mercado improcedentes;4 - Clientes, productos y prácticas empresariales;Personas
Unidad Legal;17-feb-16;380.00;0.00;1422.00;3.1.2 - Organización laboral;3.1 - Relaciones laborales;3 - Relaciones laborales y seguridad en el puesto de trabajo;Personas
Unidad de Proyectos;2-jul-17;306.19;0.00;306.19;4.5.1 - Litigios sobre resultados de las actividades de asesoramiento;4.5 - Actividades de asesoramiento;4 - Clientes, productos y prácticas empresariales;Personas
Unidad de Tecnología;22-ago-15;413.75;0.00;413.75;4.2.4 - Actividades no autorizadas;4.2 - Prácticas empresariales o de mercado improcedentes;4 - Clientes, productos y prácticas empresariales;Personas
Unidad de Finanzas y Contabilidad;11-feb-20;132.34;0.00;132.34;5.1.1 - Pérdidas por desastres naturales;5.1 - Desastres y otros acontecimientos;5 - Daños a activos materiales;Personas
Unidad de Operaciones;29-mar-16;577.61;0.00;577.61;4.1.5 - Ventas agresivas;4.1 - Adecuación, divulgación de información y confianza;4 - Clientes, productos y prácticas empresariales;Personas
Unidad de Administración y Recursos Humanos;20-nov-17;298.18;0.00;298.18;7.5.1 - Fallos de contrapartes distintas de clientes;7.5 - Contrapartes comerciales;7 - Ejecución, entrega y gestión de procesos;Personas
Unidad de Cumplimiento;27-mar-15;321.74;0.00;321.74;3.2.3 - Indemnización a los trabajadores;3.2 - Higiene y seguridad en el trabajo;3 - Relaciones laborales y seguridad en el puesto de trabajo;Personas
Unidad de Negocios Panamá;20-nov-18;551.99;0.00;551.99;4.1.5 - Ventas agresivas;4.1 - Adecuación, divulgación de información y confianza;4 - Clientes, productos y prácticas empresariales;Personas
Unidad de Negocios Panamá;29-dic-17;45.37;45.37;0.00;7.3.1 - Inexistencia de autorizaciones / rechazos de clientes;7.3 - Aceptación de  clientes y documentación;7 - Ejecución, entrega y gestión de procesos;Personas
Unidad de Administración y Recursos Humanos;2-mar-20;191.27;0.00;191.27;4.1.5 - Ventas agresivas;4.1 - Adecuación, divulgación de información y confianza;4 - Clientes, productos y prácticas empresariales;Personas
Unidad de Cumplimiento;17-ago-19;318.52;0.00;318.52;4.1.8 - Responsabilidad del prestamista;4.1 - Adecuación, divulgación de información y confianza;4 - Clientes, productos y prácticas empresariales;Personas
Unidad de Operaciones;4-ene-20;183.50;0.00;183.50;7.3.2 - Documentos jurídicos inexistentes / incompletos;7.3 - Aceptación de  clientes y documentación;7 - Ejecución, entrega y gestión de procesos;Personas
Unidad de Operaciones  -Préstamos;21-nov-18;26.18;0.00;26.18;6.1.2 - Software;6.1 - Sistemas;6 - Incidencias en el negocio y fallos en los sistemas;Sistemas
Unidad de Calidad y Productividad;29-ago-18;528.68;0.00;528.68;3.1.2 - Organización laboral;3.1 - Relaciones laborales;3 - Relaciones laborales y seguridad en el puesto de trabajo;Personas
Unidad de Finanzas y Contabilidad;10-oct-15;530.46;0.00;530.46;4.2.3 - Manipulación del mercado;4.2 - Prácticas empresariales o de mercado improcedentes;4 - Clientes, productos y prácticas empresariales;Personas
Unidad Legal;3-feb-16;935.98;0.00;935.98;7.1.4 - Ejecución errónea de modelos / sistemas;7.1 - Recepción, ejecución y mantenimiento de operaciones;7 - Ejecución, entrega y gestión de procesos;Personas
Unidad de Negocios Panamá;14-dic-15;111.27;0.00;111.27;7.1.8 - Fallo en la gestión del colateral;7.1 - Recepción, ejecución y mantenimiento de operaciones;7 - Ejecución, entrega y gestión de procesos;Personas
Unidad de Negocios Panamá;10-nov-19;1230.36;0.00;1230.36;7.1.1 - Comunicación defectuosa;7.1 - Recepción, ejecución y mantenimiento de operaciones;7 - Ejecución, entrega y gestión de procesos;Personas
Unidad de Finanzas y Contabilidad;2-ago-18;117.00;0.00;117.00;3.2.3 - Indemnización a los trabajadores;3.2 - Higiene y seguridad en el trabajo;3 - Relaciones laborales y seguridad en el puesto de trabajo;Personas
Unidad Legal;24-dic-15;1329.09;0.00;1329.09;7.2.2 - Inexactitud de informes externos (con generación de pérdidas);7.2 - Seguimiento y presentación de informes;7 - Ejecución, entrega y gestión de procesos;Personas
Unidad de Negocios Nicaragua;18-feb-20;64.99;0.00;64.99;7.1.9 - Mantenimiento de datos de referencia;7.1 - Recepción, ejecución y mantenimiento de operaciones;7 - Ejecución, entrega y gestión de procesos;Personas
Unidad de Negocios Corporativa;3-ago-19;611.05;0.00;611.05;1.2.3 - Valoración errónea de posiciones (intencional);1.1 - Actividades no autorizadas;1 - Fraude interno;Personas
Unidad de Cumplimiento;22-dic-19;70.47;0.00;70.47;7.1.8 - Fallo en la gestión del colateral;7.1 - Recepción, ejecución y mantenimiento de operaciones;7 - Ejecución, entrega y gestión de procesos;Personas
Unidad Legal;14-dic-18;181.45;0.00;181.45;7.1.8 - Fallo en la gestión del colateral;7.1 - Recepción, ejecución y mantenimiento de operaciones;7 - Ejecución, entrega y gestión de procesos;Personas
Unidad de Finanzas y Contabilidad;31-dic-18;674.35;0.00;674.35;2.2.1 - Daños por ataques informáticos;2.2 - Seguridad de los sistemas;2 - Fraude externo;Eventos externos
Unidad de Calidad y Productividad;14-jun-17;554.00;0.00;554.00;4.1.5 - Ventas agresivas;4.1 - Adecuación, divulgación de información y confianza;4 - Clientes, productos y prácticas empresariales;Personas
Unidad de Operaciones;19-feb-20;163.01;0.00;163.01;7.1.3 - Incumplimiento de plazos o de responsabilidades;7.1 - Recepción, ejecución y mantenimiento de operaciones;7 - Ejecución, entrega y gestión de procesos;Personas
Unidad de Tecnología;28-ene-20;248.22;0.00;248.22;7.1.9 - Mantenimiento de datos de referencia;7.1 - Recepción, ejecución y mantenimiento de operaciones;7 - Ejecución, entrega y gestión de procesos;Personas
Unidad de Negocios Panamá;26-oct-19;323.83;0.00;323.83;3.2.1 - Responsabilidad en general (resbalones, etc.);3.2 - Higiene y seguridad en el trabajo;3 - Relaciones laborales y seguridad en el puesto de trabajo;Personas
Unidad de Cumplimiento;15-abr-18;164.42;0.00;164.42;3.2.1 - Responsabilidad en general (resbalones, etc.);3.2 - Higiene y seguridad en el trabajo;3 - Relaciones laborales y seguridad en el puesto de trabajo;Personas
Unidad de Operaciones  -Préstamos;17-dic-15;640.95;0.00;640.95;1.1.2 - Operaciones no autorizadas (con pérdidas pecuniarias);1.1 - Actividades no autorizadas;1 - Fraude interno;Personas
Unidad de Finanzas y Contabilidad;19-dic-15;574.99;0.00;574.99;4.1.2 - Aspectos de adecuación/divulgación información;4.1 - Adecuación, divulgación de información y confianza;4 - Clientes, productos y prácticas empresariales;Personas
Unidad de Finanzas y Contabilidad;24-jul-18;313.30;0.00;313.30;1.2.5 - Falsificación;1.2 - Hurto y fraude;1 - Fraude interno;Personas
Unidad de Proyectos;31-dic-19;433.59;0.00;433.59;7.2.1 - Incumplimiento de la obligación de informar;7.2 - Seguimiento y presentación de informes;7 - Ejecución, entrega y gestión de procesos;Personas
Unidad de Cumplimiento;8-ago-16;92.70;0.00;92.70;1.2.7 - Contrabando;1.2 - Hurto y fraude;1 - Fraude interno;Personas
Unidad de Finanzas y Contabilidad;31-mar-18;2192.04;0.00;2192.04;7.4.1 - Acceso no autorizado a cuentas;7.4 - Gestión de cuentas de clientes;7 - Ejecución, entrega y gestión de procesos;Personas
Unidad de Cumplimiento;14-ene-16;1205.80;0.00;1205.80;2.1.3 - Utilización de cheques sin fondos;2.1 - Hurto y fraude;2 - Fraude externo;Eventos externos
Unidad de Finanzas y Contabilidad;12-abr-18;394.28;0.00;394.28;1.2.6 - Utilización de cheques sin fondos;1.2 - Hurto y fraude;1 - Fraude interno;Personas
Unidad de Administración y Recursos Humanos;9-ene-16;437.95;0.00;437.95;4.4.1 - Ausencia de investigación a clientes conforme a las directrices;4.4 - Selección, patrocinio y riesgos;4 - Clientes, productos y prácticas empresariales;Personas
Unidad de Operaciones;27-oct-15;140.37;0.00;140.37;7.1.7 - Fallo en la entrega;7.1 - Recepción, ejecución y mantenimiento de operaciones;7 - Ejecución, entrega y gestión de procesos;Personas
Unidad de Finanzas y Contabilidad;12-feb-18;348.62;0.00;348.62;4.1.7 - Abuso de información confidencial;4.1 - Adecuación, divulgación de información y confianza;4 - Clientes, productos y prácticas empresariales;Personas
Unidad de Cumplimiento;25-jul-18;57.59;0.00;57.59;5.1.1 - Pérdidas por desastres naturales;5.1 - Desastres y otros acontecimientos;5 - Daños a activos materiales;Personas
Unidad de Calidad y Productividad;30-mar-16;3.76;3.84;-0.08;6.1.2 - Software;6.1 - Sistemas;6 - Incidencias en el negocio y fallos en los sistemas;Sistemas
Unidad de Administración y Recursos Humanos;14-may-17;230.27;0.00;230.27;7.2.1 - Incumplimiento de la obligación de informar;7.2 - Seguimiento y presentación de informes;7 - Ejecución, entrega y gestión de procesos;Personas
Unidad de Finanzas y Contabilidad;1-sept-17;402.33;0.00;402.33;4.3.1 - Defectos del producto (no autorizado, etc.);4.3 - Productos defectuosos;4 - Clientes, productos y prácticas empresariales;Personas
Unidad de Auditoría Interna;28-ago-17;105.46;0.00;105.46;7.4.3 - Pérdida o daño de activos de clientes por negligencia;7.4 - Gestión de cuentas de clientes;7 - Ejecución, entrega y gestión de procesos;Personas
Unidad de Auditoría Interna;11-ago-15;358.15;0.00;358.15;4.2.5 - Blanqueo de dinero;4.2 - Prácticas empresariales o de mercado improcedentes;4 - Clientes, productos y prácticas empresariales;Personas
Unidad de Administración y Recursos Humanos;5-nov-19;459.05;0.00;459.05;1.2.6 - Utilización de cheques sin fondos;1.2 - Hurto y fraude;1 - Fraude interno;Personas
Unidad de Riesgos;5-ene-18;1240.30;0.00;1240.30;4.2.4 - Actividades no autorizadas;4.2 - Prácticas empresariales o de mercado improcedentes;4 - Clientes, productos y prácticas empresariales;Personas
Unidad de Administración y Recursos Humanos;9-mar-15;48.76;0.00;48.76;6.1.2 - Software;6.1 - Sistemas;6 - Incidencias en el negocio y fallos en los sistemas;Sistemas
Unidad de Riesgos;6-jul-15;0.30;0.00;0.30;6.1.2 - Software;6.1 - Sistemas;6 - Incidencias en el negocio y fallos en los sistemas;Sistemas
Unidad Legal;10-dic-16;194.59;0.00;194.59;1.2.7 - Contrabando;1.2 - Hurto y fraude;1 - Fraude interno;Personas
Unidad de Finanzas y Contabilidad;25-dic-16;215.00;27.36;187.64;7.6.2 - Litigios con distribuidores;7.6 - Distribuidores y proveedores;7 - Ejecución, entrega y gestión de procesos;Personas
Unidad de Administración y Recursos Humanos;24-ago-16;1143.29;0.00;1143.29;4.3.1 - Defectos del producto (no autorizado, etc.);4.3 - Productos defectuosos;4 - Clientes, productos y prácticas empresariales;Personas
Unidad de Negocios Costa Rica;11-jun-16;74.64;9.50;65.14;4.1.4 - Quebrantamiento de privacidad;4.1 - Adecuación, divulgación de información y confianza;4 - Clientes, productos y prácticas empresariales;Personas
Unidad de Negocios Panamá;20-mar-19;563.30;0.00;563.30;4.1.1 - Abusos de confianza / incumplimiento de pautas;4.1 - Adecuación, divulgación de información y confianza;4 - Clientes, productos y prácticas empresariales;Personas
Unidad de Negocios Guatemala;1-may-17;380.70;0.00;380.70;1.2.2 - Hurto / extorsión / malversación / robo;1.2 - Hurto y fraude;1 - Fraude interno;Personas
Unidad de Negocios El Salvador;5-oct-16;906.54;0.00;906.54;4.1.7 - Abuso de información confidencial;4.1 - Adecuación, divulgación de información y confianza;4 - Clientes, productos y prácticas empresariales;Personas
Unidad de Auditoría Interna;7-jun-17;597.47;0.00;597.47;7.2.2 - Inexactitud de informes externos (con generación de pérdidas);7.2 - Seguimiento y presentación de informes;7 - Ejecución, entrega y gestión de procesos;Personas
Unidad de Negocios El Salvador;16-sept-15;383.24;0.00;383.24;7.1.3 - Incumplimiento de plazos o de responsabilidades;7.1 - Recepción, ejecución y mantenimiento de operaciones;7 - Ejecución, entrega y gestión de procesos;Personas
Unidad de Riesgos;14-jul-17;508.10;0.00;508.10;1.2.3 - Valoración errónea de posiciones (intencional);1.1 - Actividades no autorizadas;1 - Fraude interno;Personas
Unidad de Auditoría Interna;16-jun-19;637.82;0.00;637.82;3.2.1 - Responsabilidad en general (resbalones, etc.);3.2 - Higiene y seguridad en el trabajo;3 - Relaciones laborales y seguridad en el puesto de trabajo;Personas
Unidad de Administración y Recursos Humanos;4-mar-20;418.19;0.00;418.19;4.2.4 - Actividades no autorizadas;4.2 - Prácticas empresariales o de mercado improcedentes;4 - Clientes, productos y prácticas empresariales;Personas
Unidad de Calidad y Productividad;2-oct-17;1843.43;0.00;1843.43;1.2.9 - Incumplimiento / evasión de impuestos (intencional);1.2 - Hurto y fraude;1 - Fraude interno;Personas
Unidad de Operaciones;27-jun-19;75.00;0.00;75.00;6.1.4 - Interrupción / incidencias en el suministro;6.1 - Sistemas;6 - Incidencias en el negocio y fallos en los sistemas;Sistemas
Unidad de Negocios Corporativa;6-jun-17;270.00;0.00;270.00;5.1.2 - Pérdidas humanas por causas externas (terrorismo, vandalismo);5.1 - Desastres y otros acontecimientos;5 - Daños a activos materiales;Personas
Unidad de Finanzas y Contabilidad;10-nov-19;197.50;0.00;197.50;4.2.3 - Manipulación del mercado;4.2 - Prácticas empresariales o de mercado improcedentes;4 - Clientes, productos y prácticas empresariales;Personas
Unidad de Administración y Recursos Humanos;18-mar-17;661.51;0.00;661.51;7.4.2 - Registros incorrectos de clientes (con generación de pérdidas);7.4 - Gestión de cuentas de clientes;7 - Ejecución, entrega y gestión de procesos;Personas
Unidad de Negocios Guatemala;18-sept-15;39.88;0.00;39.88;7.1.9 - Mantenimiento de datos de referencia;7.1 - Recepción, ejecución y mantenimiento de operaciones;7 - Ejecución, entrega y gestión de procesos;Personas
Unidad de Negocios Nicaragua;8-oct-16;154.04;0.00;154.04;7.1.9 - Mantenimiento de datos de referencia;7.1 - Recepción, ejecución y mantenimiento de operaciones;7 - Ejecución, entrega y gestión de procesos;Personas
Unidad de Negocios Guatemala;2-sept-17;302.04;0.00;302.04;4.1.8 - Responsabilidad del prestamista;4.1 - Adecuación, divulgación de información y confianza;4 - Clientes, productos y prácticas empresariales;Personas
Unidad de Operaciones  -Préstamos;3-jun-15;119.68;0.00;119.68;4.2.4 - Actividades no autorizadas;4.2 - Prácticas empresariales o de mercado improcedentes;4 - Clientes, productos y prácticas empresariales;Personas
Unidad de Finanzas y Contabilidad;11-mar-16;212.74;0.00;212.74;7.1.3 - Incumplimiento de plazos o de responsabilidades;7.1 - Recepción, ejecución y mantenimiento de operaciones;7 - Ejecución, entrega y gestión de procesos;Personas
Unidad de Tecnología;18-jun-18;184.54;0.00;184.54;7.1.8 - Fallo en la gestión del colateral;7.1 - Recepción, ejecución y mantenimiento de operaciones;7 - Ejecución, entrega y gestión de procesos;Personas
Unidad de Negocios Costa Rica;23-dic-15;299.02;0.00;299.02;4.2.2 - Prácticas comerciales / de mercado improcedentes;4.2 - Prácticas empresariales o de mercado improcedentes;4 - Clientes, productos y prácticas empresariales;Personas
Unidad de Negocios Panamá;6-ene-20;161.67;0.00;161.67;7.1.6 - Errores en otras tareas;7.1 - Recepción, ejecución y mantenimiento de operaciones;7 - Ejecución, entrega y gestión de procesos;Personas
Unidad de Negocios Guatemala;10-ago-17;664.86;0.00;664.86;4.2.1 - Prácticas restrictivas de la competencia;4.2 - Prácticas empresariales o de mercado improcedentes;4 - Clientes, productos y prácticas empresariales;Personas
Unidad de Calidad y Productividad;19-jun-15;373.00;0.00;373.00;3.2.1 - Responsabilidad en general (resbalones, etc.);3.2 - Higiene y seguridad en el trabajo;3 - Relaciones laborales y seguridad en el puesto de trabajo;Personas
Unidad de Proyectos;11-dic-16;10500.00;0.00;10500.00;6.1.3 - Telecomunicaciones;6.1 - Sistemas;6 - Incidencias en el negocio y fallos en los sistemas;Sistemas
Unidad de Administración y Recursos Humanos;30-ago-18;511.92;0.00;511.92;7.3.2 - Documentos jurídicos inexistentes / incompletos;7.3 - Aceptación de  clientes y documentación;7 - Ejecución, entrega y gestión de procesos;Personas
Unidad de Tecnología;1-nov-18;541.05;0.00;541.05;1.2.3 - Valoración errónea de posiciones (intencional);1.1 - Actividades no autorizadas;1 - Fraude interno;Personas
Unidad de Administración y Recursos Humanos;2-ago-15;441.02;0.00;441.02;4.1.7 - Abuso de información confidencial;4.1 - Adecuación, divulgación de información y confianza;4 - Clientes, productos y prácticas empresariales;Personas
Unidad de Finanzas y Contabilidad;19-nov-18;524.16;0.00;524.16;4.1.3 - Quebrantamiento de la privacidad de información sobre clientes minoristas;4.1 - Adecuación, divulgación de información y confianza;4 - Clientes, productos y prácticas empresariales;Personas
Unidad de Negocios Panamá;23-jun-16;430.00;0.00;430.00;6.1.3 - Telecomunicaciones;6.1 - Sistemas;6 - Incidencias en el negocio y fallos en los sistemas;Sistemas
Unidad de Negocios Corporativa;29-oct-16;165.22;0.00;165.22;7.1.5 - Error contable / atribución a entidades erróneas;7.1 - Recepción, ejecución y mantenimiento de operaciones;7 - Ejecución, entrega y gestión de procesos;Personas
Unidad de Negocios Guatemala;18-feb-19;289.33;0.00;289.33;3.1.2 - Organización laboral;3.1 - Relaciones laborales;3 - Relaciones laborales y seguridad en el puesto de trabajo;Personas
Unidad de Finanzas y Contabilidad;27-dic-16;428.56;0.00;428.56;7.5.2 - Otros litigios con contrapartes distintas de clientes;7.5 - Contrapartes comerciales;7 - Ejecución, entrega y gestión de procesos;Personas
Unidad de Proyectos;21-dic-15;97.54;0.00;97.54;4.2.4 - Actividades no autorizadas;4.2 - Prácticas empresariales o de mercado improcedentes;4 - Clientes, productos y prácticas empresariales;Personas
Unidad de Operaciones;13-abr-18;164.26;0.00;164.26;1.2.3 - Valoración errónea de posiciones (intencional);1.1 - Actividades no autorizadas;1 - Fraude interno;Personas
Unidad de Tecnología;18-oct-17;759.48;0.00;759.48;4.5.1 - Litigios sobre resultados de las actividades de asesoramiento;4.5 - Actividades de asesoramiento;4 - Clientes, productos y prácticas empresariales;Personas
Unidad de Operaciones;8-ago-18;285.40;0.00;285.40;4.2.1 - Prácticas restrictivas de la competencia;4.2 - Prácticas empresariales o de mercado improcedentes;4 - Clientes, productos y prácticas empresariales;Personas
Unidad de Calidad y Productividad;29-ene-20;157.87;0.00;157.87;3.2.1 - Responsabilidad en general (resbalones, etc.);3.2 - Higiene y seguridad en el trabajo;3 - Relaciones laborales y seguridad en el puesto de trabajo;Personas
Unidad de Operaciones;27-mar-17;467.52;0.00;467.52;7.5.2 - Otros litigios con contrapartes distintas de clientes;7.5 - Contrapartes comerciales;7 - Ejecución, entrega y gestión de procesos;Personas
Unidad de Negocios Nicaragua;13-jul-16;209.06;0.00;209.06;4.4.2 - Superación de los límites de riesgo frente a clientes;4.4 - Selección, patrocinio y riesgos;4 - Clientes, productos y prácticas empresariales;Personas
Unidad de Calidad y Productividad;8-abr-16;487.17;0.00;487.17;4.1.7 - Abuso de información confidencial;4.1 - Adecuación, divulgación de información y confianza;4 - Clientes, productos y prácticas empresariales;Personas
Unidad de Negocios Corporativa;16-feb-16;116.70;0.00;116.70;2.1.2 - Falsificación;2.1 - Hurto y fraude;2 - Fraude externo;Eventos externos
Unidad de Cumplimiento;13-sept-15;453.99;0.00;453.99;4.4.1 - Ausencia de investigación a clientes conforme a las directrices;4.4 - Selección, patrocinio y riesgos;4 - Clientes, productos y prácticas empresariales;Personas
Unidad Legal;11-ago-18;3424.38;0.00;3424.38;7.2.1 - Incumplimiento de la obligación de informar;7.2 - Seguimiento y presentación de informes;7 - Ejecución, entrega y gestión de procesos;Personas
Unidad de Finanzas y Contabilidad;1-nov-19;139.07;0.00;139.07;7.6.1 - Subcontratación;7.6 - Distribuidores y proveedores;7 - Ejecución, entrega y gestión de procesos;Personas
Unidad de Operaciones  -Préstamos;11-dic-16;1780.76;0.00;1780.76;1.2.8 - Apropiación de cuentas, de identidad, etc.;1.2 - Hurto y fraude;1 - Fraude interno;Personas
Unidad de Calidad y Productividad;23-may-16;594.70;0.00;594.70;5.1.2 - Pérdidas humanas por causas externas (terrorismo, vandalismo);5.1 - Desastres y otros acontecimientos;5 - Daños a activos materiales;Personas
Unidad de Negocios Corporativa;14-dic-18;335.97;0.00;335.97;7.5.2 - Otros litigios con contrapartes distintas de clientes;7.5 - Contrapartes comerciales;7 - Ejecución, entrega y gestión de procesos;Personas
Unidad de Cumplimiento;24-ene-16;152.12;115.50;152.12;7.1.7 - Fallo en la entrega;7.1 - Recepción, ejecución y mantenimiento de operaciones;7 - Ejecución, entrega y gestión de procesos;Personas
Unidad Legal;7-nov-16;159.81;0.00;159.81;3.1.1 - Cuestiones relativas a remuneración, prestaciones sociales, extinción de contratos;3.1 - Relaciones laborales;3 - Relaciones laborales y seguridad en el puesto de trabajo;Personas
Unidad de Finanzas y Contabilidad;18-mar-16;106.48;0.00;106.48;4.2.4 - Actividades no autorizadas;4.2 - Prácticas empresariales o de mercado improcedentes;4 - Clientes, productos y prácticas empresariales;Personas
Unidad de Negocios El Salvador;11-ago-15;131.16;0.00;131.16;4.1.3 - Quebrantamiento de la privacidad de información sobre clientes minoristas;4.1 - Adecuación, divulgación de información y confianza;4 - Clientes, productos y prácticas empresariales;Personas
Unidad de Calidad y Productividad;30-jul-19;90.88;0.00;90.88;7.1.7 - Fallo en la entrega;7.1 - Recepción, ejecución y mantenimiento de operaciones;7 - Ejecución, entrega y gestión de procesos;Personas
Unidad de Finanzas y Contabilidad;13-may-15;2387.55;0.00;2387.55;5.1.1 - Pérdidas por desastres naturales;5.1 - Desastres y otros acontecimientos;5 - Daños a activos materiales;Personas
Unidad de Finanzas y Contabilidad;16-sept-18;203.85;0.00;203.85;4.2.1 - Prácticas restrictivas de la competencia;4.2 - Prácticas empresariales o de mercado improcedentes;4 - Clientes, productos y prácticas empresariales;Personas
Unidad de Negocios Panamá;4-dic-17;61.81;0.00;61.81;2.1.1 - Hurto/ robo;2.1 - Hurto y fraude;2 - Fraude externo;Eventos externos
Unidad de Finanzas y Contabilidad;5-dic-16;240.66;0.00;240.66;7.3.1 - Inexistencia de autorizaciones / rechazos de clientes;7.3 - Aceptación de  clientes y documentación;7 - Ejecución, entrega y gestión de procesos;Personas
Unidad de Operaciones;8-jun-17;1421.63;0.00;1421.63;7.4.2 - Registros incorrectos de clientes (con generación de pérdidas);7.4 - Gestión de cuentas de clientes;7 - Ejecución, entrega y gestión de procesos;Personas
Unidad de Operaciones;11-may-19;127.49;0.00;127.49;2.1.1 - Hurto/ robo;2.1 - Hurto y fraude;2 - Fraude externo;Eventos externos
Unidad de Negocios Nicaragua;20-sept-17;274.37;0.00;274.37;4.1.2 - Aspectos de adecuación/divulgación información;4.1 - Adecuación, divulgación de información y confianza;4 - Clientes, productos y prácticas empresariales;Personas
Unidad de Negocios Nicaragua;10-jul-16;256.77;0.00;256.77;1.2.6 - Utilización de cheques sin fondos;1.2 - Hurto y fraude;1 - Fraude interno;Personas
Unidad de Operaciones;31-ene-18;58.22;0.00;58.22;2.1.1 - Hurto/ robo;2.1 - Hurto y fraude;2 - Fraude externo;Eventos externos
Unidad de Finanzas y Contabilidad;6-jun-17;755.18;0.00;755.18;1.2.8 - Apropiación de cuentas, de identidad, etc.;1.2 - Hurto y fraude;1 - Fraude interno;Personas
Unidad de Administración y Recursos Humanos;20-nov-18;391.32;0.00;391.32;7.6.1 - Subcontratación;7.6 - Distribuidores y proveedores;7 - Ejecución, entrega y gestión de procesos;Personas
Unidad de Operaciones  -Préstamos;24-ago-19;575.56;218.50;357.06;1.2.5 - Falsificación;1.2 - Hurto y fraude;1 - Fraude interno;Personas
Unidad de Negocios Nicaragua;27-may-16;455.80;455.80;0.00;7.4.2 - Registros incorrectos de clientes (con generación de pérdidas);7.4 - Gestión de cuentas de clientes;7 - Ejecución, entrega y gestión de procesos;Personas
Unidad de Calidad y Productividad;20-may-16;84.33;0.00;84.33;7.1.8 - Fallo en la gestión del colateral;7.1 - Recepción, ejecución y mantenimiento de operaciones;7 - Ejecución, entrega y gestión de procesos;Personas
Unidad de Finanzas y Contabilidad;20-dic-16;18.43;0.00;18.43;6.1.2 - Software;6.1 - Sistemas;6 - Incidencias en el negocio y fallos en los sistemas;Sistemas
Unidad de Cumplimiento;22-mar-17;556.36;0.00;556.36;4.2.1 - Prácticas restrictivas de la competencia;4.2 - Prácticas empresariales o de mercado improcedentes;4 - Clientes, productos y prácticas empresariales;Personas
Unidad de Operaciones;28-dic-18;250.69;0.00;250.69;7.2.1 - Incumplimiento de la obligación de informar;7.2 - Seguimiento y presentación de informes;7 - Ejecución, entrega y gestión de procesos;Personas
Unidad de Calidad y Productividad;6-ago-16;73.94;25.27;48.67;2.1.1 - Hurto/ robo;2.1 - Hurto y fraude;2 - Fraude externo;Eventos externos
Unidad de Administración y Recursos Humanos;11-jul-15;41.00;0.00;41.00;2.2.2 - Robo de información (con pérdidas pecuniarias);2.2 - Seguridad de los sistemas;2 - Fraude externo;Eventos externos
Unidad de Operaciones;5-sept-17;117.87;0.00;117.87;4.1.4 - Quebrantamiento de privacidad;4.1 - Adecuación, divulgación de información y confianza;4 - Clientes, productos y prácticas empresariales;Personas
Unidad de Finanzas y Contabilidad;29-dic-18;514.09;0.00;514.09;1.2.3 - Valoración errónea de posiciones (intencional);1.1 - Actividades no autorizadas;1 - Fraude interno;Personas
Unidad Legal;7-ago-16;632.30;196.82;435.48;5.1.2 - Pérdidas humanas por causas externas (terrorismo, vandalismo);5.1 - Desastres y otros acontecimientos;5 - Daños a activos materiales;Personas
Unidad de Operaciones  -Préstamos;14-may-18;134.84;70.91;63.93;3.2.1 - Responsabilidad en general (resbalones, etc.);3.2 - Higiene y seguridad en el trabajo;3 - Relaciones laborales y seguridad en el puesto de trabajo;Personas
Unidad de Finanzas y Contabilidad;19-mar-17;175.49;0.00;175.49;7.1.2 - Errores de introducción de datos, mantenimiento o descarga;7.1 - Recepción, ejecución y mantenimiento de operaciones;7 - Ejecución, entrega y gestión de procesos;Personas
Unidad de Riesgos;3-abr-19;99.36;0.00;99.36;1.1.1 - Operaciones no reveladas (intencionalmente);1.1 - Actividades no autorizadas;1 - Fraude interno;Personas
Unidad de Operaciones;1-ene-16;126.32;0.00;126.32;4.3.1 - Defectos del producto (no autorizado, etc.);4.3 - Productos defectuosos;4 - Clientes, productos y prácticas empresariales;Personas
Unidad de Auditoría Interna;4-may-15;233.53;0.00;233.53;1.2.1 - Fraude / fraude crediticio/ depósitos sin valor;1.2 - Hurto y fraude;1 - Fraude interno;Personas
Unidad de Administración y Recursos Humanos;17-dic-17;700.63;0.00;700.63;1.1.2 - Operaciones no autorizadas (con pérdidas pecuniarias);1.1 - Actividades no autorizadas;1 - Fraude interno;Personas
Unidad de Calidad y Productividad;1-jun-15;69.39;0.00;69.39;7.2.2 - Inexactitud de informes externos (con generación de pérdidas);7.2 - Seguimiento y presentación de informes;7 - Ejecución, entrega y gestión de procesos;Personas
Unidad de Operaciones;7-oct-15;120.34;0.00;120.34;4.5.1 - Litigios sobre resultados de las actividades de asesoramiento;4.5 - Actividades de asesoramiento;4 - Clientes, productos y prácticas empresariales;Personas
Unidad de Auditoría Interna;13-may-19;246.54;0.00;246.54;1.2.6 - Utilización de cheques sin fondos;1.2 - Hurto y fraude;1 - Fraude interno;Personas
Unidad de Proyectos;1-dic-19;52.08;0.00;52.08;7.1.7 - Fallo en la entrega;7.1 - Recepción, ejecución y mantenimiento de operaciones;7 - Ejecución, entrega y gestión de procesos;Personas
Unidad de Operaciones  -Préstamos;27-sept-18;107.14;61.93;45.21;2.1.2 - Falsificación;2.1 - Hurto y fraude;2 - Fraude externo;Eventos externos
Unidad de Negocios Nicaragua;24-sept-17;360.51;0.00;360.51;4.2.2 - Prácticas comerciales / de mercado improcedentes;4.2 - Prácticas empresariales o de mercado improcedentes;4 - Clientes, productos y prácticas empresariales;Personas
Unidad de Finanzas y Contabilidad;9-ene-19;37.50;20.00;17.50;6.1.2 - Software;6.1 - Sistemas;6 - Incidencias en el negocio y fallos en los sistemas;Sistemas
Unidad de Administración y Recursos Humanos;5-sept-17;234.71;0.00;234.71;7.1.8 - Fallo en la gestión del colateral;7.1 - Recepción, ejecución y mantenimiento de operaciones;7 - Ejecución, entrega y gestión de procesos;Personas
Unidad de Negocios Costa Rica;13-sept-19;281.75;0.00;281.75;4.2.1 - Prácticas restrictivas de la competencia;4.2 - Prácticas empresariales o de mercado improcedentes;4 - Clientes, productos y prácticas empresariales;Personas
Unidad de Negocios Panamá;4-mar-18;139.74;0.00;139.74;7.3.2 - Documentos jurídicos inexistentes / incompletos;7.3 - Aceptación de  clientes y documentación;7 - Ejecución, entrega y gestión de procesos;Personas
Unidad de Negocios Guatemala;28-oct-17;1644.20;0.00;1644.20;7.1.2 - Errores de introducción de datos, mantenimiento o descarga;7.1 - Recepción, ejecución y mantenimiento de operaciones;7 - Ejecución, entrega y gestión de procesos;Personas
Unidad de Negocios El Salvador;7-feb-17;54.48;0.00;54.48;7.1.3 - Incumplimiento de plazos o de responsabilidades;7.1 - Recepción, ejecución y mantenimiento de operaciones;7 - Ejecución, entrega y gestión de procesos;Personas
Unidad de Tecnología;1-oct-19;551.00;0.00;551.00;6.1.4 - Interrupción / incidencias en el suministro;6.1 - Sistemas;6 - Incidencias en el negocio y fallos en los sistemas;Sistemas
Unidad de Calidad y Productividad;30-mar-15;166.23;0.00;166.23;5.1.1 - Pérdidas por desastres naturales;5.1 - Desastres y otros acontecimientos;5 - Daños a activos materiales;Personas
Unidad de Operaciones  -Préstamos;31-ene-19;271.62;0.00;271.62;1.1.2 - Operaciones no autorizadas (con pérdidas pecuniarias);1.1 - Actividades no autorizadas;1 - Fraude interno;Personas
Unidad de Riesgos;16-jul-18;139.50;0.00;139.50;7.1.7 - Fallo en la entrega;7.1 - Recepción, ejecución y mantenimiento de operaciones;7 - Ejecución, entrega y gestión de procesos;Personas
Unidad de Calidad y Productividad;8-ago-16;276.14;0.00;276.14;1.2.7 - Contrabando;1.2 - Hurto y fraude;1 - Fraude interno;Personas
Unidad de Operaciones;4-jul-19;364.23;0.00;364.23;1.2.4 - Destrucción dolosa de activos;1.2 - Hurto y fraude;1 - Fraude interno;Personas
Unidad de Cumplimiento;17-jul-19;690.46;0.00;690.46;7.4.3 - Pérdida o daño de activos de clientes por negligencia;7.4 - Gestión de cuentas de clientes;7 - Ejecución, entrega y gestión de procesos;Personas
Unidad de Administración y Recursos Humanos;2-feb-19;154.71;0.00;154.71;4.1.6 - Confusión de cuentas;4.1 - Adecuación, divulgación de información y confianza;4 - Clientes, productos y prácticas empresariales;Personas
Unidad de Administración y Recursos Humanos;9-may-16;384.68;0.00;384.68;4.5.1 - Litigios sobre resultados de las actividades de asesoramiento;4.5 - Actividades de asesoramiento;4 - Clientes, productos y prácticas empresariales;Personas
Unidad de Calidad y Productividad;19-sept-17;48.01;0.00;48.01;7.4.3 - Pérdida o daño de activos de clientes por negligencia;7.4 - Gestión de cuentas de clientes;7 - Ejecución, entrega y gestión de procesos;Personas
Unidad de Finanzas y Contabilidad;26-oct-15;195.35;0.00;195.35;4.2.4 - Actividades no autorizadas;4.2 - Prácticas empresariales o de mercado improcedentes;4 - Clientes, productos y prácticas empresariales;Personas
Unidad de Operaciones  -Préstamos;20-dic-17;86.62;0.00;86.62;7.1.2 - Errores de introducción de datos, mantenimiento o descarga;7.1 - Recepción, ejecución y mantenimiento de operaciones;7 - Ejecución, entrega y gestión de procesos;Personas
Unidad Legal;22-ene-17;307.06;0.00;307.06;7.1.2 - Errores de introducción de datos, mantenimiento o descarga;7.1 - Recepción, ejecución y mantenimiento de operaciones;7 - Ejecución, entrega y gestión de procesos;Personas
Unidad de Riesgos;26-mar-19;155.94;0.00;155.94;7.4.2 - Registros incorrectos de clientes (con generación de pérdidas);7.4 - Gestión de cuentas de clientes;7 - Ejecución, entrega y gestión de procesos;Personas
Unidad de Administración y Recursos Humanos;9-ago-16;498.50;0.00;498.50;4.1.3 - Quebrantamiento de la privacidad de información sobre clientes minoristas;4.1 - Adecuación, divulgación de información y confianza;4 - Clientes, productos y prácticas empresariales;Personas
Unidad de Proyectos;20-ene-16;193.29;0.00;193.29;1.2.7 - Contrabando;1.2 - Hurto y fraude;1 - Fraude interno;Personas
Unidad de Proyectos;16-mar-17;178.82;0.00;178.82;1.1.1 - Operaciones no reveladas (intencionalmente);1.1 - Actividades no autorizadas;1 - Fraude interno;Personas
Unidad de Operaciones;27-ene-20;1144.24;0.00;1144.24;4.2.3 - Manipulación del mercado;4.2 - Prácticas empresariales o de mercado improcedentes;4 - Clientes, productos y prácticas empresariales;Personas
Unidad de Operaciones  -Préstamos;27-abr-19;157.66;0.00;157.66;7.1.6 - Errores en otras tareas;7.1 - Recepción, ejecución y mantenimiento de operaciones;7 - Ejecución, entrega y gestión de procesos;Personas
Unidad de Negocios Costa Rica;14-sept-15;278.02;0.00;278.02;2.1.2 - Falsificación;2.1 - Hurto y fraude;2 - Fraude externo;Eventos externos
Unidad de Negocios Corporativa;4-oct-17;388.71;0.00;388.71;1.2.3 - Valoración errónea de posiciones (intencional);1.1 - Actividades no autorizadas;1 - Fraude interno;Personas
Unidad de Riesgos;9-may-17;320.68;0.00;320.68;4.1.6 - Confusión de cuentas;4.1 - Adecuación, divulgación de información y confianza;4 - Clientes, productos y prácticas empresariales;Personas
Unidad de Riesgos;9-mar-19;1153.95;0.00;1153.95;3.2.3 - Indemnización a los trabajadores;3.2 - Higiene y seguridad en el trabajo;3 - Relaciones laborales y seguridad en el puesto de trabajo;Personas
Unidad de Cumplimiento;14-feb-16;119.74;0.00;119.74;7.3.2 - Documentos jurídicos inexistentes / incompletos;7.3 - Aceptación de  clientes y documentación;7 - Ejecución, entrega y gestión de procesos;Personas
Unidad de Cumplimiento;25-ago-18;187.66;0.00;187.66;1.2.3 - Valoración errónea de posiciones (intencional);1.1 - Actividades no autorizadas;1 - Fraude interno;Personas
Unidad de Negocios El Salvador;13-jul-16;174.83;0.00;174.83;1.2.5 - Falsificación;1.2 - Hurto y fraude;1 - Fraude interno;Personas
Unidad de Negocios Nicaragua;1-may-15;250.00;0.00;250.00;6.1.3 - Telecomunicaciones;6.1 - Sistemas;6 - Incidencias en el negocio y fallos en los sistemas;Sistemas
Unidad de Negocios Corporativa;29-abr-16;74.71;0.00;74.71;7.1.1 - Comunicación defectuosa;7.1 - Recepción, ejecución y mantenimiento de operaciones;7 - Ejecución, entrega y gestión de procesos;Personas
Unidad de Auditoría Interna;25-ago-17;172.00;0.00;172.00;1.2.4 - Destrucción dolosa de activos;1.2 - Hurto y fraude;1 - Fraude interno;Personas
Unidad de Administración y Recursos Humanos;26-mar-19;356.96;0.00;356.96;7.5.1 - Fallos de contrapartes distintas de clientes;7.5 - Contrapartes comerciales;7 - Ejecución, entrega y gestión de procesos;Personas
Unidad de Finanzas y Contabilidad;9-sept-16;257.51;0.00;257.51;7.4.2 - Registros incorrectos de clientes (con generación de pérdidas);7.4 - Gestión de cuentas de clientes;7 - Ejecución, entrega y gestión de procesos;Personas
Unidad de Negocios Costa Rica;6-oct-15;72.74;0.00;72.74;2.1.3 - Utilización de cheques sin fondos;2.1 - Hurto y fraude;2 - Fraude externo;Eventos externos
Unidad de Finanzas y Contabilidad;14-jun-16;224.88;39.76;185.12;3.2.1 - Responsabilidad en general (resbalones, etc.);3.2 - Higiene y seguridad en el trabajo;3 - Relaciones laborales y seguridad en el puesto de trabajo;Personas
Unidad de Negocios Nicaragua;24-may-19;8.11;0.00;8.11;4.1.6 - Confusión de cuentas;4.1 - Adecuación, divulgación de información y confianza;4 - Clientes, productos y prácticas empresariales;Personas
Unidad de Calidad y Productividad;30-abr-15;186.32;32.94;153.38;5.1.1 - Pérdidas por desastres naturales;5.1 - Desastres y otros acontecimientos;5 - Daños a activos materiales;Personas
Unidad de Cumplimiento;5-may-16;161.12;0.00;161.12;1.2.3 - Valoración errónea de posiciones (intencional);1.1 - Actividades no autorizadas;1 - Fraude interno;Personas
Unidad de Negocios Costa Rica;24-nov-16;31.65;0.00;31.65;4.1.2 - Aspectos de adecuación/divulgación información;4.1 - Adecuación, divulgación de información y confianza;4 - Clientes, productos y prácticas empresariales;Personas
Unidad de Finanzas y Contabilidad;15-feb-20;1330.47;0.00;1330.47;2.1.1 - Hurto/ robo;2.1 - Hurto y fraude;2 - Fraude externo;Eventos externos
Unidad de Negocios Guatemala;4-mar-20;171.47;0.00;171.47;4.1.1 - Abusos de confianza / incumplimiento de pautas;4.1 - Adecuación, divulgación de información y confianza;4 - Clientes, productos y prácticas empresariales;Personas
Unidad de Riesgos;8-dic-17;171.54;0.00;171.54;1.1.2 - Operaciones no autorizadas (con pérdidas pecuniarias);1.1 - Actividades no autorizadas;1 - Fraude interno;Personas
Unidad de Operaciones;9-dic-18;104.48;0.00;104.48;7.1.7 - Fallo en la entrega;7.1 - Recepción, ejecución y mantenimiento de operaciones;7 - Ejecución, entrega y gestión de procesos;Personas
Unidad de Administración y Recursos Humanos;12-sept-16;577.85;0.00;577.85;2.2.1 - Daños por ataques informáticos;2.2 - Seguridad de los sistemas;2 - Fraude externo;Eventos externos
Unidad de Cumplimiento;3-ago-15;125.15;0.00;125.15;1.2.3 - Valoración errónea de posiciones (intencional);1.1 - Actividades no autorizadas;1 - Fraude interno;Personas
Unidad de Cumplimiento;4-may-18;104.02;0.00;104.02;7.1.6 - Errores en otras tareas;7.1 - Recepción, ejecución y mantenimiento de operaciones;7 - Ejecución, entrega y gestión de procesos;Personas
Unidad de Negocios Panamá;19-dic-19;60.43;0.00;60.43;4.1.5 - Ventas agresivas;4.1 - Adecuación, divulgación de información y confianza;4 - Clientes, productos y prácticas empresariales;Personas
Unidad de Finanzas y Contabilidad;23-sept-17;198.95;0.00;198.95;2.1.3 - Utilización de cheques sin fondos;2.1 - Hurto y fraude;2 - Fraude externo;Eventos externos
Unidad de Negocios Costa Rica;28-jun-19;123.32;0.00;123.32;3.1.2 - Organización laboral;3.1 - Relaciones laborales;3 - Relaciones laborales y seguridad en el puesto de trabajo;Personas
Unidad de Cumplimiento;10-jul-18;736.48;0.00;736.48;1.1.2 - Operaciones no autorizadas (con pérdidas pecuniarias);1.1 - Actividades no autorizadas;1 - Fraude interno;Personas
Unidad de Administración y Recursos Humanos;30-ene-18;278.93;0.00;278.93;4.3.1 - Defectos del producto (no autorizado, etc.);4.3 - Productos defectuosos;4 - Clientes, productos y prácticas empresariales;Personas
Unidad de Finanzas y Contabilidad;15-jun-16;75.96;0.00;75.96;4.3.1 - Defectos del producto (no autorizado, etc.);4.3 - Productos defectuosos;4 - Clientes, productos y prácticas empresariales;Personas
Unidad de Tecnología;31-jul-19;109.38;0.00;109.38;7.1.5 - Error contable / atribución a entidades erróneas;7.1 - Recepción, ejecución y mantenimiento de operaciones;7 - Ejecución, entrega y gestión de procesos;Personas
Unidad de Proyectos;13-jul-18;191.17;0.00;191.17;7.1.4 - Ejecución errónea de modelos / sistemas;7.1 - Recepción, ejecución y mantenimiento de operaciones;7 - Ejecución, entrega y gestión de procesos;Personas
Unidad de Operaciones  -Préstamos;15-abr-17;237.51;0.00;237.51;4.2.3 - Manipulación del mercado;4.2 - Prácticas empresariales o de mercado improcedentes;4 - Clientes, productos y prácticas empresariales;Personas
Unidad de Negocios Nicaragua;6-ago-16;69.46;0.00;69.46;1.2.5 - Falsificación;1.2 - Hurto y fraude;1 - Fraude interno;Personas
Unidad de Negocios Guatemala;26-abr-15;23.11;0.00;23.11;6.1.1 - Hardware;6.1 - Sistemas;6 - Incidencias en el negocio y fallos en los sistemas;Sistemas
Unidad de Negocios El Salvador;30-ene-19;454.15;0.00;454.15;1.2.9 - Incumplimiento / evasión de impuestos (intencional);1.2 - Hurto y fraude;1 - Fraude interno;Personas
Unidad de Riesgos;14-oct-18;291.20;0.00;291.20;2.2.2 - Robo de información (con pérdidas pecuniarias);2.2 - Seguridad de los sistemas;2 - Fraude externo;Eventos externos
Unidad de Auditoría Interna;3-may-18;80.00;0.00;80.00;7.2.2 - Inexactitud de informes externos (con generación de pérdidas);7.2 - Seguimiento y presentación de informes;7 - Ejecución, entrega y gestión de procesos;Personas
Unidad de Administración y Recursos Humanos;23-may-17;974.84;0.00;974.84;7.1.3 - Incumplimiento de plazos o de responsabilidades;7.1 - Recepción, ejecución y mantenimiento de operaciones;7 - Ejecución, entrega y gestión de procesos;Personas
Unidad de Finanzas y Contabilidad;6-jul-19;129.38;0.00;129.38;7.5.2 - Otros litigios con contrapartes distintas de clientes;7.5 - Contrapartes comerciales;7 - Ejecución, entrega y gestión de procesos;Personas
Unidad de Riesgos;23-abr-17;77.83;0.00;77.83;7.1.4 - Ejecución errónea de modelos / sistemas;7.1 - Recepción, ejecución y mantenimiento de operaciones;7 - Ejecución, entrega y gestión de procesos;Personas
Unidad de Negocios Costa Rica;21-may-18;89.73;0.00;89.73;2.1.3 - Utilización de cheques sin fondos;2.1 - Hurto y fraude;2 - Fraude externo;Eventos externos
Unidad de Administración y Recursos Humanos;14-oct-18;1302.57;361.26;941.31;4.5.1 - Litigios sobre resultados de las actividades de asesoramiento;4.5 - Actividades de asesoramiento;4 - Clientes, productos y prácticas empresariales;Personas
Unidad de Operaciones;10-jun-18;347.46;0.00;347.46;7.5.2 - Otros litigios con contrapartes distintas de clientes;7.5 - Contrapartes comerciales;7 - Ejecución, entrega y gestión de procesos;Personas
Unidad de Calidad y Productividad;14-may-15;345.09;0.00;345.09;7.1.3 - Incumplimiento de plazos o de responsabilidades;7.1 - Recepción, ejecución y mantenimiento de operaciones;7 - Ejecución, entrega y gestión de procesos;Personas
Unidad de Negocios Costa Rica;9-may-17;114.95;0.00;114.95;1.2.3 - Valoración errónea de posiciones (intencional);1.1 - Actividades no autorizadas;1 - Fraude interno;Personas
Unidad de Finanzas y Contabilidad;13-may-17;254.91;0.00;254.91;7.3.2 - Documentos jurídicos inexistentes / incompletos;7.3 - Aceptación de  clientes y documentación;7 - Ejecución, entrega y gestión de procesos;Personas
Unidad de Tecnología;20-jun-16;94.60;0.00;94.60;1.2.6 - Utilización de cheques sin fondos;1.2 - Hurto y fraude;1 - Fraude interno;Personas
Unidad de Negocios Costa Rica;6-may-16;717.95;0.00;717.95;5.1.1 - Pérdidas por desastres naturales;5.1 - Desastres y otros acontecimientos;5 - Daños a activos materiales;Personas
Unidad de Administración y Recursos Humanos;15-dic-19;276.23;0.00;276.23;7.6.2 - Litigios con distribuidores;7.6 - Distribuidores y proveedores;7 - Ejecución, entrega y gestión de procesos;Personas
Unidad Legal;14-oct-18;305.09;0.00;305.09;7.1.3 - Incumplimiento de plazos o de responsabilidades;7.1 - Recepción, ejecución y mantenimiento de operaciones;7 - Ejecución, entrega y gestión de procesos;Personas
Unidad de Cumplimiento;10-jun-15;632.58;0.00;632.58;5.1.1 - Pérdidas por desastres naturales;5.1 - Desastres y otros acontecimientos;5 - Daños a activos materiales;Personas
Unidad de Negocios Guatemala;30-sept-19;1474.59;0.00;1474.59;4.2.2 - Prácticas comerciales / de mercado improcedentes;4.2 - Prácticas empresariales o de mercado improcedentes;4 - Clientes, productos y prácticas empresariales;Personas
Unidad de Negocios Corporativa;21-oct-16;1206.88;0.00;1206.88;4.3.1 - Defectos del producto (no autorizado, etc.);4.3 - Productos defectuosos;4 - Clientes, productos y prácticas empresariales;Personas
Unidad de Tecnología;11-may-17;182.18;0.00;182.18;4.1.5 - Ventas agresivas;4.1 - Adecuación, divulgación de información y confianza;4 - Clientes, productos y prácticas empresariales;Personas
Unidad de Finanzas y Contabilidad;3-oct-17;409.52;0.00;409.52;1.2.4 - Destrucción dolosa de activos;1.2 - Hurto y fraude;1 - Fraude interno;Personas
Unidad de Tecnología;25-may-17;142.20;0.00;142.20;7.1.8 - Fallo en la gestión del colateral;7.1 - Recepción, ejecución y mantenimiento de operaciones;7 - Ejecución, entrega y gestión de procesos;Personas
Unidad de Auditoría Interna;25-oct-18;52.69;0.00;52.69;7.1.6 - Errores en otras tareas;7.1 - Recepción, ejecución y mantenimiento de operaciones;7 - Ejecución, entrega y gestión de procesos;Personas
Unidad de Finanzas y Contabilidad;16-jul-17;464.19;0.00;464.19;4.1.3 - Quebrantamiento de la privacidad de información sobre clientes minoristas;4.1 - Adecuación, divulgación de información y confianza;4 - Clientes, productos y prácticas empresariales;Personas
Unidad de Finanzas y Contabilidad;14-ago-15;180.20;55.16;125.04;1.2.4 - Destrucción dolosa de activos;1.2 - Hurto y fraude;1 - Fraude interno;Personas
Unidad de Finanzas y Contabilidad;17-may-16;430.23;0.00;430.23;4.2.1 - Prácticas restrictivas de la competencia;4.2 - Prácticas empresariales o de mercado improcedentes;4 - Clientes, productos y prácticas empresariales;Personas
Unidad de Negocios Panamá;13-mar-19;154.09;0.00;154.09;7.3.2 - Documentos jurídicos inexistentes / incompletos;7.3 - Aceptación de  clientes y documentación;7 - Ejecución, entrega y gestión de procesos;Personas
Unidad de Proyectos;1-sept-16;144.69;0.00;144.69;4.1.4 - Quebrantamiento de privacidad;4.1 - Adecuación, divulgación de información y confianza;4 - Clientes, productos y prácticas empresariales;Personas
Unidad de Calidad y Productividad;17-sept-19;12.16;0.00;12.16;6.1.1 - Hardware;6.1 - Sistemas;6 - Incidencias en el negocio y fallos en los sistemas;Sistemas
Unidad de Proyectos;24-ago-16;136.03;0.00;136.03;2.1.2 - Falsificación;2.1 - Hurto y fraude;2 - Fraude externo;Eventos externos
Unidad de Negocios Guatemala;1-jun-17;924.83;0.00;924.83;7.2.2 - Inexactitud de informes externos (con generación de pérdidas);7.2 - Seguimiento y presentación de informes;7 - Ejecución, entrega y gestión de procesos;Personas
Unidad de Finanzas y Contabilidad;4-jul-15;995.64;0.00;995.64;1.2.6 - Utilización de cheques sin fondos;1.2 - Hurto y fraude;1 - Fraude interno;Personas
Unidad de Cumplimiento;26-may-16;996.33;0.00;996.33;4.2.3 - Manipulación del mercado;4.2 - Prácticas empresariales o de mercado improcedentes;4 - Clientes, productos y prácticas empresariales;Personas
Unidad de Auditoría Interna;23-ene-17;450.80;0.00;450.80;7.1.2 - Errores de introducción de datos, mantenimiento o descarga;7.1 - Recepción, ejecución y mantenimiento de operaciones;7 - Ejecución, entrega y gestión de procesos;Personas
Unidad de Negocios Corporativa;4-ene-16;421.22;0.00;421.22;7.2.2 - Inexactitud de informes externos (con generación de pérdidas);7.2 - Seguimiento y presentación de informes;7 - Ejecución, entrega y gestión de procesos;Personas
Unidad de Operaciones;18-oct-19;558.84;95.97;462.87;3.2.3 - Indemnización a los trabajadores;3.2 - Higiene y seguridad en el trabajo;3 - Relaciones laborales y seguridad en el puesto de trabajo;Personas
Unidad de Tecnología;28-ago-17;61.88;0.00;61.88;4.1.6 - Confusión de cuentas;4.1 - Adecuación, divulgación de información y confianza;4 - Clientes, productos y prácticas empresariales;Personas
Unidad de Calidad y Productividad;7-sept-15;406.61;0.00;406.61;1.2.4 - Destrucción dolosa de activos;1.2 - Hurto y fraude;1 - Fraude interno;Personas
Unidad de Operaciones;27-ago-15;1174.56;0.00;1174.56;1.1.1 - Operaciones no reveladas (intencionalmente);1.1 - Actividades no autorizadas;1 - Fraude interno;Personas
Unidad Legal;16-ene-20;241.55;0.00;241.55;7.5.2 - Otros litigios con contrapartes distintas de clientes;7.5 - Contrapartes comerciales;7 - Ejecución, entrega y gestión de procesos;Personas
Unidad de Negocios Costa Rica;8-oct-19;59.71;0.00;59.71;1.2.4 - Destrucción dolosa de activos;1.2 - Hurto y fraude;1 - Fraude interno;Personas
Unidad de Administración y Recursos Humanos;6-mar-16;547.68;0.00;547.68;7.3.1 - Inexistencia de autorizaciones / rechazos de clientes;7.3 - Aceptación de  clientes y documentación;7 - Ejecución, entrega y gestión de procesos;Personas
Unidad de Administración y Recursos Humanos;16-jul-16;196.80;0.00;196.80;3.1.2 - Organización laboral;3.1 - Relaciones laborales;3 - Relaciones laborales y seguridad en el puesto de trabajo;Personas
Unidad de Operaciones;13-mar-18;120.00;0.00;120.00;6.1.4 - Interrupción / incidencias en el suministro;6.1 - Sistemas;6 - Incidencias en el negocio y fallos en los sistemas;Sistemas
Unidad de Calidad y Productividad;2-ago-17;149.05;0.00;149.05;7.3.1 - Inexistencia de autorizaciones / rechazos de clientes;7.3 - Aceptación de  clientes y documentación;7 - Ejecución, entrega y gestión de procesos;Personas
Unidad de Administración y Recursos Humanos;22-sept-17;203.23;0.00;203.23;4.1.7 - Abuso de información confidencial;4.1 - Adecuación, divulgación de información y confianza;4 - Clientes, productos y prácticas empresariales;Personas
Unidad de Negocios El Salvador;21-ago-17;164.33;0.00;164.33;1.2.3 - Valoración errónea de posiciones (intencional);1.1 - Actividades no autorizadas;1 - Fraude interno;Personas
Unidad de Riesgos;31-ene-18;15.48;0.00;15.48;4.3.1 - Defectos del producto (no autorizado, etc.);4.3 - Productos defectuosos;4 - Clientes, productos y prácticas empresariales;Personas
Unidad de Auditoría Interna;1-sept-19;79.59;0.00;79.59;7.1.5 - Error contable / atribución a entidades erróneas;7.1 - Recepción, ejecución y mantenimiento de operaciones;7 - Ejecución, entrega y gestión de procesos;Personas
Unidad Legal;14-dic-17;91.52;0.00;91.52;1.2.2 - Hurto / extorsión / malversación / robo;1.2 - Hurto y fraude;1 - Fraude interno;Personas
Unidad de Negocios Corporativa;26-nov-16;79.81;0.00;79.81;7.1.2 - Errores de introducción de datos, mantenimiento o descarga;7.1 - Recepción, ejecución y mantenimiento de operaciones;7 - Ejecución, entrega y gestión de procesos;Personas
Unidad de Cumplimiento;22-oct-19;113.73;0.00;113.73;7.6.1 - Subcontratación;7.6 - Distribuidores y proveedores;7 - Ejecución, entrega y gestión de procesos;Personas
Unidad Legal;3-jun-16;283.67;0.00;283.67;7.5.1 - Fallos de contrapartes distintas de clientes;7.5 - Contrapartes comerciales;7 - Ejecución, entrega y gestión de procesos;Personas
Unidad de Finanzas y Contabilidad;21-sept-19;227.23;0.00;227.23;7.4.3 - Pérdida o daño de activos de clientes por negligencia;7.4 - Gestión de cuentas de clientes;7 - Ejecución, entrega y gestión de procesos;Personas
Unidad de Operaciones;30-mar-15;478.34;0.00;478.34;1.2.6 - Utilización de cheques sin fondos;1.2 - Hurto y fraude;1 - Fraude interno;Personas
Unidad Legal;20-feb-19;111.92;0.00;111.92;7.3.2 - Documentos jurídicos inexistentes / incompletos;7.3 - Aceptación de  clientes y documentación;7 - Ejecución, entrega y gestión de procesos;Personas
Unidad de Negocios Guatemala;28-ene-19;671.22;0.00;671.22;1.1.2 - Operaciones no autorizadas (con pérdidas pecuniarias);1.1 - Actividades no autorizadas;1 - Fraude interno;Personas
Unidad de Negocios Panamá;9-feb-16;728.92;0.00;728.92;4.2.3 - Manipulación del mercado;4.2 - Prácticas empresariales o de mercado improcedentes;4 - Clientes, productos y prácticas empresariales;Personas
Unidad de Negocios Costa Rica;26-jul-15;245.71;0.00;245.71;4.4.1 - Ausencia de investigación a clientes conforme a las directrices;4.4 - Selección, patrocinio y riesgos;4 - Clientes, productos y prácticas empresariales;Personas
Unidad de Administración y Recursos Humanos;23-feb-19;204.64;0.00;204.64;4.1.7 - Abuso de información confidencial;4.1 - Adecuación, divulgación de información y confianza;4 - Clientes, productos y prácticas empresariales;Personas
Unidad de Finanzas y Contabilidad;17-ago-19;52.18;0.00;52.18;4.3.1 - Defectos del producto (no autorizado, etc.);4.3 - Productos defectuosos;4 - Clientes, productos y prácticas empresariales;Personas
Unidad de Auditoría Interna;22-sept-16;585.00;0.00;585.00;1.2.6 - Utilización de cheques sin fondos;1.2 - Hurto y fraude;1 - Fraude interno;Personas
Unidad de Negocios Nicaragua;21-jun-19;467.69;0.00;467.69;7.6.1 - Subcontratación;7.6 - Distribuidores y proveedores;7 - Ejecución, entrega y gestión de procesos;Personas
Unidad de Riesgos;2-jul-17;216.46;135.55;80.91;7.6.2 - Litigios con distribuidores;7.6 - Distribuidores y proveedores;7 - Ejecución, entrega y gestión de procesos;Personas
Unidad de Auditoría Interna;20-sept-18;216.54;0.00;216.54;7.4.3 - Pérdida o daño de activos de clientes por negligencia;7.4 - Gestión de cuentas de clientes;7 - Ejecución, entrega y gestión de procesos;Personas
Unidad de Finanzas y Contabilidad;29-oct-15;779.77;0.00;779.77;1.2.4 - Destrucción dolosa de activos;1.2 - Hurto y fraude;1 - Fraude interno;Personas
Unidad de Finanzas y Contabilidad;16-jul-16;125.00;0.00;125.00;4.5.1 - Litigios sobre resultados de las actividades de asesoramiento;4.5 - Actividades de asesoramiento;4 - Clientes, productos y prácticas empresariales;Personas
Unidad de Cumplimiento;19-ene-19;374.28;0.00;374.28;1.2.5 - Falsificación;1.2 - Hurto y fraude;1 - Fraude interno;Personas
Unidad de Finanzas y Contabilidad;28-abr-18;1125.78;0.00;1125.78;1.1.2 - Operaciones no autorizadas (con pérdidas pecuniarias);1.1 - Actividades no autorizadas;1 - Fraude interno;Personas
Unidad de Administración y Recursos Humanos;27-sept-17;248.15;0.00;248.15;7.5.1 - Fallos de contrapartes distintas de clientes;7.5 - Contrapartes comerciales;7 - Ejecución, entrega y gestión de procesos;Personas
Unidad de Negocios Nicaragua;6-feb-20;528.39;0.00;528.39;7.1.1 - Comunicación defectuosa;7.1 - Recepción, ejecución y mantenimiento de operaciones;7 - Ejecución, entrega y gestión de procesos;Personas
Unidad de Administración y Recursos Humanos;25-ene-20;1097.47;0.00;1097.47;4.1.8 - Responsabilidad del prestamista;4.1 - Adecuación, divulgación de información y confianza;4 - Clientes, productos y prácticas empresariales;Personas
Unidad de Negocios El Salvador;3-mar-17;326.03;185.81;140.22;4.1.5 - Ventas agresivas;4.1 - Adecuación, divulgación de información y confianza;4 - Clientes, productos y prácticas empresariales;Personas
Unidad de Operaciones;4-ene-17;180.00;0.00;180.00;7.1.6 - Errores en otras tareas;7.1 - Recepción, ejecución y mantenimiento de operaciones;7 - Ejecución, entrega y gestión de procesos;Personas
Unidad de Calidad y Productividad;6-ago-15;304.09;0.00;304.09;2.1.1 - Hurto/ robo;2.1 - Hurto y fraude;2 - Fraude externo;Eventos externos
Unidad de Calidad y Productividad;24-dic-19;105.97;0.00;105.97;3.2.3 - Indemnización a los trabajadores;3.2 - Higiene y seguridad en el trabajo;3 - Relaciones laborales y seguridad en el puesto de trabajo;Personas
Unidad de Operaciones;11-jun-15;82.93;0.00;82.93;4.2.4 - Actividades no autorizadas;4.2 - Prácticas empresariales o de mercado improcedentes;4 - Clientes, productos y prácticas empresariales;Personas
Unidad de Cumplimiento;10-ago-18;108.95;0.00;108.95;1.2.2 - Hurto / extorsión / malversación / robo;1.2 - Hurto y fraude;1 - Fraude interno;Personas
Unidad de Operaciones  -Préstamos;5-dic-18;718.30;0.00;718.30;7.3.2 - Documentos jurídicos inexistentes / incompletos;7.3 - Aceptación de  clientes y documentación;7 - Ejecución, entrega y gestión de procesos;Personas
Unidad de Operaciones;3-jul-16;286.44;49.19;237.25;7.4.1 - Acceso no autorizado a cuentas;7.4 - Gestión de cuentas de clientes;7 - Ejecución, entrega y gestión de procesos;Personas
Unidad de Riesgos;25-jul-16;582.57;0.00;582.57;7.4.1 - Acceso no autorizado a cuentas;7.4 - Gestión de cuentas de clientes;7 - Ejecución, entrega y gestión de procesos;Personas
Unidad de Cumplimiento;29-ene-18;170.20;0.00;170.20;4.5.1 - Litigios sobre resultados de las actividades de asesoramiento;4.5 - Actividades de asesoramiento;4 - Clientes, productos y prácticas empresariales;Personas
Unidad de Negocios Corporativa;4-dic-17;317.47;0.00;317.47;4.3.1 - Defectos del producto (no autorizado, etc.);4.3 - Productos defectuosos;4 - Clientes, productos y prácticas empresariales;Personas
Unidad de Tecnología;26-ago-17;40.69;0.00;40.69;7.2.2 - Inexactitud de informes externos (con generación de pérdidas);7.2 - Seguimiento y presentación de informes;7 - Ejecución, entrega y gestión de procesos;Personas
Unidad de Finanzas y Contabilidad;4-ago-19;383.37;0.00;383.37;7.5.1 - Fallos de contrapartes distintas de clientes;7.5 - Contrapartes comerciales;7 - Ejecución, entrega y gestión de procesos;Personas
Unidad de Auditoría Interna;14-mar-19;64.08;0.00;64.08;7.1.8 - Fallo en la gestión del colateral;7.1 - Recepción, ejecución y mantenimiento de operaciones;7 - Ejecución, entrega y gestión de procesos;Personas
Unidad de Proyectos;26-jul-18;144.19;0.00;144.19;7.1.9 - Mantenimiento de datos de referencia;7.1 - Recepción, ejecución y mantenimiento de operaciones;7 - Ejecución, entrega y gestión de procesos;Personas
Unidad de Tecnología;19-mar-15;221.06;0.00;221.06;3.2.1 - Responsabilidad en general (resbalones, etc.);3.2 - Higiene y seguridad en el trabajo;3 - Relaciones laborales y seguridad en el puesto de trabajo;Personas
Unidad de Operaciones;12-jul-18;37.66;0.00;37.66;7.4.3 - Pérdida o daño de activos de clientes por negligencia;7.4 - Gestión de cuentas de clientes;7 - Ejecución, entrega y gestión de procesos;Personas
Unidad de Operaciones;4-ago-18;3040.14;0.00;3040.14;1.2.5 - Falsificación;1.2 - Hurto y fraude;1 - Fraude interno;Personas
Unidad de Negocios El Salvador;9-ene-16;376.90;0.00;376.90;7.1.3 - Incumplimiento de plazos o de responsabilidades;7.1 - Recepción, ejecución y mantenimiento de operaciones;7 - Ejecución, entrega y gestión de procesos;Personas
Unidad de Operaciones;4-dic-17;133.00;16.31;116.69;7.1.3 - Incumplimiento de plazos o de responsabilidades;7.1 - Recepción, ejecución y mantenimiento de operaciones;7 - Ejecución, entrega y gestión de procesos;Personas
Unidad de Calidad y Productividad;9-may-18;110.17;0.00;110.17;7.1.3 - Incumplimiento de plazos o de responsabilidades;7.1 - Recepción, ejecución y mantenimiento de operaciones;7 - Ejecución, entrega y gestión de procesos;Personas
Unidad de Negocios Guatemala;25-ene-19;341.60;0.00;341.60;1.2.8 - Apropiación de cuentas, de identidad, etc.;1.2 - Hurto y fraude;1 - Fraude interno;Personas
Unidad de Finanzas y Contabilidad;22-may-17;136.09;0.00;136.09;1.2.1 - Fraude / fraude crediticio/ depósitos sin valor;1.2 - Hurto y fraude;1 - Fraude interno;Personas
Unidad de Cumplimiento;10-sept-17;378.18;0.00;378.18;1.2.1 - Fraude / fraude crediticio/ depósitos sin valor;1.2 - Hurto y fraude;1 - Fraude interno;Personas
Unidad Legal;2-abr-19;879.55;0.00;879.55;3.2.2 - Casos relacionados con normas higiene y seguridad de trabajo;3.2 - Higiene y seguridad en el trabajo;3 - Relaciones laborales y seguridad en el puesto de trabajo;Personas
Unidad de Finanzas y Contabilidad;10-oct-18;27.23;0.00;27.23;2.2.1 - Daños por ataques informáticos;2.2 - Seguridad de los sistemas;2 - Fraude externo;Eventos externos
Unidad de Administración y Recursos Humanos;26-jul-18;2394.83;0.00;2394.83;7.5.2 - Otros litigios con contrapartes distintas de clientes;7.5 - Contrapartes comerciales;7 - Ejecución, entrega y gestión de procesos;Personas
Unidad de Negocios Costa Rica;20-jun-17;260.13;0.00;260.13;4.1.6 - Confusión de cuentas;4.1 - Adecuación, divulgación de información y confianza;4 - Clientes, productos y prácticas empresariales;Personas
Unidad de Negocios Panamá;4-mar-16;47.16;0.00;47.16;3.2.3 - Indemnización a los trabajadores;3.2 - Higiene y seguridad en el trabajo;3 - Relaciones laborales y seguridad en el puesto de trabajo;Personas
Unidad de Finanzas y Contabilidad;22-dic-16;1881.49;0.00;1881.49;7.6.2 - Litigios con distribuidores;7.6 - Distribuidores y proveedores;7 - Ejecución, entrega y gestión de procesos;Personas
Unidad de Finanzas y Contabilidad;14-jun-15;156.01;0.00;156.01;1.2.1 - Fraude / fraude crediticio/ depósitos sin valor;1.2 - Hurto y fraude;1 - Fraude interno;Personas
Unidad de Administración y Recursos Humanos;16-sept-15;96.37;0.00;96.37;7.1.4 - Ejecución errónea de modelos / sistemas;7.1 - Recepción, ejecución y mantenimiento de operaciones;7 - Ejecución, entrega y gestión de procesos;Personas
Unidad de Negocios Nicaragua;15-sept-15;597.73;0.00;597.73;1.1.2 - Operaciones no autorizadas (con pérdidas pecuniarias);1.1 - Actividades no autorizadas;1 - Fraude interno;Personas
Unidad de Administración y Recursos Humanos;23-ago-17;71.40;0.00;71.40;4.3.1 - Defectos del producto (no autorizado, etc.);4.3 - Productos defectuosos;4 - Clientes, productos y prácticas empresariales;Personas
Unidad de Calidad y Productividad;15-mar-19;472.97;320.97;152.00;1.2.4 - Destrucción dolosa de activos;1.2 - Hurto y fraude;1 - Fraude interno;Personas
Unidad de Proyectos;30-sept-19;201.00;0.00;201.00;6.1.3 - Telecomunicaciones;6.1 - Sistemas;6 - Incidencias en el negocio y fallos en los sistemas;Sistemas
Unidad de Negocios El Salvador;4-ago-17;1576.15;0.00;1576.15;5.1.1 - Pérdidas por desastres naturales;5.1 - Desastres y otros acontecimientos;5 - Daños a activos materiales;Personas
Unidad de Finanzas y Contabilidad;21-sept-18;1693.96;0.00;1693.96;7.5.1 - Fallos de contrapartes distintas de clientes;7.5 - Contrapartes comerciales;7 - Ejecución, entrega y gestión de procesos;Personas
Unidad de Negocios Corporativa;18-dic-18;398.25;0.00;398.25;2.1.1 - Hurto/ robo;2.1 - Hurto y fraude;2 - Fraude externo;Eventos externos
Unidad de Operaciones  -Préstamos;2-feb-20;348.30;0.00;348.30;7.1.8 - Fallo en la gestión del colateral;7.1 - Recepción, ejecución y mantenimiento de operaciones;7 - Ejecución, entrega y gestión de procesos;Personas
Unidad de Operaciones;25-feb-19;33.00;0.00;33.00;7.2.2 - Inexactitud de informes externos (con generación de pérdidas);7.2 - Seguimiento y presentación de informes;7 - Ejecución, entrega y gestión de procesos;Personas
Unidad de Negocios Panamá;5-dic-16;267.16;0.00;267.16;4.1.7 - Abuso de información confidencial;4.1 - Adecuación, divulgación de información y confianza;4 - Clientes, productos y prácticas empresariales;Personas
Unidad de Proyectos;7-nov-15;1020.00;0.00;1020.00;3.1.1 - Cuestiones relativas a remuneración, prestaciones sociales, extinción de contratos;3.1 - Relaciones laborales;3 - Relaciones laborales y seguridad en el puesto de trabajo;Personas
Unidad de Finanzas y Contabilidad;5-jun-17;102.35;0.00;102.35;4.3.2 - Error de los modelos;4.3 - Productos defectuosos;4 - Clientes, productos y prácticas empresariales;Personas
Unidad de Calidad y Productividad;22-ene-19;266.28;0.00;266.28;3.1.2 - Organización laboral;3.1 - Relaciones laborales;3 - Relaciones laborales y seguridad en el puesto de trabajo;Personas
Unidad de Operaciones;13-mar-17;21.40;0.00;21.40;2.2.2 - Robo de información (con pérdidas pecuniarias);2.2 - Seguridad de los sistemas;2 - Fraude externo;Eventos externos
Unidad de Finanzas y Contabilidad;28-sept-18;45.46;0.00;45.46;7.1.1 - Comunicación defectuosa;7.1 - Recepción, ejecución y mantenimiento de operaciones;7 - Ejecución, entrega y gestión de procesos;Personas
Unidad de Finanzas y Contabilidad;25-may-18;912.82;0.00;912.82;7.5.2 - Otros litigios con contrapartes distintas de clientes;7.5 - Contrapartes comerciales;7 - Ejecución, entrega y gestión de procesos;Personas
Unidad de Negocios Panamá;19-abr-15;299.12;0.00;299.12;7.1.3 - Incumplimiento de plazos o de responsabilidades;7.1 - Recepción, ejecución y mantenimiento de operaciones;7 - Ejecución, entrega y gestión de procesos;Personas
Unidad de Operaciones  -Préstamos;16-may-17;110.76;0.00;110.76;1.2.1 - Fraude / fraude crediticio/ depósitos sin valor;1.2 - Hurto y fraude;1 - Fraude interno;Personas
Unidad de Cumplimiento;18-abr-17;610.68;0.00;610.68;1.2.1 - Fraude / fraude crediticio/ depósitos sin valor;1.2 - Hurto y fraude;1 - Fraude interno;Personas
Unidad de Cumplimiento;4-oct-16;225.00;0.00;225.00;5.1.2 - Pérdidas humanas por causas externas (terrorismo, vandalismo);5.1 - Desastres y otros acontecimientos;5 - Daños a activos materiales;Personas
Unidad de Finanzas y Contabilidad;23-feb-16;34.22;0.00;34.22;7.6.2 - Litigios con distribuidores;7.6 - Distribuidores y proveedores;7 - Ejecución, entrega y gestión de procesos;Personas
Unidad de Negocios Corporativa;12-jun-15;81.65;0.00;81.65;4.1.1 - Abusos de confianza / incumplimiento de pautas;4.1 - Adecuación, divulgación de información y confianza;4 - Clientes, productos y prácticas empresariales;Personas
Unidad de Calidad y Productividad;2-jun-17;39.70;0.00;39.70;1.1.2 - Operaciones no autorizadas (con pérdidas pecuniarias);1.1 - Actividades no autorizadas;1 - Fraude interno;Personas
Unidad de Finanzas y Contabilidad;9-abr-17;76.59;0.00;76.59;1.2.1 - Fraude / fraude crediticio/ depósitos sin valor;1.2 - Hurto y fraude;1 - Fraude interno;Personas
Unidad de Administración y Recursos Humanos;29-dic-16;202.52;0.00;202.52;7.3.2 - Documentos jurídicos inexistentes / incompletos;7.3 - Aceptación de  clientes y documentación;7 - Ejecución, entrega y gestión de procesos;Personas
Unidad de Finanzas y Contabilidad;21-nov-17;118.52;0.00;118.52;4.2.4 - Actividades no autorizadas;4.2 - Prácticas empresariales o de mercado improcedentes;4 - Clientes, productos y prácticas empresariales;Personas
Unidad de Cumplimiento;14-may-16;107.19;0.00;107.19;7.2.1 - Incumplimiento de la obligación de informar;7.2 - Seguimiento y presentación de informes;7 - Ejecución, entrega y gestión de procesos;Personas
Unidad de Administración y Recursos Humanos;13-may-15;175.46;0.00;175.46;7.1.6 - Errores en otras tareas;7.1 - Recepción, ejecución y mantenimiento de operaciones;7 - Ejecución, entrega y gestión de procesos;Personas
Unidad de Administración y Recursos Humanos;9-ene-16;975.50;0.00;975.50;4.2.4 - Actividades no autorizadas;4.2 - Prácticas empresariales o de mercado improcedentes;4 - Clientes, productos y prácticas empresariales;Personas
Unidad de Cumplimiento;24-feb-16;618.54;0.00;618.54;7.4.2 - Registros incorrectos de clientes (con generación de pérdidas);7.4 - Gestión de cuentas de clientes;7 - Ejecución, entrega y gestión de procesos;Personas
Unidad de Operaciones  -Préstamos;26-dic-17;65.35;0.00;65.35;7.4.1 - Acceso no autorizado a cuentas;7.4 - Gestión de cuentas de clientes;7 - Ejecución, entrega y gestión de procesos;Personas
Unidad de Operaciones;10-feb-19;55.00;0.00;55.00;6.1.3 - Telecomunicaciones;6.1 - Sistemas;6 - Incidencias en el negocio y fallos en los sistemas;Sistemas
Unidad de Finanzas y Contabilidad;11-mar-18;13.00;0.00;13.00;7.2.2 - Inexactitud de informes externos (con generación de pérdidas);7.2 - Seguimiento y presentación de informes;7 - Ejecución, entrega y gestión de procesos;Personas
Unidad de Cumplimiento;27-feb-16;28.80;0.00;28.80;6.1.2 - Software;6.1 - Sistemas;6 - Incidencias en el negocio y fallos en los sistemas;Sistemas
Unidad de Calidad y Productividad;7-feb-16;139.79;0.00;139.79;7.1.7 - Fallo en la entrega;7.1 - Recepción, ejecución y mantenimiento de operaciones;7 - Ejecución, entrega y gestión de procesos;Personas
Unidad de Operaciones;28-feb-18;94.54;0.00;94.54;3.3.1 - Todo tipo de discriminación;3.3 - Diversidad y discriminación;3 - Relaciones laborales y seguridad en el puesto de trabajo;Personas
Unidad de Operaciones;14-jun-19;697.00;0.00;697.00;4.3.1 - Defectos del producto (no autorizado, etc.);4.3 - Productos defectuosos;4 - Clientes, productos y prácticas empresariales;Personas
Unidad de Operaciones;15-feb-17;587.50;0.00;587.50;6.1.3 - Telecomunicaciones;6.1 - Sistemas;6 - Incidencias en el negocio y fallos en los sistemas;Sistemas
Unidad de Calidad y Productividad;28-ene-19;109.01;0.00;109.01;1.2.1 - Fraude / fraude crediticio/ depósitos sin valor;1.2 - Hurto y fraude;1 - Fraude interno;Personas
Unidad de Tecnología;31-ene-16;268.89;0.00;268.89;7.1.1 - Comunicación defectuosa;7.1 - Recepción, ejecución y mantenimiento de operaciones;7 - Ejecución, entrega y gestión de procesos;Personas
Unidad de Proyectos;28-jun-16;268.98;0.00;268.98;1.2.1 - Fraude / fraude crediticio/ depósitos sin valor;1.2 - Hurto y fraude;1 - Fraude interno;Personas
Unidad de Administración y Recursos Humanos;18-jun-19;1032.02;0.00;1032.02;1.2.6 - Utilización de cheques sin fondos;1.2 - Hurto y fraude;1 - Fraude interno;Personas
Unidad de Auditoría Interna;1-mar-17;907.11;0.00;907.11;4.1.8 - Responsabilidad del prestamista;4.1 - Adecuación, divulgación de información y confianza;4 - Clientes, productos y prácticas empresariales;Personas
Unidad de Negocios Corporativa;24-jun-17;4701.26;0.00;4701.26;3.1.1 - Cuestiones relativas a remuneración, prestaciones sociales, extinción de contratos;3.1 - Relaciones laborales;3 - Relaciones laborales y seguridad en el puesto de trabajo;Personas
Unidad de Administración y Recursos Humanos;14-jun-16;182.25;0.00;182.25;1.1.1 - Operaciones no reveladas (intencionalmente);1.1 - Actividades no autorizadas;1 - Fraude interno;Personas
Unidad de Operaciones;19-abr-16;327.11;40.11;287.00;1.2.6 - Utilización de cheques sin fondos;1.2 - Hurto y fraude;1 - Fraude interno;Personas
Unidad de Calidad y Productividad;23-ago-19;767.68;0.00;767.68;1.2.9 - Incumplimiento / evasión de impuestos (intencional);1.2 - Hurto y fraude;1 - Fraude interno;Personas
Unidad de Operaciones;12-ene-18;206.84;0.00;206.84;2.1.1 - Hurto/ robo;2.1 - Hurto y fraude;2 - Fraude externo;Eventos externos
Unidad de Negocios Guatemala;31-may-16;3448.64;0.00;3448.64;4.2.1 - Prácticas restrictivas de la competencia;4.2 - Prácticas empresariales o de mercado improcedentes;4 - Clientes, productos y prácticas empresariales;Personas
Unidad de Riesgos;18-jul-18;191.87;0.00;191.87;1.2.1 - Fraude / fraude crediticio/ depósitos sin valor;1.2 - Hurto y fraude;1 - Fraude interno;Personas
Unidad de Administración y Recursos Humanos;12-mar-15;1374.86;0.00;1374.86;7.1.1 - Comunicación defectuosa;7.1 - Recepción, ejecución y mantenimiento de operaciones;7 - Ejecución, entrega y gestión de procesos;Personas
Unidad de Finanzas y Contabilidad;18-jun-16;121.50;121.50;0.00;7.4.2 - Registros incorrectos de clientes (con generación de pérdidas);7.4 - Gestión de cuentas de clientes;7 - Ejecución, entrega y gestión de procesos;Personas
Unidad de Negocios El Salvador;16-jul-16;896.13;0.00;896.13;1.2.3 - Valoración errónea de posiciones (intencional);1.1 - Actividades no autorizadas;1 - Fraude interno;Personas
Unidad de Riesgos;31-oct-18;175.95;0.00;175.95;7.1.9 - Mantenimiento de datos de referencia;7.1 - Recepción, ejecución y mantenimiento de operaciones;7 - Ejecución, entrega y gestión de procesos;Personas
Unidad de Auditoría Interna;24-ene-16;341.72;0.00;341.72;5.1.2 - Pérdidas humanas por causas externas (terrorismo, vandalismo);5.1 - Desastres y otros acontecimientos;5 - Daños a activos materiales;Personas
Unidad de Finanzas y Contabilidad;22-sept-18;511.00;0.00;511.00;1.2.1 - Fraude / fraude crediticio/ depósitos sin valor;1.2 - Hurto y fraude;1 - Fraude interno;Personas
Unidad de Operaciones  -Préstamos;21-dic-15;131.40;0.00;131.40;7.1.9 - Mantenimiento de datos de referencia;7.1 - Recepción, ejecución y mantenimiento de operaciones;7 - Ejecución, entrega y gestión de procesos;Personas
Unidad de Negocios El Salvador;13-sept-16;100.53;0.00;100.53;7.1.8 - Fallo en la gestión del colateral;7.1 - Recepción, ejecución y mantenimiento de operaciones;7 - Ejecución, entrega y gestión de procesos;Personas
Unidad de Negocios Guatemala;14-ago-18;187.73;0.00;187.73;1.2.1 - Fraude / fraude crediticio/ depósitos sin valor;1.2 - Hurto y fraude;1 - Fraude interno;Personas
Unidad de Finanzas y Contabilidad;6-feb-20;244.03;0.00;244.03;1.2.8 - Apropiación de cuentas, de identidad, etc.;1.2 - Hurto y fraude;1 - Fraude interno;Personas
Unidad de Administración y Recursos Humanos;15-abr-17;559.06;0.00;559.06;1.2.1 - Fraude / fraude crediticio/ depósitos sin valor;1.2 - Hurto y fraude;1 - Fraude interno;Personas
Unidad de Cumplimiento;28-sept-18;129.00;0.00;129.00;7.1.2 - Errores de introducción de datos, mantenimiento o descarga;7.1 - Recepción, ejecución y mantenimiento de operaciones;7 - Ejecución, entrega y gestión de procesos;Personas
Unidad de Negocios Costa Rica;1-nov-15;380.83;0.00;380.83;1.2.7 - Contrabando;1.2 - Hurto y fraude;1 - Fraude interno;Personas
Unidad de Negocios Panamá;21-dic-15;84.75;0.00;84.75;4.4.2 - Superación de los límites de riesgo frente a clientes;4.4 - Selección, patrocinio y riesgos;4 - Clientes, productos y prácticas empresariales;Personas
Unidad de Administración y Recursos Humanos;12-feb-17;552.21;0.00;552.21;1.2.6 - Utilización de cheques sin fondos;1.2 - Hurto y fraude;1 - Fraude interno;Personas
Unidad de Finanzas y Contabilidad;9-ene-17;239.96;0.00;239.96;3.2.2 - Casos relacionados con normas higiene y seguridad de trabajo;3.2 - Higiene y seguridad en el trabajo;3 - Relaciones laborales y seguridad en el puesto de trabajo;Personas
Unidad de Tecnología;14-abr-19;42.67;0.00;42.67;5.1.1 - Pérdidas por desastres naturales;5.1 - Desastres y otros acontecimientos;5 - Daños a activos materiales;Personas
Unidad de Negocios Nicaragua;27-ene-20;2256.52;0.00;2256.52;4.2.5 - Blanqueo de dinero;4.2 - Prácticas empresariales o de mercado improcedentes;4 - Clientes, productos y prácticas empresariales;Personas
Unidad de Calidad y Productividad;29-mar-17;1264.93;0.00;1264.93;1.1.1 - Operaciones no reveladas (intencionalmente);1.1 - Actividades no autorizadas;1 - Fraude interno;Personas
Unidad de Negocios El Salvador;29-oct-18;176.79;3.81;172.98;2.1.2 - Falsificación;2.1 - Hurto y fraude;2 - Fraude externo;Eventos externos
Unidad de Auditoría Interna;28-dic-15;1696.59;0.00;1696.59;2.2.1 - Daños por ataques informáticos;2.2 - Seguridad de los sistemas;2 - Fraude externo;Eventos externos
Unidad de Finanzas y Contabilidad;20-nov-18;251.89;0.00;251.89;7.1.7 - Fallo en la entrega;7.1 - Recepción, ejecución y mantenimiento de operaciones;7 - Ejecución, entrega y gestión de procesos;Personas
Unidad de Finanzas y Contabilidad;9-sept-17;1513.29;0.00;1513.29;7.4.2 - Registros incorrectos de clientes (con generación de pérdidas);7.4 - Gestión de cuentas de clientes;7 - Ejecución, entrega y gestión de procesos;Personas
Unidad de Administración y Recursos Humanos;25-abr-15;67.35;0.00;67.35;7.1.1 - Comunicación defectuosa;7.1 - Recepción, ejecución y mantenimiento de operaciones;7 - Ejecución, entrega y gestión de procesos;Personas
Unidad de Administración y Recursos Humanos;7-oct-17;53.71;0.00;53.71;2.2.2 - Robo de información (con pérdidas pecuniarias);2.2 - Seguridad de los sistemas;2 - Fraude externo;Eventos externos
Unidad de Administración y Recursos Humanos;7-dic-17;138.15;0.00;138.15;7.1.6 - Errores en otras tareas;7.1 - Recepción, ejecución y mantenimiento de operaciones;7 - Ejecución, entrega y gestión de procesos;Personas
Unidad de Negocios Nicaragua;18-feb-20;249.86;91.64;158.22;4.1.3 - Quebrantamiento de la privacidad de información sobre clientes minoristas;4.1 - Adecuación, divulgación de información y confianza;4 - Clientes, productos y prácticas empresariales;Personas
Unidad de Tecnología;12-sept-15;198.88;12.49;186.39;4.1.2 - Aspectos de adecuación/divulgación información;4.1 - Adecuación, divulgación de información y confianza;4 - Clientes, productos y prácticas empresariales;Personas
Unidad de Calidad y Productividad;22-dic-16;208.37;0.00;208.37;7.1.5 - Error contable / atribución a entidades erróneas;7.1 - Recepción, ejecución y mantenimiento de operaciones;7 - Ejecución, entrega y gestión de procesos;Personas
Unidad de Administración y Recursos Humanos;28-abr-16;814.81;0.00;814.81;1.2.7 - Contrabando;1.2 - Hurto y fraude;1 - Fraude interno;Personas
Unidad de Negocios Guatemala;10-sept-15;280.83;0.00;280.83;5.1.2 - Pérdidas humanas por causas externas (terrorismo, vandalismo);5.1 - Desastres y otros acontecimientos;5 - Daños a activos materiales;Personas
Unidad de Cumplimiento;29-feb-16;297.10;0.00;297.10;7.2.2 - Inexactitud de informes externos (con generación de pérdidas);7.2 - Seguimiento y presentación de informes;7 - Ejecución, entrega y gestión de procesos;Personas
Unidad de Operaciones;4-abr-16;87.88;0.00;87.88;4.1.4 - Quebrantamiento de privacidad;4.1 - Adecuación, divulgación de información y confianza;4 - Clientes, productos y prácticas empresariales;Personas
Unidad de Negocios Nicaragua;2-mar-17;52.10;0.00;52.10;4.2.2 - Prácticas comerciales / de mercado improcedentes;4.2 - Prácticas empresariales o de mercado improcedentes;4 - Clientes, productos y prácticas empresariales;Personas
Unidad de Proyectos;27-nov-16;482.10;0.00;482.10;7.1.8 - Fallo en la gestión del colateral;7.1 - Recepción, ejecución y mantenimiento de operaciones;7 - Ejecución, entrega y gestión de procesos;Personas
Unidad de Operaciones  -Préstamos;12-jun-17;253.25;0.00;253.25;4.4.1 - Ausencia de investigación a clientes conforme a las directrices;4.4 - Selección, patrocinio y riesgos;4 - Clientes, productos y prácticas empresariales;Personas
Unidad de Operaciones;7-nov-18;124.00;0.00;124.00;4.1.3 - Quebrantamiento de la privacidad de información sobre clientes minoristas;4.1 - Adecuación, divulgación de información y confianza;4 - Clientes, productos y prácticas empresariales;Personas
Unidad de Tecnología;24-ago-16;63.94;0.00;63.94;1.2.7 - Contrabando;1.2 - Hurto y fraude;1 - Fraude interno;Personas
Unidad de Finanzas y Contabilidad;10-ago-17;64.01;30.59;33.42;7.4.3 - Pérdida o daño de activos de clientes por negligencia;7.4 - Gestión de cuentas de clientes;7 - Ejecución, entrega y gestión de procesos;Personas
Unidad Legal;5-ene-17;284.00;0.00;284.00;1.2.3 - Valoración errónea de posiciones (intencional);1.1 - Actividades no autorizadas;1 - Fraude interno;Personas
Unidad de Negocios Costa Rica;2-dic-19;1173.54;0.00;1173.54;2.1.1 - Hurto/ robo;2.1 - Hurto y fraude;2 - Fraude externo;Eventos externos
Unidad de Tecnología;25-mar-15;291.20;0.00;291.20;6.1.1 - Hardware;6.1 - Sistemas;6 - Incidencias en el negocio y fallos en los sistemas;Sistemas
Unidad de Tecnología;23-dic-17;340.36;0.00;340.36;4.3.1 - Defectos del producto (no autorizado, etc.);4.3 - Productos defectuosos;4 - Clientes, productos y prácticas empresariales;Personas
Unidad de Operaciones;25-dic-16;164.97;0.00;164.97;4.1.7 - Abuso de información confidencial;4.1 - Adecuación, divulgación de información y confianza;4 - Clientes, productos y prácticas empresariales;Personas
Unidad de Calidad y Productividad;25-abr-15;623.00;0.00;623.00;3.1.1 - Cuestiones relativas a remuneración, prestaciones sociales, extinción de contratos;3.1 - Relaciones laborales;3 - Relaciones laborales y seguridad en el puesto de trabajo;Personas
Unidad de Finanzas y Contabilidad;23-oct-17;863.60;0.00;863.60;1.2.7 - Contrabando;1.2 - Hurto y fraude;1 - Fraude interno;Personas
Unidad de Auditoría Interna;11-oct-17;134.18;41.77;92.41;7.3.1 - Inexistencia de autorizaciones / rechazos de clientes;7.3 - Aceptación de  clientes y documentación;7 - Ejecución, entrega y gestión de procesos;Personas
Unidad de Finanzas y Contabilidad;7-mar-19;171.00;0.00;171.00;1.2.6 - Utilización de cheques sin fondos;1.2 - Hurto y fraude;1 - Fraude interno;Personas
Unidad de Calidad y Productividad;12-jul-15;42.58;0.00;42.58;1.2.8 - Apropiación de cuentas, de identidad, etc.;1.2 - Hurto y fraude;1 - Fraude interno;Personas
Unidad Legal;14-ago-18;232.75;0.00;232.75;7.2.1 - Incumplimiento de la obligación de informar;7.2 - Seguimiento y presentación de informes;7 - Ejecución, entrega y gestión de procesos;Personas
Unidad de Finanzas y Contabilidad;10-ene-16;1344.58;0.00;1344.58;1.2.1 - Fraude / fraude crediticio/ depósitos sin valor;1.2 - Hurto y fraude;1 - Fraude interno;Personas
Unidad de Cumplimiento;28-jul-17;370.44;0.00;370.44;3.1.2 - Organización laboral;3.1 - Relaciones laborales;3 - Relaciones laborales y seguridad en el puesto de trabajo;Personas
Unidad de Finanzas y Contabilidad;1-nov-18;1574.00;0.00;1574.00;1.2.3 - Valoración errónea de posiciones (intencional);1.1 - Actividades no autorizadas;1 - Fraude interno;Personas
Unidad de Calidad y Productividad;20-dic-18;26.19;0.00;26.19;6.1.2 - Software;6.1 - Sistemas;6 - Incidencias en el negocio y fallos en los sistemas;Sistemas
Unidad de Administración y Recursos Humanos;9-feb-17;139.13;26.43;112.70;3.2.1 - Responsabilidad en general (resbalones, etc.);3.2 - Higiene y seguridad en el trabajo;3 - Relaciones laborales y seguridad en el puesto de trabajo;Personas
Unidad de Administración y Recursos Humanos;13-jul-17;492.97;0.00;492.97;7.2.2 - Inexactitud de informes externos (con generación de pérdidas);7.2 - Seguimiento y presentación de informes;7 - Ejecución, entrega y gestión de procesos;Personas
Unidad de Negocios Corporativa;15-jun-18;68.66;0.00;68.66;1.2.7 - Contrabando;1.2 - Hurto y fraude;1 - Fraude interno;Personas
Unidad de Finanzas y Contabilidad;20-jul-16;502.40;0.00;502.40;7.3.1 - Inexistencia de autorizaciones / rechazos de clientes;7.3 - Aceptación de  clientes y documentación;7 - Ejecución, entrega y gestión de procesos;Personas
Unidad de Finanzas y Contabilidad;18-jul-18;368.00;0.00;368.00;3.2.2 - Casos relacionados con normas higiene y seguridad de trabajo;3.2 - Higiene y seguridad en el trabajo;3 - Relaciones laborales y seguridad en el puesto de trabajo;Personas
Unidad de Administración y Recursos Humanos;25-may-16;49.72;0.00;49.72;7.2.1 - Incumplimiento de la obligación de informar;7.2 - Seguimiento y presentación de informes;7 - Ejecución, entrega y gestión de procesos;Personas
Unidad Legal;31-mar-16;212.81;0.00;212.81;7.1.8 - Fallo en la gestión del colateral;7.1 - Recepción, ejecución y mantenimiento de operaciones;7 - Ejecución, entrega y gestión de procesos;Personas
Unidad de Cumplimiento;29-nov-18;780.19;0.00;780.19;1.2.1 - Fraude / fraude crediticio/ depósitos sin valor;1.2 - Hurto y fraude;1 - Fraude interno;Personas
Unidad de Operaciones  -Préstamos;3-may-18;63.19;0.00;63.19;7.1.9 - Mantenimiento de datos de referencia;7.1 - Recepción, ejecución y mantenimiento de operaciones;7 - Ejecución, entrega y gestión de procesos;Personas
Unidad de Administración y Recursos Humanos;21-may-15;35.10;0.00;35.10;6.1.1 - Hardware;6.1 - Sistemas;6 - Incidencias en el negocio y fallos en los sistemas;Sistemas
Unidad de Operaciones;27-jun-15;241.00;0.00;241.00;4.3.1 - Defectos del producto (no autorizado, etc.);4.3 - Productos defectuosos;4 - Clientes, productos y prácticas empresariales;Personas
Unidad de Negocios El Salvador;4-ago-15;570.61;0.00;570.61;1.2.1 - Fraude / fraude crediticio/ depósitos sin valor;1.2 - Hurto y fraude;1 - Fraude interno;Personas
Unidad de Negocios Guatemala;2-abr-16;82.87;0.00;82.87;4.2.2 - Prácticas comerciales / de mercado improcedentes;4.2 - Prácticas empresariales o de mercado improcedentes;4 - Clientes, productos y prácticas empresariales;Personas
Unidad de Negocios Costa Rica;9-abr-16;1303.88;0.00;1303.88;5.1.1 - Pérdidas por desastres naturales;5.1 - Desastres y otros acontecimientos;5 - Daños a activos materiales;Personas
Unidad de Operaciones;25-abr-15;442.75;0.00;442.75;4.3.2 - Error de los modelos;4.3 - Productos defectuosos;4 - Clientes, productos y prácticas empresariales;Personas
Unidad de Cumplimiento;22-sept-16;323.93;0.00;323.93;1.2.1 - Fraude / fraude crediticio/ depósitos sin valor;1.2 - Hurto y fraude;1 - Fraude interno;Personas
Unidad de Negocios Corporativa;17-jun-15;641.24;0.00;641.24;1.2.1 - Fraude / fraude crediticio/ depósitos sin valor;1.2 - Hurto y fraude;1 - Fraude interno;Personas
Unidad de Operaciones  -Préstamos;7-ago-19;590.06;0.00;590.06;4.1.5 - Ventas agresivas;4.1 - Adecuación, divulgación de información y confianza;4 - Clientes, productos y prácticas empresariales;Personas
Unidad de Finanzas y Contabilidad;17-mar-16;359.19;0.00;359.19;4.2.2 - Prácticas comerciales / de mercado improcedentes;4.2 - Prácticas empresariales o de mercado improcedentes;4 - Clientes, productos y prácticas empresariales;Personas
Unidad de Finanzas y Contabilidad;7-ago-17;86.01;0.00;86.01;3.1.2 - Organización laboral;3.1 - Relaciones laborales;3 - Relaciones laborales y seguridad en el puesto de trabajo;Personas
Unidad de Administración y Recursos Humanos;6-mar-16;792.68;0.00;792.68;7.6.1 - Subcontratación;7.6 - Distribuidores y proveedores;7 - Ejecución, entrega y gestión de procesos;Personas
Unidad de Administración y Recursos Humanos;10-dic-17;52.11;0.00;52.11;7.1.8 - Fallo en la gestión del colateral;7.1 - Recepción, ejecución y mantenimiento de operaciones;7 - Ejecución, entrega y gestión de procesos;Personas
Unidad de Negocios Costa Rica;21-nov-16;235.08;0.00;235.08;4.2.2 - Prácticas comerciales / de mercado improcedentes;4.2 - Prácticas empresariales o de mercado improcedentes;4 - Clientes, productos y prácticas empresariales;Personas
Unidad de Finanzas y Contabilidad;4-feb-18;338.27;0.00;338.27;4.1.1 - Abusos de confianza / incumplimiento de pautas;4.1 - Adecuación, divulgación de información y confianza;4 - Clientes, productos y prácticas empresariales;Personas
Unidad de Auditoría Interna;31-dic-16;602.72;0.00;602.72;7.6.1 - Subcontratación;7.6 - Distribuidores y proveedores;7 - Ejecución, entrega y gestión de procesos;Personas
Unidad de Cumplimiento;8-ene-17;4780.23;0.00;4780.23;4.2.3 - Manipulación del mercado;4.2 - Prácticas empresariales o de mercado improcedentes;4 - Clientes, productos y prácticas empresariales;Personas
Unidad de Administración y Recursos Humanos;21-nov-19;101.18;0.00;101.18;4.1.5 - Ventas agresivas;4.1 - Adecuación, divulgación de información y confianza;4 - Clientes, productos y prácticas empresariales;Personas
Unidad de Riesgos;7-ago-18;307.16;0.00;307.16;7.1.2 - Errores de introducción de datos, mantenimiento o descarga;7.1 - Recepción, ejecución y mantenimiento de operaciones;7 - Ejecución, entrega y gestión de procesos;Personas
Unidad de Negocios Costa Rica;19-oct-16;115.54;0.00;115.54;1.2.1 - Fraude / fraude crediticio/ depósitos sin valor;1.2 - Hurto y fraude;1 - Fraude interno;Personas
Unidad de Negocios Guatemala;2-ene-18;464.35;0.00;464.35;4.1.4 - Quebrantamiento de privacidad;4.1 - Adecuación, divulgación de información y confianza;4 - Clientes, productos y prácticas empresariales;Personas
Unidad de Negocios Costa Rica;2-jun-19;747.62;0.00;747.62;1.2.2 - Hurto / extorsión / malversación / robo;1.2 - Hurto y fraude;1 - Fraude interno;Personas
Unidad de Negocios Panamá;6-mar-16;402.47;0.00;402.47;7.4.3 - Pérdida o daño de activos de clientes por negligencia;7.4 - Gestión de cuentas de clientes;7 - Ejecución, entrega y gestión de procesos;Personas
Unidad de Calidad y Productividad;17-ene-18;25.24;0.00;25.24;6.1.1 - Hardware;6.1 - Sistemas;6 - Incidencias en el negocio y fallos en los sistemas;Sistemas
Unidad de Cumplimiento;17-feb-16;725.30;0.00;725.30;4.4.1 - Ausencia de investigación a clientes conforme a las directrices;4.4 - Selección, patrocinio y riesgos;4 - Clientes, productos y prácticas empresariales;Personas
Unidad de Finanzas y Contabilidad;16-nov-17;570.38;0.00;570.38;4.1.1 - Abusos de confianza / incumplimiento de pautas;4.1 - Adecuación, divulgación de información y confianza;4 - Clientes, productos y prácticas empresariales;Personas
Unidad de Administración y Recursos Humanos;28-mar-15;99.00;0.00;99.00;7.5.2 - Otros litigios con contrapartes distintas de clientes;7.5 - Contrapartes comerciales;7 - Ejecución, entrega y gestión de procesos;Personas
Unidad de Calidad y Productividad;21-jun-15;145.89;0.00;145.89;4.2.2 - Prácticas comerciales / de mercado improcedentes;4.2 - Prácticas empresariales o de mercado improcedentes;4 - Clientes, productos y prácticas empresariales;Personas
Unidad de Administración y Recursos Humanos;18-abr-17;312.27;0.00;312.27;7.5.1 - Fallos de contrapartes distintas de clientes;7.5 - Contrapartes comerciales;7 - Ejecución, entrega y gestión de procesos;Personas
Unidad de Finanzas y Contabilidad;23-nov-17;478.17;0.00;478.17;3.1.1 - Cuestiones relativas a remuneración, prestaciones sociales, extinción de contratos;3.1 - Relaciones laborales;3 - Relaciones laborales y seguridad en el puesto de trabajo;Personas
Unidad de Negocios Panamá;17-mar-15;27.39;0.00;27.39;2.2.2 - Robo de información (con pérdidas pecuniarias);2.2 - Seguridad de los sistemas;2 - Fraude externo;Eventos externos
Unidad de Negocios Nicaragua;17-oct-18;134.24;0.00;134.24;1.2.7 - Contrabando;1.2 - Hurto y fraude;1 - Fraude interno;Personas
Unidad de Operaciones;17-may-19;605.00;0.00;605.00;6.1.3 - Telecomunicaciones;6.1 - Sistemas;6 - Incidencias en el negocio y fallos en los sistemas;Sistemas
Unidad de Finanzas y Contabilidad;29-ene-20;133.10;0.00;133.10;7.1.8 - Fallo en la gestión del colateral;7.1 - Recepción, ejecución y mantenimiento de operaciones;7 - Ejecución, entrega y gestión de procesos;Personas
Unidad de Operaciones  -Préstamos;5-mar-17;334.86;0.00;334.86;1.2.8 - Apropiación de cuentas, de identidad, etc.;1.2 - Hurto y fraude;1 - Fraude interno;Personas
Unidad de Auditoría Interna;30-ene-18;1955.34;327.74;1627.60;7.3.2 - Documentos jurídicos inexistentes / incompletos;7.3 - Aceptación de  clientes y documentación;7 - Ejecución, entrega y gestión de procesos;Personas
Unidad de Calidad y Productividad;8-feb-17;241.63;0.00;241.63;4.1.1 - Abusos de confianza / incumplimiento de pautas;4.1 - Adecuación, divulgación de información y confianza;4 - Clientes, productos y prácticas empresariales;Personas
Unidad de Proyectos;10-abr-19;170.00;0.00;170.00;6.1.2 - Software;6.1 - Sistemas;6 - Incidencias en el negocio y fallos en los sistemas;Sistemas
Unidad de Negocios Nicaragua;31-ene-19;508.29;0.00;508.29;3.2.1 - Responsabilidad en general (resbalones, etc.);3.2 - Higiene y seguridad en el trabajo;3 - Relaciones laborales y seguridad en el puesto de trabajo;Personas
Unidad de Tecnología;29-nov-16;169.54;0.00;169.54;4.1.2 - Aspectos de adecuación/divulgación información;4.1 - Adecuación, divulgación de información y confianza;4 - Clientes, productos y prácticas empresariales;Personas
Unidad de Operaciones;17-jul-18;391.46;0.00;391.46;1.2.3 - Valoración errónea de posiciones (intencional);1.1 - Actividades no autorizadas;1 - Fraude interno;Personas
Unidad de Calidad y Productividad;14-ago-19;93.88;0.00;93.88;2.2.1 - Daños por ataques informáticos;2.2 - Seguridad de los sistemas;2 - Fraude externo;Eventos externos
Unidad de Finanzas y Contabilidad;8-ago-15;425.77;0.00;425.77;4.4.2 - Superación de los límites de riesgo frente a clientes;4.4 - Selección, patrocinio y riesgos;4 - Clientes, productos y prácticas empresariales;Personas
Unidad Legal;8-jun-15;962.01;0.00;962.01;1.2.3 - Valoración errónea de posiciones (intencional);1.1 - Actividades no autorizadas;1 - Fraude interno;Personas
Unidad de Calidad y Productividad;27-sept-15;413.90;0.00;413.90;4.5.1 - Litigios sobre resultados de las actividades de asesoramiento;4.5 - Actividades de asesoramiento;4 - Clientes, productos y prácticas empresariales;Personas
Unidad de Calidad y Productividad;15-feb-17;87.82;0.00;87.82;1.2.5 - Falsificación;1.2 - Hurto y fraude;1 - Fraude interno;Personas
Unidad de Calidad y Productividad;7-sept-15;534.76;0.00;534.76;4.1.5 - Ventas agresivas;4.1 - Adecuación, divulgación de información y confianza;4 - Clientes, productos y prácticas empresariales;Personas
Unidad de Calidad y Productividad;26-mar-19;116.76;0.00;116.76;1.2.9 - Incumplimiento / evasión de impuestos (intencional);1.2 - Hurto y fraude;1 - Fraude interno;Personas
Unidad de Administración y Recursos Humanos;18-ene-17;90.92;6.70;84.22;3.2.1 - Responsabilidad en general (resbalones, etc.);3.2 - Higiene y seguridad en el trabajo;3 - Relaciones laborales y seguridad en el puesto de trabajo;Personas
Unidad de Cumplimiento;16-feb-20;150.89;112.68;38.21;4.3.2 - Error de los modelos;4.3 - Productos defectuosos;4 - Clientes, productos y prácticas empresariales;Personas
Unidad de Negocios Corporativa;29-jul-18;185.64;0.00;185.64;1.2.2 - Hurto / extorsión / malversación / robo;1.2 - Hurto y fraude;1 - Fraude interno;Personas
Unidad de Negocios Guatemala;15-feb-18;193.22;0.00;193.22;1.2.8 - Apropiación de cuentas, de identidad, etc.;1.2 - Hurto y fraude;1 - Fraude interno;Personas
Unidad de Auditoría Interna;30-abr-18;111.98;0.00;111.98;7.5.2 - Otros litigios con contrapartes distintas de clientes;7.5 - Contrapartes comerciales;7 - Ejecución, entrega y gestión de procesos;Personas
Unidad de Finanzas y Contabilidad;23-mar-18;17.05;0.00;17.05;7.1.8 - Fallo en la gestión del colateral;7.1 - Recepción, ejecución y mantenimiento de operaciones;7 - Ejecución, entrega y gestión de procesos;Personas
Unidad de Negocios Guatemala;20-dic-17;665.17;0.00;665.17;3.2.3 - Indemnización a los trabajadores;3.2 - Higiene y seguridad en el trabajo;3 - Relaciones laborales y seguridad en el puesto de trabajo;Personas
Unidad de Finanzas y Contabilidad;17-may-17;307.80;0.00;307.80;7.1.8 - Fallo en la gestión del colateral;7.1 - Recepción, ejecución y mantenimiento de operaciones;7 - Ejecución, entrega y gestión de procesos;Personas
Unidad de Operaciones;20-mar-16;459.21;0.00;459.21;7.5.1 - Fallos de contrapartes distintas de clientes;7.5 - Contrapartes comerciales;7 - Ejecución, entrega y gestión de procesos;Personas
Unidad de Cumplimiento;17-dic-17;1266.66;0.00;1266.66;7.6.1 - Subcontratación;7.6 - Distribuidores y proveedores;7 - Ejecución, entrega y gestión de procesos;Personas
Unidad de Administración y Recursos Humanos;14-sept-15;56.03;0.00;56.03;1.2.1 - Fraude / fraude crediticio/ depósitos sin valor;1.2 - Hurto y fraude;1 - Fraude interno;Personas
Unidad de Riesgos;28-oct-17;575.00;0.00;575.00;6.1.3 - Telecomunicaciones;6.1 - Sistemas;6 - Incidencias en el negocio y fallos en los sistemas;Sistemas
Unidad de Negocios El Salvador;1-mar-16;30.30;0.00;30.30;3.2.1 - Responsabilidad en general (resbalones, etc.);3.2 - Higiene y seguridad en el trabajo;3 - Relaciones laborales y seguridad en el puesto de trabajo;Personas
Unidad de Cumplimiento;30-may-15;55.96;0.00;55.96;4.3.2 - Error de los modelos;4.3 - Productos defectuosos;4 - Clientes, productos y prácticas empresariales;Personas
Unidad de Calidad y Productividad;6-ago-16;256.65;0.00;256.65;3.1.2 - Organización laboral;3.1 - Relaciones laborales;3 - Relaciones laborales y seguridad en el puesto de trabajo;Personas
Unidad de Administración y Recursos Humanos;24-ago-15;166.30;0.00;166.30;2.2.1 - Daños por ataques informáticos;2.2 - Seguridad de los sistemas;2 - Fraude externo;Eventos externos
Unidad de Negocios Guatemala;10-jul-19;329.34;0.00;329.34;4.1.1 - Abusos de confianza / incumplimiento de pautas;4.1 - Adecuación, divulgación de información y confianza;4 - Clientes, productos y prácticas empresariales;Personas
Unidad de Negocios Panamá;22-may-19;185.58;0.00;185.58;7.3.1 - Inexistencia de autorizaciones / rechazos de clientes;7.3 - Aceptación de  clientes y documentación;7 - Ejecución, entrega y gestión de procesos;Personas
Unidad de Negocios Costa Rica;11-jun-17;77.89;0.00;77.89;1.1.1 - Operaciones no reveladas (intencionalmente);1.1 - Actividades no autorizadas;1 - Fraude interno;Personas
Unidad Legal;24-ago-15;1017.46;0.00;1017.46;4.4.1 - Ausencia de investigación a clientes conforme a las directrices;4.4 - Selección, patrocinio y riesgos;4 - Clientes, productos y prácticas empresariales;Personas
Unidad de Negocios Costa Rica;5-mar-20;1098.33;0.00;1098.33;1.2.2 - Hurto / extorsión / malversación / robo;1.2 - Hurto y fraude;1 - Fraude interno;Personas
Unidad de Operaciones;26-oct-18;49.64;0.00;49.64;7.2.2 - Inexactitud de informes externos (con generación de pérdidas);7.2 - Seguimiento y presentación de informes;7 - Ejecución, entrega y gestión de procesos;Personas
Unidad de Administración y Recursos Humanos;5-jun-15;943.33;0.00;943.33;1.2.1 - Fraude / fraude crediticio/ depósitos sin valor;1.2 - Hurto y fraude;1 - Fraude interno;Personas
Unidad de Cumplimiento;31-ene-19;801.61;0.00;801.61;1.2.1 - Fraude / fraude crediticio/ depósitos sin valor;1.2 - Hurto y fraude;1 - Fraude interno;Personas
Unidad de Negocios Panamá;22-feb-16;545.50;0.00;545.50;1.2.7 - Contrabando;1.2 - Hurto y fraude;1 - Fraude interno;Personas
Unidad de Finanzas y Contabilidad;11-ago-15;233.96;0.00;233.96;7.1.9 - Mantenimiento de datos de referencia;7.1 - Recepción, ejecución y mantenimiento de operaciones;7 - Ejecución, entrega y gestión de procesos;Personas
Unidad de Negocios Panamá;19-ago-15;259.27;0.00;259.27;2.2.1 - Daños por ataques informáticos;2.2 - Seguridad de los sistemas;2 - Fraude externo;Eventos externos
Unidad de Operaciones;27-mar-15;147.78;147.78;0.00;7.6.1 - Subcontratación;7.6 - Distribuidores y proveedores;7 - Ejecución, entrega y gestión de procesos;Personas
Unidad de Riesgos;8-may-16;92.76;0.00;92.76;1.2.3 - Valoración errónea de posiciones (intencional);1.1 - Actividades no autorizadas;1 - Fraude interno;Personas
Unidad de Negocios Panamá;30-oct-19;868.75;0.00;868.75;1.1.2 - Operaciones no autorizadas (con pérdidas pecuniarias);1.1 - Actividades no autorizadas;1 - Fraude interno;Personas
Unidad de Tecnología;3-ene-18;1032.77;0.00;1032.77;3.2.1 - Responsabilidad en general (resbalones, etc.);3.2 - Higiene y seguridad en el trabajo;3 - Relaciones laborales y seguridad en el puesto de trabajo;Personas
Unidad de Administración y Recursos Humanos;11-dic-17;1056.51;0.00;1056.51;5.1.2 - Pérdidas humanas por causas externas (terrorismo, vandalismo);5.1 - Desastres y otros acontecimientos;5 - Daños a activos materiales;Personas
Unidad de Proyectos;8-jul-18;3766.40;0.00;3766.40;4.1.4 - Quebrantamiento de privacidad;4.1 - Adecuación, divulgación de información y confianza;4 - Clientes, productos y prácticas empresariales;Personas
Unidad de Negocios Nicaragua;11-jul-18;58.29;0.00;58.29;5.1.1 - Pérdidas por desastres naturales;5.1 - Desastres y otros acontecimientos;5 - Daños a activos materiales;Personas
Unidad de Operaciones  -Préstamos;25-jul-18;292.34;0.00;292.34;3.2.3 - Indemnización a los trabajadores;3.2 - Higiene y seguridad en el trabajo;3 - Relaciones laborales y seguridad en el puesto de trabajo;Personas
Unidad de Tecnología;8-ene-19;1959.30;0.00;1959.30;3.1.2 - Organización laboral;3.1 - Relaciones laborales;3 - Relaciones laborales y seguridad en el puesto de trabajo;Personas
Unidad de Negocios Guatemala;2-ago-19;240.04;0.00;240.04;1.2.9 - Incumplimiento / evasión de impuestos (intencional);1.2 - Hurto y fraude;1 - Fraude interno;Personas
Unidad de Auditoría Interna;9-jul-15;1423.27;0.00;1423.27;1.2.7 - Contrabando;1.2 - Hurto y fraude;1 - Fraude interno;Personas
Unidad de Proyectos;17-mar-15;480.29;0.00;480.29;4.5.1 - Litigios sobre resultados de las actividades de asesoramiento;4.5 - Actividades de asesoramiento;4 - Clientes, productos y prácticas empresariales;Personas
Unidad de Proyectos;19-ene-17;152.80;0.00;152.80;7.1.1 - Comunicación defectuosa;7.1 - Recepción, ejecución y mantenimiento de operaciones;7 - Ejecución, entrega y gestión de procesos;Personas
Unidad de Riesgos;3-abr-19;203.30;0.00;203.30;3.2.1 - Responsabilidad en general (resbalones, etc.);3.2 - Higiene y seguridad en el trabajo;3 - Relaciones laborales y seguridad en el puesto de trabajo;Personas
Unidad de Tecnología;11-abr-18;366.76;0.00;366.76;4.3.2 - Error de los modelos;4.3 - Productos defectuosos;4 - Clientes, productos y prácticas empresariales;Personas
Unidad de Negocios El Salvador;23-abr-15;510.43;0.00;510.43;3.1.2 - Organización laboral;3.1 - Relaciones laborales;3 - Relaciones laborales y seguridad en el puesto de trabajo;Personas
Unidad de Negocios Guatemala;28-oct-17;853.70;0.00;853.70;1.2.1 - Fraude / fraude crediticio/ depósitos sin valor;1.2 - Hurto y fraude;1 - Fraude interno;Personas
Unidad de Negocios Corporativa;8-may-19;250.78;0.00;250.78;1.2.1 - Fraude / fraude crediticio/ depósitos sin valor;1.2 - Hurto y fraude;1 - Fraude interno;Personas
Unidad de Negocios Panamá;25-sept-15;512.12;0.00;512.12;3.1.1 - Cuestiones relativas a remuneración, prestaciones sociales, extinción de contratos;3.1 - Relaciones laborales;3 - Relaciones laborales y seguridad en el puesto de trabajo;Personas
Unidad de Negocios Costa Rica;5-ene-19;125.21;0.00;125.21;2.2.1 - Daños por ataques informáticos;2.2 - Seguridad de los sistemas;2 - Fraude externo;Eventos externos
Unidad de Operaciones;27-dic-15;332.58;0.00;332.58;5.1.1 - Pérdidas por desastres naturales;5.1 - Desastres y otros acontecimientos;5 - Daños a activos materiales;Personas
Unidad de Calidad y Productividad;10-dic-19;600.52;0.00;600.52;4.4.1 - Ausencia de investigación a clientes conforme a las directrices;4.4 - Selección, patrocinio y riesgos;4 - Clientes, productos y prácticas empresariales;Personas
Unidad de Finanzas y Contabilidad;21-dic-17;2661.01;259.83;2401.18;1.2.1 - Fraude / fraude crediticio/ depósitos sin valor;1.2 - Hurto y fraude;1 - Fraude interno;Personas
Unidad de Calidad y Productividad;11-jul-15;146.63;0.00;146.63;2.2.2 - Robo de información (con pérdidas pecuniarias);2.2 - Seguridad de los sistemas;2 - Fraude externo;Eventos externos
Unidad de Auditoría Interna;9-may-15;433.38;0.00;433.38;7.3.2 - Documentos jurídicos inexistentes / incompletos;7.3 - Aceptación de  clientes y documentación;7 - Ejecución, entrega y gestión de procesos;Personas
Unidad de Administración y Recursos Humanos;4-dic-17;297.20;0.00;297.20;4.3.2 - Error de los modelos;4.3 - Productos defectuosos;4 - Clientes, productos y prácticas empresariales;Personas
Unidad Legal;9-jul-17;210.57;51.64;158.93;7.4.2 - Registros incorrectos de clientes (con generación de pérdidas);7.4 - Gestión de cuentas de clientes;7 - Ejecución, entrega y gestión de procesos;Personas
Unidad de Operaciones;8-sept-18;573.20;0.00;573.20;4.3.2 - Error de los modelos;4.3 - Productos defectuosos;4 - Clientes, productos y prácticas empresariales;Personas
Unidad de Administración y Recursos Humanos;16-jul-18;263.52;0.00;263.52;3.2.3 - Indemnización a los trabajadores;3.2 - Higiene y seguridad en el trabajo;3 - Relaciones laborales y seguridad en el puesto de trabajo;Personas
Unidad de Proyectos;19-abr-18;585.24;0.00;585.24;1.2.3 - Valoración errónea de posiciones (intencional);1.1 - Actividades no autorizadas;1 - Fraude interno;Personas
Unidad de Cumplimiento;24-oct-17;387.39;0.00;387.39;7.6.1 - Subcontratación;7.6 - Distribuidores y proveedores;7 - Ejecución, entrega y gestión de procesos;Personas
Unidad de Finanzas y Contabilidad;21-feb-20;76.65;0.00;76.65;4.2.4 - Actividades no autorizadas;4.2 - Prácticas empresariales o de mercado improcedentes;4 - Clientes, productos y prácticas empresariales;Personas
Unidad de Negocios Nicaragua;2-may-18;2550.00;0.00;2550.00;1.2.3 - Valoración errónea de posiciones (intencional);1.1 - Actividades no autorizadas;1 - Fraude interno;Personas
Unidad de Administración y Recursos Humanos;18-ene-16;163.81;0.00;163.81;7.1.5 - Error contable / atribución a entidades erróneas;7.1 - Recepción, ejecución y mantenimiento de operaciones;7 - Ejecución, entrega y gestión de procesos;Personas
Unidad de Negocios Guatemala;3-sept-18;1072.39;0.00;1072.39;2.1.3 - Utilización de cheques sin fondos;2.1 - Hurto y fraude;2 - Fraude externo;Eventos externos
Unidad de Finanzas y Contabilidad;2-oct-16;399.76;0.00;399.76;1.1.1 - Operaciones no reveladas (intencionalmente);1.1 - Actividades no autorizadas;1 - Fraude interno;Personas
Unidad de Proyectos;23-ago-18;125.00;0.00;125.00;6.1.4 - Interrupción / incidencias en el suministro;6.1 - Sistemas;6 - Incidencias en el negocio y fallos en los sistemas;Sistemas
Unidad de Cumplimiento;15-nov-18;674.66;537.48;137.18;5.1.2 - Pérdidas humanas por causas externas (terrorismo, vandalismo);5.1 - Desastres y otros acontecimientos;5 - Daños a activos materiales;Personas
Unidad de Cumplimiento;12-sept-16;33.71;0.00;33.71;7.1.5 - Error contable / atribución a entidades erróneas;7.1 - Recepción, ejecución y mantenimiento de operaciones;7 - Ejecución, entrega y gestión de procesos;Personas
Unidad de Negocios El Salvador;21-feb-16;2480.52;0.00;2480.52;2.1.3 - Utilización de cheques sin fondos;2.1 - Hurto y fraude;2 - Fraude externo;Eventos externos
Unidad de Operaciones;24-ago-17;315.43;0.00;315.43;7.1.2 - Errores de introducción de datos, mantenimiento o descarga;7.1 - Recepción, ejecución y mantenimiento de operaciones;7 - Ejecución, entrega y gestión de procesos;Personas
Unidad de Auditoría Interna;3-oct-17;368.12;0.00;368.12;7.4.3 - Pérdida o daño de activos de clientes por negligencia;7.4 - Gestión de cuentas de clientes;7 - Ejecución, entrega y gestión de procesos;Personas
Unidad de Tecnología;28-abr-16;120.00;0.00;120.00;6.1.2 - Software;6.1 - Sistemas;6 - Incidencias en el negocio y fallos en los sistemas;Sistemas
Unidad de Finanzas y Contabilidad;6-nov-16;700.97;0.00;700.97;3.2.1 - Responsabilidad en general (resbalones, etc.);3.2 - Higiene y seguridad en el trabajo;3 - Relaciones laborales y seguridad en el puesto de trabajo;Personas
Unidad de Cumplimiento;26-feb-16;524.37;0.00;524.37;1.2.2 - Hurto / extorsión / malversación / robo;1.2 - Hurto y fraude;1 - Fraude interno;Personas
Unidad de Operaciones;7-nov-17;1004.06;0.00;1004.06;4.3.1 - Defectos del producto (no autorizado, etc.);4.3 - Productos defectuosos;4 - Clientes, productos y prácticas empresariales;Personas
Unidad de Negocios Corporativa;10-jun-16;646.90;0.00;646.90;4.4.2 - Superación de los límites de riesgo frente a clientes;4.4 - Selección, patrocinio y riesgos;4 - Clientes, productos y prácticas empresariales;Personas
Unidad de Calidad y Productividad;1-abr-15;127.03;0.00;127.03;7.4.1 - Acceso no autorizado a cuentas;7.4 - Gestión de cuentas de clientes;7 - Ejecución, entrega y gestión de procesos;Personas
Unidad de Calidad y Productividad;2-feb-16;309.14;0.00;309.14;7.5.2 - Otros litigios con contrapartes distintas de clientes;7.5 - Contrapartes comerciales;7 - Ejecución, entrega y gestión de procesos;Personas
Unidad de Operaciones;14-abr-18;384.81;0.00;384.81;3.2.2 - Casos relacionados con normas higiene y seguridad de trabajo;3.2 - Higiene y seguridad en el trabajo;3 - Relaciones laborales y seguridad en el puesto de trabajo;Personas
Unidad de Cumplimiento;5-sept-16;248.23;62.41;185.82;7.6.1 - Subcontratación;7.6 - Distribuidores y proveedores;7 - Ejecución, entrega y gestión de procesos;Personas
Unidad de Administración y Recursos Humanos;3-mar-20;5.69;0.00;5.69;6.1.1 - Hardware;6.1 - Sistemas;6 - Incidencias en el negocio y fallos en los sistemas;Sistemas
Unidad de Finanzas y Contabilidad;26-dic-17;955.61;0.00;955.61;1.1.2 - Operaciones no autorizadas (con pérdidas pecuniarias);1.1 - Actividades no autorizadas;1 - Fraude interno;Personas
Unidad de Finanzas y Contabilidad;22-may-16;348.74;0.00;348.74;4.3.1 - Defectos del producto (no autorizado, etc.);4.3 - Productos defectuosos;4 - Clientes, productos y prácticas empresariales;Personas
Unidad de Negocios Corporativa;29-nov-19;285.50;0.00;285.50;7.2.2 - Inexactitud de informes externos (con generación de pérdidas);7.2 - Seguimiento y presentación de informes;7 - Ejecución, entrega y gestión de procesos;Personas
Unidad de Calidad y Productividad;25-nov-17;537.08;0.00;537.08;1.2.2 - Hurto / extorsión / malversación / robo;1.2 - Hurto y fraude;1 - Fraude interno;Personas
Unidad de Finanzas y Contabilidad;6-nov-19;254.99;0.00;254.99;7.1.4 - Ejecución errónea de modelos / sistemas;7.1 - Recepción, ejecución y mantenimiento de operaciones;7 - Ejecución, entrega y gestión de procesos;Personas
Unidad de Cumplimiento;25-ene-17;461.05;220.35;240.70;4.1.4 - Quebrantamiento de privacidad;4.1 - Adecuación, divulgación de información y confianza;4 - Clientes, productos y prácticas empresariales;Personas
Unidad de Cumplimiento;14-may-19;655.92;0.00;655.92;1.1.2 - Operaciones no autorizadas (con pérdidas pecuniarias);1.1 - Actividades no autorizadas;1 - Fraude interno;Personas
Unidad Legal;12-jul-17;191.13;0.00;191.13;7.1.5 - Error contable / atribución a entidades erróneas;7.1 - Recepción, ejecución y mantenimiento de operaciones;7 - Ejecución, entrega y gestión de procesos;Personas
Unidad de Administración y Recursos Humanos;17-ene-16;81.03;0.00;81.03;1.2.1 - Fraude / fraude crediticio/ depósitos sin valor;1.2 - Hurto y fraude;1 - Fraude interno;Personas
Unidad de Administración y Recursos Humanos;3-dic-19;172.26;0.00;172.26;4.1.1 - Abusos de confianza / incumplimiento de pautas;4.1 - Adecuación, divulgación de información y confianza;4 - Clientes, productos y prácticas empresariales;Personas
Unidad de Administración y Recursos Humanos;12-ago-17;145.95;0.00;145.95;7.4.1 - Acceso no autorizado a cuentas;7.4 - Gestión de cuentas de clientes;7 - Ejecución, entrega y gestión de procesos;Personas
Unidad de Finanzas y Contabilidad;24-abr-18;354.63;0.00;354.63;4.1.6 - Confusión de cuentas;4.1 - Adecuación, divulgación de información y confianza;4 - Clientes, productos y prácticas empresariales;Personas
Unidad de Operaciones;12-ago-18;1456.70;0.00;1456.70;7.1.3 - Incumplimiento de plazos o de responsabilidades;7.1 - Recepción, ejecución y mantenimiento de operaciones;7 - Ejecución, entrega y gestión de procesos;Personas
Unidad de Finanzas y Contabilidad;16-ago-15;62.65;0.00;62.65;4.2.3 - Manipulación del mercado;4.2 - Prácticas empresariales o de mercado improcedentes;4 - Clientes, productos y prácticas empresariales;Personas
Unidad Legal;27-dic-18;270.72;0.00;270.72;1.2.2 - Hurto / extorsión / malversación / robo;1.2 - Hurto y fraude;1 - Fraude interno;Personas
Unidad de Calidad y Productividad;11-dic-15;277.23;0.00;277.23;4.1.3 - Quebrantamiento de la privacidad de información sobre clientes minoristas;4.1 - Adecuación, divulgación de información y confianza;4 - Clientes, productos y prácticas empresariales;Personas
Unidad de Administración y Recursos Humanos;23-oct-18;202.60;0.00;202.60;7.1.5 - Error contable / atribución a entidades erróneas;7.1 - Recepción, ejecución y mantenimiento de operaciones;7 - Ejecución, entrega y gestión de procesos;Personas
Unidad de Operaciones  -Préstamos;1-may-17;194.06;0.00;194.06;1.1.2 - Operaciones no autorizadas (con pérdidas pecuniarias);1.1 - Actividades no autorizadas;1 - Fraude interno;Personas
Unidad de Tecnología;16-ene-16;353.33;0.00;353.33;4.3.1 - Defectos del producto (no autorizado, etc.);4.3 - Productos defectuosos;4 - Clientes, productos y prácticas empresariales;Personas
Unidad de Negocios Corporativa;4-jun-19;274.46;0.00;274.46;1.2.8 - Apropiación de cuentas, de identidad, etc.;1.2 - Hurto y fraude;1 - Fraude interno;Personas
Unidad de Calidad y Productividad;10-ago-18;1480.65;0.00;1480.65;6.1.2 - Software;6.1 - Sistemas;6 - Incidencias en el negocio y fallos en los sistemas;Sistemas
Unidad de Calidad y Productividad;1-sept-15;592.80;0.00;592.80;7.6.1 - Subcontratación;7.6 - Distribuidores y proveedores;7 - Ejecución, entrega y gestión de procesos;Personas
Unidad de Administración y Recursos Humanos;14-oct-18;124.55;0.00;124.55;3.2.2 - Casos relacionados con normas higiene y seguridad de trabajo;3.2 - Higiene y seguridad en el trabajo;3 - Relaciones laborales y seguridad en el puesto de trabajo;Personas
Unidad de Negocios Costa Rica;3-feb-19;447.79;0.00;447.79;2.2.1 - Daños por ataques informáticos;2.2 - Seguridad de los sistemas;2 - Fraude externo;Eventos externos
Unidad de Auditoría Interna;11-may-19;286.00;0.00;286.00;7.2.2 - Inexactitud de informes externos (con generación de pérdidas);7.2 - Seguimiento y presentación de informes;7 - Ejecución, entrega y gestión de procesos;Personas
Unidad de Riesgos;26-dic-19;489.36;0.00;489.36;4.2.1 - Prácticas restrictivas de la competencia;4.2 - Prácticas empresariales o de mercado improcedentes;4 - Clientes, productos y prácticas empresariales;Personas
Unidad de Operaciones;26-jun-18;2800.00;0.00;2800.00;1.2.4 - Destrucción dolosa de activos;1.2 - Hurto y fraude;1 - Fraude interno;Personas
Unidad de Calidad y Productividad;23-ene-17;474.89;0.00;474.89;1.1.2 - Operaciones no autorizadas (con pérdidas pecuniarias);1.1 - Actividades no autorizadas;1 - Fraude interno;Personas
Unidad de Negocios Guatemala;20-ene-16;214.26;0.00;214.26;1.1.2 - Operaciones no autorizadas (con pérdidas pecuniarias);1.1 - Actividades no autorizadas;1 - Fraude interno;Personas
Unidad de Operaciones  -Préstamos;8-ene-16;627.14;0.00;627.14;7.6.1 - Subcontratación;7.6 - Distribuidores y proveedores;7 - Ejecución, entrega y gestión de procesos;Personas
Unidad de Auditoría Interna;18-jul-16;144.07;0.00;144.07;7.2.1 - Incumplimiento de la obligación de informar;7.2 - Seguimiento y presentación de informes;7 - Ejecución, entrega y gestión de procesos;Personas
Unidad de Finanzas y Contabilidad;23-ene-18;113.79;0.00;113.79;7.1.4 - Ejecución errónea de modelos / sistemas;7.1 - Recepción, ejecución y mantenimiento de operaciones;7 - Ejecución, entrega y gestión de procesos;Personas
Unidad de Finanzas y Contabilidad;18-jun-18;84.81;0.00;84.81;1.2.1 - Fraude / fraude crediticio/ depósitos sin valor;1.2 - Hurto y fraude;1 - Fraude interno;Personas
Unidad de Negocios Panamá;17-nov-15;212.81;0.00;212.81;3.2.2 - Casos relacionados con normas higiene y seguridad de trabajo;3.2 - Higiene y seguridad en el trabajo;3 - Relaciones laborales y seguridad en el puesto de trabajo;Personas
Unidad de Negocios Nicaragua;11-ago-19;441.18;0.00;441.18;7.6.2 - Litigios con distribuidores;7.6 - Distribuidores y proveedores;7 - Ejecución, entrega y gestión de procesos;Personas
Unidad de Operaciones  -Préstamos;2-dic-15;134.90;0.00;134.90;1.2.6 - Utilización de cheques sin fondos;1.2 - Hurto y fraude;1 - Fraude interno;Personas
Unidad de Calidad y Productividad;23-nov-16;343.95;103.12;240.83;1.1.1 - Operaciones no reveladas (intencionalmente);1.1 - Actividades no autorizadas;1 - Fraude interno;Personas
Unidad de Operaciones  -Préstamos;27-ene-17;806.46;0.00;806.46;7.1.4 - Ejecución errónea de modelos / sistemas;7.1 - Recepción, ejecución y mantenimiento de operaciones;7 - Ejecución, entrega y gestión de procesos;Personas
Unidad de Negocios El Salvador;28-may-19;373.02;0.00;373.02;7.5.2 - Otros litigios con contrapartes distintas de clientes;7.5 - Contrapartes comerciales;7 - Ejecución, entrega y gestión de procesos;Personas
Unidad de Calidad y Productividad;29-dic-17;88.44;0.00;88.44;7.1.7 - Fallo en la entrega;7.1 - Recepción, ejecución y mantenimiento de operaciones;7 - Ejecución, entrega y gestión de procesos;Personas
Unidad de Finanzas y Contabilidad;20-feb-20;363.01;0.00;363.01;5.1.1 - Pérdidas por desastres naturales;5.1 - Desastres y otros acontecimientos;5 - Daños a activos materiales;Personas
Unidad de Administración y Recursos Humanos;28-nov-16;81.72;0.00;81.72;4.2.1 - Prácticas restrictivas de la competencia;4.2 - Prácticas empresariales o de mercado improcedentes;4 - Clientes, productos y prácticas empresariales;Personas
Unidad de Auditoría Interna;17-may-15;117.58;0.00;117.58;7.1.5 - Error contable / atribución a entidades erróneas;7.1 - Recepción, ejecución y mantenimiento de operaciones;7 - Ejecución, entrega y gestión de procesos;Personas
Unidad de Finanzas y Contabilidad;25-dic-16;668.55;0.00;668.55;1.2.1 - Fraude / fraude crediticio/ depósitos sin valor;1.2 - Hurto y fraude;1 - Fraude interno;Personas
Unidad de Proyectos;29-sept-15;680.87;0.00;680.87;7.3.1 - Inexistencia de autorizaciones / rechazos de clientes;7.3 - Aceptación de  clientes y documentación;7 - Ejecución, entrega y gestión de procesos;Personas
Unidad de Proyectos;11-jul-18;141.67;0.00;141.67;4.2.5 - Blanqueo de dinero;4.2 - Prácticas empresariales o de mercado improcedentes;4 - Clientes, productos y prácticas empresariales;Personas
Unidad de Calidad y Productividad;30-jul-16;21.63;0.00;21.63;1.2.2 - Hurto / extorsión / malversación / robo;1.2 - Hurto y fraude;1 - Fraude interno;Personas
Unidad de Riesgos;28-ago-16;374.41;0.00;374.41;4.1.7 - Abuso de información confidencial;4.1 - Adecuación, divulgación de información y confianza;4 - Clientes, productos y prácticas empresariales;Personas
Unidad de Tecnología;9-mar-18;815.26;0.00;815.26;1.2.1 - Fraude / fraude crediticio/ depósitos sin valor;1.2 - Hurto y fraude;1 - Fraude interno;Personas
Unidad de Administración y Recursos Humanos;21-abr-17;106.00;0.00;106.00;2.1.1 - Hurto/ robo;2.1 - Hurto y fraude;2 - Fraude externo;Eventos externos
Unidad de Negocios El Salvador;10-jul-16;40.00;0.00;40.00;6.1.2 - Software;6.1 - Sistemas;6 - Incidencias en el negocio y fallos en los sistemas;Sistemas
Unidad de Cumplimiento;13-may-15;650.00;551.73;98.27;6.1.3 - Telecomunicaciones;6.1 - Sistemas;6 - Incidencias en el negocio y fallos en los sistemas;Sistemas
Unidad de Administración y Recursos Humanos;1-may-19;204.71;0.00;204.71;1.2.8 - Apropiación de cuentas, de identidad, etc.;1.2 - Hurto y fraude;1 - Fraude interno;Personas
Unidad de Negocios El Salvador;9-dic-15;1278.59;0.00;1278.59;1.2.7 - Contrabando;1.2 - Hurto y fraude;1 - Fraude interno;Personas
Unidad de Negocios Nicaragua;12-mar-15;541.26;0.00;541.26;4.4.2 - Superación de los límites de riesgo frente a clientes;4.4 - Selección, patrocinio y riesgos;4 - Clientes, productos y prácticas empresariales;Personas
Unidad de Administración y Recursos Humanos;6-may-16;123.00;0.00;123.00;6.1.4 - Interrupción / incidencias en el suministro;6.1 - Sistemas;6 - Incidencias en el negocio y fallos en los sistemas;Sistemas
Unidad Legal;22-mar-19;487.35;0.00;487.35;1.2.5 - Falsificación;1.2 - Hurto y fraude;1 - Fraude interno;Personas
Unidad de Cumplimiento;14-jun-15;294.23;0.00;294.23;5.1.2 - Pérdidas humanas por causas externas (terrorismo, vandalismo);5.1 - Desastres y otros acontecimientos;5 - Daños a activos materiales;Personas
Unidad de Operaciones;14-nov-17;95.77;0.00;95.77;3.2.3 - Indemnización a los trabajadores;3.2 - Higiene y seguridad en el trabajo;3 - Relaciones laborales y seguridad en el puesto de trabajo;Personas
Unidad de Negocios Corporativa;20-sept-17;115.60;0.00;115.60;4.2.4 - Actividades no autorizadas;4.2 - Prácticas empresariales o de mercado improcedentes;4 - Clientes, productos y prácticas empresariales;Personas
Unidad de Negocios Guatemala;21-mar-17;141.00;0.00;141.00;4.1.5 - Ventas agresivas;4.1 - Adecuación, divulgación de información y confianza;4 - Clientes, productos y prácticas empresariales;Personas
Unidad de Administración y Recursos Humanos;19-jul-16;1476.39;0.00;1476.39;7.4.2 - Registros incorrectos de clientes (con generación de pérdidas);7.4 - Gestión de cuentas de clientes;7 - Ejecución, entrega y gestión de procesos;Personas
Unidad de Finanzas y Contabilidad;24-mar-19;618.81;0.00;618.81;7.3.2 - Documentos jurídicos inexistentes / incompletos;7.3 - Aceptación de  clientes y documentación;7 - Ejecución, entrega y gestión de procesos;Personas
Unidad de Negocios Panamá;6-ago-19;40.79;0.00;40.79;1.2.8 - Apropiación de cuentas, de identidad, etc.;1.2 - Hurto y fraude;1 - Fraude interno;Personas
Unidad de Finanzas y Contabilidad;13-abr-16;370.56;0.00;370.56;7.1.3 - Incumplimiento de plazos o de responsabilidades;7.1 - Recepción, ejecución y mantenimiento de operaciones;7 - Ejecución, entrega y gestión de procesos;Personas
Unidad de Cumplimiento;10-nov-15;80.00;0.00;80.00;6.1.3 - Telecomunicaciones;6.1 - Sistemas;6 - Incidencias en el negocio y fallos en los sistemas;Sistemas
Unidad de Cumplimiento;15-ene-17;755.56;0.00;755.56;3.2.2 - Casos relacionados con normas higiene y seguridad de trabajo;3.2 - Higiene y seguridad en el trabajo;3 - Relaciones laborales y seguridad en el puesto de trabajo;Personas
Unidad de Cumplimiento;8-abr-17;498.69;0.00;498.69;4.2.3 - Manipulación del mercado;4.2 - Prácticas empresariales o de mercado improcedentes;4 - Clientes, productos y prácticas empresariales;Personas
Unidad de Administración y Recursos Humanos;7-feb-18;239.16;0.00;239.16;1.2.5 - Falsificación;1.2 - Hurto y fraude;1 - Fraude interno;Personas
Unidad de Operaciones;18-feb-20;35.50;0.00;35.50;7.3.2 - Documentos jurídicos inexistentes / incompletos;7.3 - Aceptación de  clientes y documentación;7 - Ejecución, entrega y gestión de procesos;Personas
Unidad de Negocios Guatemala;23-may-17;97.60;0.00;97.60;1.2.8 - Apropiación de cuentas, de identidad, etc.;1.2 - Hurto y fraude;1 - Fraude interno;Personas
Unidad de Negocios Costa Rica;14-nov-19;358.27;51.84;306.43;2.2.2 - Robo de información (con pérdidas pecuniarias);2.2 - Seguridad de los sistemas;2 - Fraude externo;Eventos externos
Unidad de Administración y Recursos Humanos;18-jul-18;690.78;0.00;690.78;3.1.1 - Cuestiones relativas a remuneración, prestaciones sociales, extinción de contratos;3.1 - Relaciones laborales;3 - Relaciones laborales y seguridad en el puesto de trabajo;Personas
Unidad de Finanzas y Contabilidad;14-feb-19;207.75;0.00;207.75;7.1.8 - Fallo en la gestión del colateral;7.1 - Recepción, ejecución y mantenimiento de operaciones;7 - Ejecución, entrega y gestión de procesos;Personas
Unidad de Negocios Nicaragua;25-may-16;395.00;0.00;395.00;1.2.9 - Incumplimiento / evasión de impuestos (intencional);1.2 - Hurto y fraude;1 - Fraude interno;Personas
Unidad de Negocios Nicaragua;30-mar-16;167.00;0.00;167.00;4.3.2 - Error de los modelos;4.3 - Productos defectuosos;4 - Clientes, productos y prácticas empresariales;Personas
Unidad de Operaciones  -Préstamos;29-sept-16;438.11;0.00;438.11;1.2.6 - Utilización de cheques sin fondos;1.2 - Hurto y fraude;1 - Fraude interno;Personas
Unidad de Calidad y Productividad;9-ago-19;229.68;0.00;229.68;2.1.2 - Falsificación;2.1 - Hurto y fraude;2 - Fraude externo;Eventos externos
Unidad de Operaciones  -Préstamos;14-may-16;697.27;0.00;697.27;2.2.1 - Daños por ataques informáticos;2.2 - Seguridad de los sistemas;2 - Fraude externo;Eventos externos
Unidad de Proyectos;28-may-19;260.21;0.00;260.21;7.1.4 - Ejecución errónea de modelos / sistemas;7.1 - Recepción, ejecución y mantenimiento de operaciones;7 - Ejecución, entrega y gestión de procesos;Personas
Unidad de Proyectos;8-ene-19;193.29;0.00;193.29;1.2.8 - Apropiación de cuentas, de identidad, etc.;1.2 - Hurto y fraude;1 - Fraude interno;Personas
Unidad de Auditoría Interna;12-feb-18;466.22;0.00;466.22;1.2.3 - Valoración errónea de posiciones (intencional);1.1 - Actividades no autorizadas;1 - Fraude interno;Personas
Unidad de Administración y Recursos Humanos;1-jul-15;1144.24;0.00;1144.24;2.2.2 - Robo de información (con pérdidas pecuniarias);2.2 - Seguridad de los sistemas;2 - Fraude externo;Eventos externos
Unidad de Riesgos;17-oct-15;257.59;0.00;257.59;7.4.3 - Pérdida o daño de activos de clientes por negligencia;7.4 - Gestión de cuentas de clientes;7 - Ejecución, entrega y gestión de procesos;Personas
Unidad de Finanzas y Contabilidad;27-ago-19;347.00;0.00;347.00;6.1.3 - Telecomunicaciones;6.1 - Sistemas;6 - Incidencias en el negocio y fallos en los sistemas;Sistemas
Unidad de Finanzas y Contabilidad;26-may-17;119.00;0.00;119.00;7.1.3 - Incumplimiento de plazos o de responsabilidades;7.1 - Recepción, ejecución y mantenimiento de operaciones;7 - Ejecución, entrega y gestión de procesos;Personas
Unidad de Proyectos;29-abr-16;320.68;0.00;320.68;7.4.3 - Pérdida o daño de activos de clientes por negligencia;7.4 - Gestión de cuentas de clientes;7 - Ejecución, entrega y gestión de procesos;Personas
Unidad de Tecnología;22-may-19;418.34;0.00;418.34;7.1.3 - Incumplimiento de plazos o de responsabilidades;7.1 - Recepción, ejecución y mantenimiento de operaciones;7 - Ejecución, entrega y gestión de procesos;Personas
Unidad de Operaciones;29-oct-19;119.74;0.00;119.74;2.1.2 - Falsificación;2.1 - Hurto y fraude;2 - Fraude externo;Eventos externos
Unidad de Calidad y Productividad;29-abr-15;50.62;0.00;50.62;4.5.1 - Litigios sobre resultados de las actividades de asesoramiento;4.5 - Actividades de asesoramiento;4 - Clientes, productos y prácticas empresariales;Personas
Unidad de Negocios Guatemala;17-sept-16;174.83;0.00;174.83;3.2.3 - Indemnización a los trabajadores;3.2 - Higiene y seguridad en el trabajo;3 - Relaciones laborales y seguridad en el puesto de trabajo;Personas
Unidad de Finanzas y Contabilidad;8-sept-16;221.46;0.00;221.46;7.1.6 - Errores en otras tareas;7.1 - Recepción, ejecución y mantenimiento de operaciones;7 - Ejecución, entrega y gestión de procesos;Personas
Unidad de Calidad y Productividad;23-sept-18;74.71;0.00;74.71;7.6.2 - Litigios con distribuidores;7.6 - Distribuidores y proveedores;7 - Ejecución, entrega y gestión de procesos;Personas
Unidad de Negocios El Salvador;19-jul-19;91.58;0.00;91.58;3.1.1 - Cuestiones relativas a remuneración, prestaciones sociales, extinción de contratos;3.1 - Relaciones laborales;3 - Relaciones laborales y seguridad en el puesto de trabajo;Personas
Unidad de Calidad y Productividad;3-abr-16;356.96;51.61;305.35;3.1.1 - Cuestiones relativas a remuneración, prestaciones sociales, extinción de contratos;3.1 - Relaciones laborales;3 - Relaciones laborales y seguridad en el puesto de trabajo;Personas
Unidad de Negocios Nicaragua;29-ene-20;931.39;0.00;931.39;1.2.5 - Falsificación;1.2 - Hurto y fraude;1 - Fraude interno;Personas
Unidad de Finanzas y Contabilidad;19-oct-15;72.74;72.74;0.00;1.2.5 - Falsificación;1.2 - Hurto y fraude;1 - Fraude interno;Personas
Unidad de Finanzas y Contabilidad;23-may-19;514.29;100.61;413.68;7.1.1 - Comunicación defectuosa;7.1 - Recepción, ejecución y mantenimiento de operaciones;7 - Ejecución, entrega y gestión de procesos;Personas
Unidad de Finanzas y Contabilidad;6-abr-16;8.11;0.00;8.11;4.2.2 - Prácticas comerciales / de mercado improcedentes;4.2 - Prácticas empresariales o de mercado improcedentes;4 - Clientes, productos y prácticas empresariales;Personas
Unidad de Operaciones  -Préstamos;19-sept-15;533.00;0.00;533.00;2.1.1 - Hurto/ robo;2.1 - Hurto y fraude;2 - Fraude externo;Eventos externos
Unidad de Negocios Nicaragua;22-ago-17;161.12;0.00;161.12;2.1.3 - Utilización de cheques sin fondos;2.1 - Hurto y fraude;2 - Fraude externo;Eventos externos
Unidad Legal;4-nov-16;122.21;14.52;107.69;4.4.1 - Ausencia de investigación a clientes conforme a las directrices;4.4 - Selección, patrocinio y riesgos;4 - Clientes, productos y prácticas empresariales;Personas
Unidad de Negocios Panamá;18-jun-19;1330.47;0.00;1330.47;1.2.3 - Valoración errónea de posiciones (intencional);1.1 - Actividades no autorizadas;1 - Fraude interno;Personas
Unidad de Operaciones;2-jun-15;249.15;0.00;249.15;5.1.2 - Pérdidas humanas por causas externas (terrorismo, vandalismo);5.1 - Desastres y otros acontecimientos;5 - Daños a activos materiales;Personas
Unidad de Operaciones  -Préstamos;28-ago-15;171.54;0.00;171.54;7.2.2 - Inexactitud de informes externos (con generación de pérdidas);7.2 - Seguimiento y presentación de informes;7 - Ejecución, entrega y gestión de procesos;Personas
Unidad de Finanzas y Contabilidad;15-abr-16;126.67;0.00;126.67;7.1.7 - Fallo en la entrega;7.1 - Recepción, ejecución y mantenimiento de operaciones;7 - Ejecución, entrega y gestión de procesos;Personas
Unidad de Cumplimiento;27-jun-19;577.85;176.87;400.98;4.4.1 - Ausencia de investigación a clientes conforme a las directrices;4.4 - Selección, patrocinio y riesgos;4 - Clientes, productos y prácticas empresariales;Personas
Unidad de Negocios Costa Rica;17-feb-19;613.58;0.00;613.58;1.2.5 - Falsificación;1.2 - Hurto y fraude;1 - Fraude interno;Personas
Unidad de Administración y Recursos Humanos;19-jul-17;104.02;0.00;104.02;7.1.8 - Fallo en la gestión del colateral;7.1 - Recepción, ejecución y mantenimiento de operaciones;7 - Ejecución, entrega y gestión de procesos;Personas
Unidad de Cumplimiento;18-may-19;352.31;0.00;352.31;3.1.1 - Cuestiones relativas a remuneración, prestaciones sociales, extinción de contratos;3.1 - Relaciones laborales;3 - Relaciones laborales y seguridad en el puesto de trabajo;Personas
Unidad de Finanzas y Contabilidad;16-feb-16;198.95;115.51;83.44;4.2.4 - Actividades no autorizadas;4.2 - Prácticas empresariales o de mercado improcedentes;4 - Clientes, productos y prácticas empresariales;Personas
Unidad de Negocios Corporativa;31-ago-19;177.59;177.59;0.00;7.6.1 - Subcontratación;7.6 - Distribuidores y proveedores;7 - Ejecución, entrega y gestión de procesos;Personas
Unidad de Finanzas y Contabilidad;13-sept-19;736.48;0.00;736.48;4.1.7 - Abuso de información confidencial;4.1 - Adecuación, divulgación de información y confianza;4 - Clientes, productos y prácticas empresariales;Personas
Unidad de Finanzas y Contabilidad;4-jun-16;281.85;0.00;281.85;1.2.7 - Contrabando;1.2 - Hurto y fraude;1 - Fraude interno;Personas
Unidad de Finanzas y Contabilidad;19-oct-17;75.96;0.00;75.96;1.1.2 - Operaciones no autorizadas (con pérdidas pecuniarias);1.1 - Actividades no autorizadas;1 - Fraude interno;Personas
Unidad de Operaciones;10-abr-15;452.75;0.00;452.75;1.2.1 - Fraude / fraude crediticio/ depósitos sin valor;1.2 - Hurto y fraude;1 - Fraude interno;Personas
Unidad de Cumplimiento;16-mar-16;191.17;0.00;191.17;7.6.2 - Litigios con distribuidores;7.6 - Distribuidores y proveedores;7 - Ejecución, entrega y gestión de procesos;Personas
Unidad de Administración y Recursos Humanos;6-ene-16;161.82;0.00;161.82;4.1.3 - Quebrantamiento de la privacidad de información sobre clientes minoristas;4.1 - Adecuación, divulgación de información y confianza;4 - Clientes, productos y prácticas empresariales;Personas
Unidad de Finanzas y Contabilidad;17-jul-18;69.46;0.00;69.46;1.2.6 - Utilización de cheques sin fondos;1.2 - Hurto y fraude;1 - Fraude interno;Personas
Unidad de Riesgos;12-oct-19;289.42;0.00;289.42;3.3.1 - Todo tipo de discriminación;3.3 - Diversidad y discriminación;3 - Relaciones laborales y seguridad en el puesto de trabajo;Personas
Unidad de Operaciones;27-jul-17;454.15;0.00;454.15;4.2.1 - Prácticas restrictivas de la competencia;4.2 - Prácticas empresariales o de mercado improcedentes;4 - Clientes, productos y prácticas empresariales;Personas
Unidad de Negocios Corporativa;13-ago-18;793.10;0.00;793.10;4.2.3 - Manipulación del mercado;4.2 - Prácticas empresariales o de mercado improcedentes;4 - Clientes, productos y prácticas empresariales;Personas
Unidad de Calidad y Productividad;16-feb-18;273.47;0.00;273.47;1.2.9 - Incumplimiento / evasión de impuestos (intencional);1.2 - Hurto y fraude;1 - Fraude interno;Personas
Unidad de Finanzas y Contabilidad;20-may-17;950.17;0.00;950.17;4.1.3 - Quebrantamiento de la privacidad de información sobre clientes minoristas;4.1 - Adecuación, divulgación de información y confianza;4 - Clientes, productos y prácticas empresariales;Personas
Unidad de Negocios Nicaragua;3-jun-16;1710.00;0.00;1710.00;3.2.3 - Indemnización a los trabajadores;3.2 - Higiene y seguridad en el trabajo;3 - Relaciones laborales y seguridad en el puesto de trabajo;Personas
Unidad Legal;28-sept-19;170.26;0.00;170.26;2.1.1 - Hurto/ robo;2.1 - Hurto y fraude;2 - Fraude externo;Eventos externos
Unidad de Administración y Recursos Humanos;25-may-15;89.73;0.00;89.73;1.2.5 - Falsificación;1.2 - Hurto y fraude;1 - Fraude interno;Personas
Unidad de Finanzas y Contabilidad;5-dic-18;242.52;0.00;242.52;7.4.2 - Registros incorrectos de clientes (con generación de pérdidas);7.4 - Gestión de cuentas de clientes;7 - Ejecución, entrega y gestión de procesos;Personas
Unidad de Auditoría Interna;13-abr-17;543.63;0.00;543.63;4.1.7 - Abuso de información confidencial;4.1 - Adecuación, divulgación de información y confianza;4 - Clientes, productos y prácticas empresariales;Personas
Unidad de Riesgos;6-dic-16;176.86;0.00;176.86;4.1.2 - Aspectos de adecuación/divulgación información;4.1 - Adecuación, divulgación de información y confianza;4 - Clientes, productos y prácticas empresariales;Personas
Unidad de Negocios El Salvador;29-feb-16;347.46;0.00;347.46;7.6.2 - Litigios con distribuidores;7.6 - Distribuidores y proveedores;7 - Ejecución, entrega y gestión de procesos;Personas
Unidad de Auditoría Interna;6-ago-17;159.31;0.00;159.31;7.1.9 - Mantenimiento de datos de referencia;7.1 - Recepción, ejecución y mantenimiento de operaciones;7 - Ejecución, entrega y gestión de procesos;Personas
Unidad de Negocios Guatemala;12-abr-18;75.82;0.00;75.82;7.1.5 - Error contable / atribución a entidades erróneas;7.1 - Recepción, ejecución y mantenimiento de operaciones;7 - Ejecución, entrega y gestión de procesos;Personas
Unidad de Operaciones;15-nov-15;824.25;0.00;824.25;7.6.2 - Litigios con distribuidores;7.6 - Distribuidores y proveedores;7 - Ejecución, entrega y gestión de procesos;Personas
Unidad de Negocios Panamá;31-may-16;114.95;0.00;114.95;4.3.2 - Error de los modelos;4.3 - Productos defectuosos;4 - Clientes, productos y prácticas empresariales;Personas
Unidad de Operaciones  -Préstamos;13-oct-18;110.82;0.00;110.82;2.1.3 - Utilización de cheques sin fondos;2.1 - Hurto y fraude;2 - Fraude externo;Eventos externos
Unidad Legal;14-feb-16;236.03;0.00;236.03;2.1.2 - Falsificación;2.1 - Hurto y fraude;2 - Fraude externo;Eventos externos
Unidad de Proyectos;14-jun-17;748.00;0.00;748.00;1.1.1 - Operaciones no reveladas (intencionalmente);1.1 - Actividades no autorizadas;1 - Fraude interno;Personas
Unidad de Negocios Costa Rica;20-nov-15;94.60;0.00;94.60;4.1.2 - Aspectos de adecuación/divulgación información;4.1 - Adecuación, divulgación de información y confianza;4 - Clientes, productos y prácticas empresariales;Personas
Unidad de Tecnología;23-may-15;204.00;0.00;204.00;6.1.2 - Software;6.1 - Sistemas;6 - Incidencias en el negocio y fallos en los sistemas;Sistemas
Unidad de Finanzas y Contabilidad;13-ago-15;102.75;0.00;102.75;7.1.9 - Mantenimiento de datos de referencia;7.1 - Recepción, ejecución y mantenimiento de operaciones;7 - Ejecución, entrega y gestión de procesos;Personas
Unidad de Finanzas y Contabilidad;2-oct-16;450.96;0.00;450.96;4.2.5 - Blanqueo de dinero;4.2 - Prácticas empresariales o de mercado improcedentes;4 - Clientes, productos y prácticas empresariales;Personas
Unidad de Riesgos;28-ene-19;276.23;54.07;222.16;1.2.3 - Valoración errónea de posiciones (intencional);1.1 - Actividades no autorizadas;1 - Fraude interno;Personas
Unidad de Negocios El Salvador;15-dic-15;237.59;0.00;237.59;2.2.2 - Robo de información (con pérdidas pecuniarias);2.2 - Seguridad de los sistemas;2 - Fraude externo;Eventos externos
Unidad de Calidad y Productividad;9-nov-17;168.04;0.00;168.04;7.1.8 - Fallo en la gestión del colateral;7.1 - Recepción, ejecución y mantenimiento de operaciones;7 - Ejecución, entrega y gestión de procesos;Personas
Unidad de Negocios El Salvador;17-mar-15;204.79;0.00;204.79;7.1.8 - Fallo en la gestión del colateral;7.1 - Recepción, ejecución y mantenimiento de operaciones;7 - Ejecución, entrega y gestión de procesos;Personas
Unidad de Administración y Recursos Humanos;28-may-15;75.00;0.00;75.00;6.1.2 - Software;6.1 - Sistemas;6 - Incidencias en el negocio y fallos en los sistemas;Sistemas
Unidad de Operaciones;23-jun-17;88.54;0.00;88.54;3.1.2 - Organización laboral;3.1 - Relaciones laborales;3 - Relaciones laborales y seguridad en el puesto de trabajo;Personas
Unidad de Calidad y Productividad;17-mar-17;165.03;0.00;165.03;7.6.1 - Subcontratación;7.6 - Distribuidores y proveedores;7 - Ejecución, entrega y gestión de procesos;Personas
Unidad de Operaciones  -Préstamos;12-mar-16;110.00;0.00;110.00;4.3.1 - Defectos del producto (no autorizado, etc.);4.3 - Productos defectuosos;4 - Clientes, productos y prácticas empresariales;Personas
Unidad de Finanzas y Contabilidad;3-ago-18;740.58;0.00;740.58;1.2.3 - Valoración errónea de posiciones (intencional);1.1 - Actividades no autorizadas;1 - Fraude interno;Personas
Unidad de Operaciones;3-sept-16;36.00;0.00;36.00;6.1.3 - Telecomunicaciones;6.1 - Sistemas;6 - Incidencias en el negocio y fallos en los sistemas;Sistemas
Unidad de Cumplimiento;12-jul-19;211.42;0.00;211.42;7.1.9 - Mantenimiento de datos de referencia;7.1 - Recepción, ejecución y mantenimiento de operaciones;7 - Ejecución, entrega y gestión de procesos;Personas
Unidad de Cumplimiento;30-may-18;1400.00;0.00;1400.00;1.1.1 - Operaciones no reveladas (intencionalmente);1.1 - Actividades no autorizadas;1 - Fraude interno;Personas
Unidad Legal;20-ene-17;392.93;0.00;392.93;5.1.2 - Pérdidas humanas por causas externas (terrorismo, vandalismo);5.1 - Desastres y otros acontecimientos;5 - Daños a activos materiales;Personas
Unidad de Negocios Nicaragua;2-oct-17;330.54;0.00;330.54;4.1.2 - Aspectos de adecuación/divulgación información;4.1 - Adecuación, divulgación de información y confianza;4 - Clientes, productos y prácticas empresariales;Personas
Unidad de Operaciones  -Préstamos;3-jun-15;271.71;0.00;271.71;7.2.1 - Incumplimiento de la obligación de informar;7.2 - Seguimiento y presentación de informes;7 - Ejecución, entrega y gestión de procesos;Personas
Unidad de Operaciones  -Préstamos;10-may-16;154.78;0.00;154.78;4.1.2 - Aspectos de adecuación/divulgación información;4.1 - Adecuación, divulgación de información y confianza;4 - Clientes, productos y prácticas empresariales;Personas
Unidad de Proyectos;6-dic-15;120.40;0.00;120.40;7.2.2 - Inexactitud de informes externos (con generación de pérdidas);7.2 - Seguimiento y presentación de informes;7 - Ejecución, entrega y gestión de procesos;Personas
Unidad de Tecnología;13-jun-15;446.03;0.00;446.03;7.2.2 - Inexactitud de informes externos (con generación de pérdidas);7.2 - Seguimiento y presentación de informes;7 - Ejecución, entrega y gestión de procesos;Personas
Unidad de Administración y Recursos Humanos;12-abr-15;844.04;0.00;844.04;2.2.1 - Daños por ataques informáticos;2.2 - Seguridad de los sistemas;2 - Fraude externo;Eventos externos
Unidad de Operaciones;4-sept-17;409.52;0.00;409.52;7.5.2 - Otros litigios con contrapartes distintas de clientes;7.5 - Contrapartes comerciales;7 - Ejecución, entrega y gestión de procesos;Personas
Unidad de Calidad y Productividad;1-ago-18;411.09;0.00;411.09;2.1.2 - Falsificación;2.1 - Hurto y fraude;2 - Fraude externo;Eventos externos
Unidad de Finanzas y Contabilidad;29-abr-15;427.42;0.00;427.42;4.1.5 - Ventas agresivas;4.1 - Adecuación, divulgación de información y confianza;4 - Clientes, productos y prácticas empresariales;Personas
Unidad Legal;28-feb-20;504.51;0.00;504.51;7.4.2 - Registros incorrectos de clientes (con generación de pérdidas);7.4 - Gestión de cuentas de clientes;7 - Ejecución, entrega y gestión de procesos;Personas
Unidad de Calidad y Productividad;19-abr-15;561.56;0.00;561.56;7.2.1 - Incumplimiento de la obligación de informar;7.2 - Seguimiento y presentación de informes;7 - Ejecución, entrega y gestión de procesos;Personas
Unidad de Cumplimiento;28-nov-15;185.97;0.00;185.97;7.1.5 - Error contable / atribución a entidades erróneas;7.1 - Recepción, ejecución y mantenimiento de operaciones;7 - Ejecución, entrega y gestión de procesos;Personas
Unidad Legal;14-dic-18;942.72;0.00;942.72;7.3.2 - Documentos jurídicos inexistentes / incompletos;7.3 - Aceptación de  clientes y documentación;7 - Ejecución, entrega y gestión de procesos;Personas
Unidad de Negocios Corporativa;9-nov-15;221.13;0.00;221.13;1.2.1 - Fraude / fraude crediticio/ depósitos sin valor;1.2 - Hurto y fraude;1 - Fraude interno;Personas
Unidad de Cumplimiento;14-may-19;105.38;0.00;105.38;4.1.1 - Abusos de confianza / incumplimiento de pautas;4.1 - Adecuación, divulgación de información y confianza;4 - Clientes, productos y prácticas empresariales;Personas
Unidad de Negocios Corporativa;3-jul-15;495.01;0.00;495.01;1.2.5 - Falsificación;1.2 - Hurto y fraude;1 - Fraude interno;Personas
Unidad de Negocios Guatemala;9-jul-16;264.57;0.00;264.57;4.3.1 - Defectos del producto (no autorizado, etc.);4.3 - Productos defectuosos;4 - Clientes, productos y prácticas empresariales;Personas
Unidad de Administración y Recursos Humanos;30-abr-15;156.70;76.33;80.37;7.6.2 - Litigios con distribuidores;7.6 - Distribuidores y proveedores;7 - Ejecución, entrega y gestión de procesos;Personas
Unidad de Cumplimiento;23-jun-15;244.11;0.00;244.11;7.1.2 - Errores de introducción de datos, mantenimiento o descarga;7.1 - Recepción, ejecución y mantenimiento de operaciones;7 - Ejecución, entrega y gestión de procesos;Personas
Unidad de Finanzas y Contabilidad;16-jul-19;139.00;0.00;139.00;1.2.1 - Fraude / fraude crediticio/ depósitos sin valor;1.2 - Hurto y fraude;1 - Fraude interno;Personas
Unidad de Finanzas y Contabilidad;24-ene-18;220.30;0.00;220.30;2.2.2 - Robo de información (con pérdidas pecuniarias);2.2 - Seguridad de los sistemas;2 - Fraude externo;Eventos externos
Unidad de Finanzas y Contabilidad;3-ene-19;142.87;0.00;142.87;7.3.1 - Inexistencia de autorizaciones / rechazos de clientes;7.3 - Aceptación de  clientes y documentación;7 - Ejecución, entrega y gestión de procesos;Personas
Unidad de Finanzas y Contabilidad;15-dic-15;180.20;0.00;180.20;1.2.4 - Destrucción dolosa de activos;1.2 - Hurto y fraude;1 - Fraude interno;Personas
Unidad de Finanzas y Contabilidad;18-oct-18;15.00;0.00;15.00;6.1.2 - Software;6.1 - Sistemas;6 - Incidencias en el negocio y fallos en los sistemas;Sistemas
Unidad de Finanzas y Contabilidad;28-mar-19;163.07;0.00;163.07;1.1.1 - Operaciones no reveladas (intencionalmente);1.1 - Actividades no autorizadas;1 - Fraude interno;Personas
Unidad de Cumplimiento;25-jun-18;98.25;0.00;98.25;1.2.2 - Hurto / extorsión / malversación / robo;1.2 - Hurto y fraude;1 - Fraude interno;Personas
Unidad de Administración y Recursos Humanos;20-abr-19;168.27;0.00;168.27;4.4.2 - Superación de los límites de riesgo frente a clientes;4.4 - Selección, patrocinio y riesgos;4 - Clientes, productos y prácticas empresariales;Personas
Unidad de Tecnología;11-oct-19;406.75;0.00;406.75;7.1.3 - Incumplimiento de plazos o de responsabilidades;7.1 - Recepción, ejecución y mantenimiento de operaciones;7 - Ejecución, entrega y gestión de procesos;Personas
Unidad de Riesgos;25-dic-15;394.09;0.00;394.09;7.1.2 - Errores de introducción de datos, mantenimiento o descarga;7.1 - Recepción, ejecución y mantenimiento de operaciones;7 - Ejecución, entrega y gestión de procesos;Personas
Unidad de Negocios Corporativa;11-nov-17;96.43;0.00;96.43;1.2.4 - Destrucción dolosa de activos;1.2 - Hurto y fraude;1 - Fraude interno;Personas
Unidad de Operaciones;15-sept-17;77.05;0.00;77.05;7.1.7 - Fallo en la entrega;7.1 - Recepción, ejecución y mantenimiento de operaciones;7 - Ejecución, entrega y gestión de procesos;Personas
Unidad de Operaciones;13-feb-20;644.40;261.75;382.65;4.2.3 - Manipulación del mercado;4.2 - Prácticas empresariales o de mercado improcedentes;4 - Clientes, productos y prácticas empresariales;Personas
Unidad de Administración y Recursos Humanos;16-ene-20;149.73;0.00;149.73;4.5.1 - Litigios sobre resultados de las actividades de asesoramiento;4.5 - Actividades de asesoramiento;4 - Clientes, productos y prácticas empresariales;Personas
Unidad de Calidad y Productividad;15-feb-18;186.39;0.00;186.39;7.6.1 - Subcontratación;7.6 - Distribuidores y proveedores;7 - Ejecución, entrega y gestión de procesos;Personas
Unidad de Administración y Recursos Humanos;5-ene-17;107.85;0.00;107.85;1.2.9 - Incumplimiento / evasión de impuestos (intencional);1.2 - Hurto y fraude;1 - Fraude interno;Personas
Unidad de Tecnología;3-abr-18;526.62;0.00;526.62;4.1.5 - Ventas agresivas;4.1 - Adecuación, divulgación de información y confianza;4 - Clientes, productos y prácticas empresariales;Personas
Unidad de Administración y Recursos Humanos;27-sept-15;100.59;0.00;100.59;7.6.1 - Subcontratación;7.6 - Distribuidores y proveedores;7 - Ejecución, entrega y gestión de procesos;Personas
Unidad de Administración y Recursos Humanos;25-jul-16;197.57;0.00;197.57;2.1.3 - Utilización de cheques sin fondos;2.1 - Hurto y fraude;2 - Fraude externo;Eventos externos
Unidad Legal;25-oct-18;95.03;0.00;95.03;1.2.9 - Incumplimiento / evasión de impuestos (intencional);1.2 - Hurto y fraude;1 - Fraude interno;Personas
Unidad de Auditoría Interna;23-oct-18;645.87;0.00;645.87;4.1.2 - Aspectos de adecuación/divulgación información;4.1 - Adecuación, divulgación de información y confianza;4 - Clientes, productos y prácticas empresariales;Personas
Unidad de Operaciones  -Préstamos;31-ene-17;122.26;0.00;122.26;7.1.8 - Fallo en la gestión del colateral;7.1 - Recepción, ejecución y mantenimiento de operaciones;7 - Ejecución, entrega y gestión de procesos;Personas
Unidad de Administración y Recursos Humanos;22-jun-16;304.40;0.00;304.40;4.2.2 - Prácticas comerciales / de mercado improcedentes;4.2 - Prácticas empresariales o de mercado improcedentes;4 - Clientes, productos y prácticas empresariales;Personas
Unidad de Negocios Costa Rica;2-abr-16;217.35;0.00;217.35;1.2.3 - Valoración errónea de posiciones (intencional);1.1 - Actividades no autorizadas;1 - Fraude interno;Personas
Unidad de Riesgos;22-mar-17;188.74;0.00;188.74;7.3.2 - Documentos jurídicos inexistentes / incompletos;7.3 - Aceptación de  clientes y documentación;7 - Ejecución, entrega y gestión de procesos;Personas
Unidad de Negocios El Salvador;18-nov-15;10.00;0.00;10.00;7.6.1 - Subcontratación;7.6 - Distribuidores y proveedores;7 - Ejecución, entrega y gestión de procesos;Personas
Unidad de Cumplimiento;17-feb-17;874.82;0.00;874.82;4.1.7 - Abuso de información confidencial;4.1 - Adecuación, divulgación de información y confianza;4 - Clientes, productos y prácticas empresariales;Personas
Unidad de Operaciones;3-sept-17;886.26;0.00;886.26;7.6.1 - Subcontratación;7.6 - Distribuidores y proveedores;7 - Ejecución, entrega y gestión de procesos;Personas
Unidad de Cumplimiento;23-feb-17;863.68;0.00;863.68;7.4.2 - Registros incorrectos de clientes (con generación de pérdidas);7.4 - Gestión de cuentas de clientes;7 - Ejecución, entrega y gestión de procesos;Personas
Unidad de Negocios Corporativa;1-oct-16;295.33;0.00;295.33;3.3.1 - Todo tipo de discriminación;3.3 - Diversidad y discriminación;3 - Relaciones laborales y seguridad en el puesto de trabajo;Personas
Unidad de Administración y Recursos Humanos;19-nov-15;180.26;0.00;180.26;3.2.3 - Indemnización a los trabajadores;3.2 - Higiene y seguridad en el trabajo;3 - Relaciones laborales y seguridad en el puesto de trabajo;Personas
Unidad de Auditoría Interna;8-sept-16;161.16;0.00;161.16;7.1.1 - Comunicación defectuosa;7.1 - Recepción, ejecución y mantenimiento de operaciones;7 - Ejecución, entrega y gestión de procesos;Personas
Unidad de Administración y Recursos Humanos;22-ago-15;27.43;0.00;27.43;7.1.7 - Fallo en la entrega;7.1 - Recepción, ejecución y mantenimiento de operaciones;7 - Ejecución, entrega y gestión de procesos;Personas
Unidad de Finanzas y Contabilidad;22-dic-18;63.83;0.00;63.83;4.5.1 - Litigios sobre resultados de las actividades de asesoramiento;4.5 - Actividades de asesoramiento;4 - Clientes, productos y prácticas empresariales;Personas
Unidad de Finanzas y Contabilidad;11-may-19;112.15;0.00;112.15;7.1.7 - Fallo en la entrega;7.1 - Recepción, ejecución y mantenimiento de operaciones;7 - Ejecución, entrega y gestión de procesos;Personas
Unidad de Negocios Corporativa;12-sept-17;159.63;0.00;159.63;7.1.5 - Error contable / atribución a entidades erróneas;7.1 - Recepción, ejecución y mantenimiento de operaciones;7 - Ejecución, entrega y gestión de procesos;Personas
Unidad de Finanzas y Contabilidad;13-jun-15;271.69;0.00;271.69;1.2.4 - Destrucción dolosa de activos;1.2 - Hurto y fraude;1 - Fraude interno;Personas
Unidad de Operaciones;21-jul-17;247.96;0.00;247.96;4.1.7 - Abuso de información confidencial;4.1 - Adecuación, divulgación de información y confianza;4 - Clientes, productos y prácticas empresariales;Personas
Unidad de Proyectos;27-may-19;114.29;0.00;114.29;7.6.1 - Subcontratación;7.6 - Distribuidores y proveedores;7 - Ejecución, entrega y gestión de procesos;Personas
Unidad de Administración y Recursos Humanos;23-nov-16;178.79;0.00;178.79;7.5.2 - Otros litigios con contrapartes distintas de clientes;7.5 - Contrapartes comerciales;7 - Ejecución, entrega y gestión de procesos;Personas
Unidad de Cumplimiento;21-oct-18;74.06;0.00;74.06;2.1.3 - Utilización de cheques sin fondos;2.1 - Hurto y fraude;2 - Fraude externo;Eventos externos
Unidad Legal;31-dic-18;190.26;0.00;190.26;3.3.1 - Todo tipo de discriminación;3.3 - Diversidad y discriminación;3 - Relaciones laborales y seguridad en el puesto de trabajo;Personas
Unidad de Riesgos;19-oct-16;357.01;0.00;357.01;7.1.1 - Comunicación defectuosa;7.1 - Recepción, ejecución y mantenimiento de operaciones;7 - Ejecución, entrega y gestión de procesos;Personas
Unidad de Operaciones;15-may-17;382.65;0.00;382.65;7.1.1 - Comunicación defectuosa;7.1 - Recepción, ejecución y mantenimiento de operaciones;7 - Ejecución, entrega y gestión de procesos;Personas
Unidad de Finanzas y Contabilidad;12-ago-18;49.69;0.00;49.69;7.1.7 - Fallo en la entrega;7.1 - Recepción, ejecución y mantenimiento de operaciones;7 - Ejecución, entrega y gestión de procesos;Personas
Unidad de Cumplimiento;29-oct-16;119.37;0.00;119.37;4.1.7 - Abuso de información confidencial;4.1 - Adecuación, divulgación de información y confianza;4 - Clientes, productos y prácticas empresariales;Personas
Unidad de Negocios El Salvador;19-ago-16;78.85;0.00;78.85;2.1.1 - Hurto/ robo;2.1 - Hurto y fraude;2 - Fraude externo;Eventos externos
Unidad de Finanzas y Contabilidad;2-abr-15;172.80;0.00;172.80;1.1.1 - Operaciones no reveladas (intencionalmente);1.1 - Actividades no autorizadas;1 - Fraude interno;Personas
Unidad de Administración y Recursos Humanos;2-may-18;274.83;0.00;274.83;4.3.2 - Error de los modelos;4.3 - Productos defectuosos;4 - Clientes, productos y prácticas empresariales;Personas
Unidad de Negocios El Salvador;16-sept-17;30.43;0.00;30.43;7.1.6 - Errores en otras tareas;7.1 - Recepción, ejecución y mantenimiento de operaciones;7 - Ejecución, entrega y gestión de procesos;Personas
Unidad de Negocios Guatemala;31-mar-18;4.43;0.00;4.43;7.4.1 - Acceso no autorizado a cuentas;7.4 - Gestión de cuentas de clientes;7 - Ejecución, entrega y gestión de procesos;Personas
Unidad de Operaciones;21-sept-17;23.31;0.00;23.31;3.3.1 - Todo tipo de discriminación;3.3 - Diversidad y discriminación;3 - Relaciones laborales y seguridad en el puesto de trabajo;Personas
Unidad de Riesgos;20-ago-16;327.73;0.00;327.73;7.1.6 - Errores en otras tareas;7.1 - Recepción, ejecución y mantenimiento de operaciones;7 - Ejecución, entrega y gestión de procesos;Personas
Unidad de Proyectos;28-feb-17;156.85;0.00;156.85;2.2.2 - Robo de información (con pérdidas pecuniarias);2.2 - Seguridad de los sistemas;2 - Fraude externo;Eventos externos
Unidad de Tecnología;8-dic-16;215.51;0.00;215.51;7.1.7 - Fallo en la entrega;7.1 - Recepción, ejecución y mantenimiento de operaciones;7 - Ejecución, entrega y gestión de procesos;Personas
Unidad de Negocios Guatemala;22-oct-19;228.68;0.00;228.68;3.1.2 - Organización laboral;3.1 - Relaciones laborales;3 - Relaciones laborales y seguridad en el puesto de trabajo;Personas
Unidad de Operaciones  -Préstamos;14-nov-15;89.64;0.00;89.64;2.2.1 - Daños por ataques informáticos;2.2 - Seguridad de los sistemas;2 - Fraude externo;Eventos externos
Unidad Legal;25-mar-16;-21.57;0.00;-21.57;2.1.1 - Hurto/ robo;2.1 - Hurto y fraude;2 - Fraude externo;Eventos externos
Unidad de Calidad y Productividad;5-dic-19;84.17;0.00;84.17;7.1.6 - Errores en otras tareas;7.1 - Recepción, ejecución y mantenimiento de operaciones;7 - Ejecución, entrega y gestión de procesos;Personas
Unidad de Cumplimiento;5-ago-18;189.33;0.00;189.33;7.1.9 - Mantenimiento de datos de referencia;7.1 - Recepción, ejecución y mantenimiento de operaciones;7 - Ejecución, entrega y gestión de procesos;Personas
Unidad de Cumplimiento;8-abr-17;3.43;0.00;3.43;4.4.2 - Superación de los límites de riesgo frente a clientes;4.4 - Selección, patrocinio y riesgos;4 - Clientes, productos y prácticas empresariales;Personas
Unidad de Negocios Guatemala;25-jul-18;101.23;0.00;101.23;7.2.2 - Inexactitud de informes externos (con generación de pérdidas);7.2 - Seguimiento y presentación de informes;7 - Ejecución, entrega y gestión de procesos;Personas
Unidad de Negocios Costa Rica;17-oct-18;106.18;0.00;106.18;4.3.2 - Error de los modelos;4.3 - Productos defectuosos;4 - Clientes, productos y prácticas empresariales;Personas
Unidad de Cumplimiento;3-jul-18;790.82;0.00;790.82;4.2.5 - Blanqueo de dinero;4.2 - Prácticas empresariales o de mercado improcedentes;4 - Clientes, productos y prácticas empresariales;Personas
Unidad de Negocios Panamá;24-mar-15;1202.89;0.00;1202.89;4.4.1 - Ausencia de investigación a clientes conforme a las directrices;4.4 - Selección, patrocinio y riesgos;4 - Clientes, productos y prácticas empresariales;Personas
Unidad de Administración y Recursos Humanos;24-sept-18;2159.06;0.00;2159.06;7.1.4 - Ejecución errónea de modelos / sistemas;7.1 - Recepción, ejecución y mantenimiento de operaciones;7 - Ejecución, entrega y gestión de procesos;Personas
Unidad de Auditoría Interna;26-oct-16;1353.19;0.00;1353.19;7.5.2 - Otros litigios con contrapartes distintas de clientes;7.5 - Contrapartes comerciales;7 - Ejecución, entrega y gestión de procesos;Personas
Unidad de Administración y Recursos Humanos;12-nov-18;264.31;0.00;264.31;6.1.3 - Telecomunicaciones;6.1 - Sistemas;6 - Incidencias en el negocio y fallos en los sistemas;Sistemas
Unidad de Calidad y Productividad;18-jul-15;445.23;0.00;445.23;1.2.5 - Falsificación;1.2 - Hurto y fraude;1 - Fraude interno;Personas
Unidad de Negocios Corporativa;19-oct-19;44.21;0.00;44.21;6.1.1 - Hardware;6.1 - Sistemas;6 - Incidencias en el negocio y fallos en los sistemas;Sistemas
Unidad de Negocios Costa Rica;13-mar-18;48.11;0.00;48.11;2.1.3 - Utilización de cheques sin fondos;2.1 - Hurto y fraude;2 - Fraude externo;Eventos externos
Unidad de Administración y Recursos Humanos;2-dic-15;21.93;0.00;21.93;7.6.2 - Litigios con distribuidores;7.6 - Distribuidores y proveedores;7 - Ejecución, entrega y gestión de procesos;Personas
Unidad de Administración y Recursos Humanos;16-sept-18;307.74;0.00;307.74;7.1.5 - Error contable / atribución a entidades erróneas;7.1 - Recepción, ejecución y mantenimiento de operaciones;7 - Ejecución, entrega y gestión de procesos;Personas
Unidad de Finanzas y Contabilidad;10-may-16;971.64;0.00;971.64;4.5.1 - Litigios sobre resultados de las actividades de asesoramiento;4.5 - Actividades de asesoramiento;4 - Clientes, productos y prácticas empresariales;Personas
Unidad de Finanzas y Contabilidad;10-jun-15;746.21;0.00;746.21;7.4.1 - Acceso no autorizado a cuentas;7.4 - Gestión de cuentas de clientes;7 - Ejecución, entrega y gestión de procesos;Personas
Unidad de Negocios Panamá;4-ene-20;158.23;0.00;158.23;1.2.1 - Fraude / fraude crediticio/ depósitos sin valor;1.2 - Hurto y fraude;1 - Fraude interno;Personas
Unidad de Tecnología;6-ago-15;186.39;0.00;186.39;2.1.1 - Hurto/ robo;2.1 - Hurto y fraude;2 - Fraude externo;Eventos externos
Unidad de Administración y Recursos Humanos;9-nov-16;76.68;0.00;76.68;7.1.6 - Errores en otras tareas;7.1 - Recepción, ejecución y mantenimiento de operaciones;7 - Ejecución, entrega y gestión de procesos;Personas
Unidad de Auditoría Interna;19-feb-18;134.97;0.00;134.97;7.2.2 - Inexactitud de informes externos (con generación de pérdidas);7.2 - Seguimiento y presentación de informes;7 - Ejecución, entrega y gestión de procesos;Personas
Unidad de Negocios Nicaragua;23-jun-17;1002.59;0.00;1002.59;4.2.1 - Prácticas restrictivas de la competencia;4.2 - Prácticas empresariales o de mercado improcedentes;4 - Clientes, productos y prácticas empresariales;Personas
Unidad de Negocios Costa Rica;26-may-19;151.25;0.00;151.25;2.1.2 - Falsificación;2.1 - Hurto y fraude;2 - Fraude externo;Eventos externos
Unidad de Calidad y Productividad;25-abr-19;390.14;0.00;390.14;1.1.1 - Operaciones no reveladas (intencionalmente);1.1 - Actividades no autorizadas;1 - Fraude interno;Personas
Unidad de Auditoría Interna;4-feb-18;145.74;0.00;145.74;4.1.2 - Aspectos de adecuación/divulgación información;4.1 - Adecuación, divulgación de información y confianza;4 - Clientes, productos y prácticas empresariales;Personas
Unidad de Riesgos;8-feb-16;110.48;0.00;110.48;3.1.1 - Cuestiones relativas a remuneración, prestaciones sociales, extinción de contratos;3.1 - Relaciones laborales;3 - Relaciones laborales y seguridad en el puesto de trabajo;Personas
Unidad de Negocios El Salvador;4-dic-16;64.49;0.00;64.49;3.2.3 - Indemnización a los trabajadores;3.2 - Higiene y seguridad en el trabajo;3 - Relaciones laborales y seguridad en el puesto de trabajo;Personas
Unidad de Negocios El Salvador;16-mar-19;979.62;0.00;979.62;7.5.1 - Fallos de contrapartes distintas de clientes;7.5 - Contrapartes comerciales;7 - Ejecución, entrega y gestión de procesos;Personas
Unidad de Negocios El Salvador;22-ago-18;141.64;0.00;141.64;7.1.5 - Error contable / atribución a entidades erróneas;7.1 - Recepción, ejecución y mantenimiento de operaciones;7 - Ejecución, entrega y gestión de procesos;Personas
Unidad de Administración y Recursos Humanos;12-jul-16;278.00;0.00;278.00;7.6.2 - Litigios con distribuidores;7.6 - Distribuidores y proveedores;7 - Ejecución, entrega y gestión de procesos;Personas
Unidad de Calidad y Productividad;2-mar-17;650.00;0.00;650.00;6.1.4 - Interrupción / incidencias en el suministro;6.1 - Sistemas;6 - Incidencias en el negocio y fallos en los sistemas;Sistemas
Unidad de Negocios Guatemala;25-jul-18;479.62;0.00;479.62;4.1.5 - Ventas agresivas;4.1 - Adecuación, divulgación de información y confianza;4 - Clientes, productos y prácticas empresariales;Personas
Unidad de Negocios Panamá;24-sept-18;323.40;0.00;323.40;3.2.3 - Indemnización a los trabajadores;3.2 - Higiene y seguridad en el trabajo;3 - Relaciones laborales y seguridad en el puesto de trabajo;Personas
Unidad Legal;29-dic-19;125.76;0.00;125.76;1.1.1 - Operaciones no reveladas (intencionalmente);1.1 - Actividades no autorizadas;1 - Fraude interno;Personas
Unidad de Negocios Costa Rica;20-oct-16;240.46;0.00;240.46;7.5.2 - Otros litigios con contrapartes distintas de clientes;7.5 - Contrapartes comerciales;7 - Ejecución, entrega y gestión de procesos;Personas
Unidad de Administración y Recursos Humanos;7-dic-16;240.00;0.00;240.00;6.1.2 - Software;6.1 - Sistemas;6 - Incidencias en el negocio y fallos en los sistemas;Sistemas
Unidad de Operaciones;10-jul-16;20.01;0.00;20.01;7.1.5 - Error contable / atribución a entidades erróneas;7.1 - Recepción, ejecución y mantenimiento de operaciones;7 - Ejecución, entrega y gestión de procesos;Personas
Unidad de Operaciones;10-sept-19;195.04;0.00;195.04;4.1.2 - Aspectos de adecuación/divulgación información;4.1 - Adecuación, divulgación de información y confianza;4 - Clientes, productos y prácticas empresariales;Personas
Unidad de Proyectos;20-dic-16;231.39;0.00;231.39;7.6.1 - Subcontratación;7.6 - Distribuidores y proveedores;7 - Ejecución, entrega y gestión de procesos;Personas
Unidad de Finanzas y Contabilidad;30-nov-17;448.44;0.00;448.44;1.2.7 - Contrabando;1.2 - Hurto y fraude;1 - Fraude interno;Personas
Unidad de Administración y Recursos Humanos;4-dic-16;431.45;0.00;431.45;7.6.2 - Litigios con distribuidores;7.6 - Distribuidores y proveedores;7 - Ejecución, entrega y gestión de procesos;Personas
Unidad de Finanzas y Contabilidad;2-oct-19;200.72;0.00;200.72;4.5.1 - Litigios sobre resultados de las actividades de asesoramiento;4.5 - Actividades de asesoramiento;4 - Clientes, productos y prácticas empresariales;Personas
Unidad de Tecnología;10-oct-18;1054.09;0.00;1054.09;7.4.1 - Acceso no autorizado a cuentas;7.4 - Gestión de cuentas de clientes;7 - Ejecución, entrega y gestión de procesos;Personas
Unidad de Finanzas y Contabilidad;7-may-19;563.13;0.00;563.13;4.1.4 - Quebrantamiento de privacidad;4.1 - Adecuación, divulgación de información y confianza;4 - Clientes, productos y prácticas empresariales;Personas
Unidad de Auditoría Interna;1-ene-19;3461.43;0.00;3461.43;4.2.1 - Prácticas restrictivas de la competencia;4.2 - Prácticas empresariales o de mercado improcedentes;4 - Clientes, productos y prácticas empresariales;Personas
Unidad de Negocios Nicaragua;16-jun-15;46.13;0.00;46.13;6.1.1 - Hardware;6.1 - Sistemas;6 - Incidencias en el negocio y fallos en los sistemas;Sistemas
Unidad de Riesgos;4-jul-17;485.03;0.00;485.03;1.2.8 - Apropiación de cuentas, de identidad, etc.;1.2 - Hurto y fraude;1 - Fraude interno;Personas
Unidad de Negocios Nicaragua;23-ago-19;411.29;0.00;411.29;1.2.1 - Fraude / fraude crediticio/ depósitos sin valor;1.2 - Hurto y fraude;1 - Fraude interno;Personas
Unidad de Operaciones  -Préstamos;11-ene-17;373.31;0.00;373.31;3.2.2 - Casos relacionados con normas higiene y seguridad de trabajo;3.2 - Higiene y seguridad en el trabajo;3 - Relaciones laborales y seguridad en el puesto de trabajo;Personas
Unidad de Negocios Guatemala;15-mar-17;937.06;0.00;937.06;7.2.2 - Inexactitud de informes externos (con generación de pérdidas);7.2 - Seguimiento y presentación de informes;7 - Ejecución, entrega y gestión de procesos;Personas
Unidad de Administración y Recursos Humanos;13-jun-18;88.34;0.00;88.34;7.1.5 - Error contable / atribución a entidades erróneas;7.1 - Recepción, ejecución y mantenimiento de operaciones;7 - Ejecución, entrega y gestión de procesos;Personas
Unidad de Tecnología;7-feb-19;705.22;0.00;705.22;5.1.1 - Pérdidas por desastres naturales;5.1 - Desastres y otros acontecimientos;5 - Daños a activos materiales;Personas
Unidad de Negocios El Salvador;16-nov-19;290.86;0.00;290.86;1.2.3 - Valoración errónea de posiciones (intencional);1.1 - Actividades no autorizadas;1 - Fraude interno;Personas
Unidad de Proyectos;7-ago-16;750.88;0.00;750.88;4.2.5 - Blanqueo de dinero;4.2 - Prácticas empresariales o de mercado improcedentes;4 - Clientes, productos y prácticas empresariales;Personas
Unidad de Operaciones;20-nov-18;1070.26;0.00;1070.26;3.1.2 - Organización laboral;3.1 - Relaciones laborales;3 - Relaciones laborales y seguridad en el puesto de trabajo;Personas
Unidad de Proyectos;15-oct-15;407.45;0.00;407.45;7.4.3 - Pérdida o daño de activos de clientes por negligencia;7.4 - Gestión de cuentas de clientes;7 - Ejecución, entrega y gestión de procesos;Personas
Unidad de Calidad y Productividad;14-feb-16;509.94;0.00;509.94;7.6.2 - Litigios con distribuidores;7.6 - Distribuidores y proveedores;7 - Ejecución, entrega y gestión de procesos;Personas
Unidad de Tecnología;26-oct-16;321.59;0.00;321.59;1.2.8 - Apropiación de cuentas, de identidad, etc.;1.2 - Hurto y fraude;1 - Fraude interno;Personas
Unidad de Operaciones  -Préstamos;10-jul-19;367.82;0.00;367.82;1.2.1 - Fraude / fraude crediticio/ depósitos sin valor;1.2 - Hurto y fraude;1 - Fraude interno;Personas
Unidad de Negocios Nicaragua;7-feb-18;566.99;0.00;566.99;3.2.1 - Responsabilidad en general (resbalones, etc.);3.2 - Higiene y seguridad en el trabajo;3 - Relaciones laborales y seguridad en el puesto de trabajo;Personas
Unidad de Finanzas y Contabilidad;3-jun-17;184.89;0.00;184.89;2.1.2 - Falsificación;2.1 - Hurto y fraude;2 - Fraude externo;Eventos externos
Unidad de Negocios El Salvador;29-jul-17;80.01;0.00;80.01;4.2.2 - Prácticas comerciales / de mercado improcedentes;4.2 - Prácticas empresariales o de mercado improcedentes;4 - Clientes, productos y prácticas empresariales;Personas
Unidad de Finanzas y Contabilidad;30-dic-18;288.65;0.00;288.65;3.2.1 - Responsabilidad en general (resbalones, etc.);3.2 - Higiene y seguridad en el trabajo;3 - Relaciones laborales y seguridad en el puesto de trabajo;Personas